state,city
Alabama,Abbeville
Alabama,Adamsville
Alabama,Addison
Alabama,Adger
Alabama,Akron
Alabama,Alabaster
Alabama,Albertville
Alabama,Alexander City
Alabama,Alexandria
Alabama,Aliceville
Alabama,Alpine
Alabama,Altoona
Alabama,Andalusia
Alabama,Anderson
Alabama,Anniston
Alabama,Arab
Alabama,Ardmore
Alabama,Argo
Alabama,Ariton
Alabama,Arley
Alabama,Ashford
Alabama,Ashland
Alabama,Ashville
Alabama,Athens
Alabama,Atmore
Alabama,Attalla
Alabama,Auburn
Alabama,Autaugaville
Alabama,Axis
Alabama,Baileyton
Alabama,Banks
Alabama,Bay Minette
Alabama,Bayou La Batre
Alabama,Bear Creek
Alabama,Berry
Alabama,Bessemer
Alabama,Billingsley
Alabama,Birmingham
Alabama,Blountsville
Alabama,Boaz
Alabama,Boligee
Alabama,Bon Air
Alabama,Bon Secour
Alabama,Brantley
Alabama,Bremen
Alabama,Brent
Alabama,Brewton
Alabama,Bridgeport
Alabama,Brierfield
Alabama,Brighton
Alabama,Brilliant
Alabama,Brookside
Alabama,Brookwood
Alabama,Brownsboro
Alabama,Brundidge
Alabama,Bryant
Alabama,Buhl
Alabama,Butler
Alabama,Calera
Alabama,Camden
Alabama,Carbon Hill
Alabama,Carrollton
Alabama,Castleberry
Alabama,Cedar Bluff
Alabama,Center Point
Alabama,Centre
Alabama,Centreville
Alabama,Chancellor
Alabama,Chatom
Alabama,Chelsea
Alabama,Cherokee
Alabama,Chickasaw
Alabama,Childersburg
Alabama,Chunchula
Alabama,Citronelle
Alabama,Clanton
Alabama,Clay
Alabama,Clayton
Alabama,Cleveland
Alabama,Clio
Alabama,Coden
Alabama,Coffee Springs
Alabama,Coffeeville
Alabama,Coker
Alabama,Collinsville
Alabama,Columbia
Alabama,Columbiana
Alabama,Concord
Alabama,Coosada
Alabama,Cordova
Alabama,Cottondale
Alabama,Cottonwood
Alabama,Courtland
Alabama,Cowarts
Alabama,Coy
Alabama,Crane Hill
Alabama,Creola
Alabama,Cropwell
Alabama,Crossville
Alabama,Cullman
Alabama,Cusseta
Alabama,Dadeville
Alabama,Daleville
Alabama,Danville
Alabama,Daphne
Alabama,Dauphin Island
Alabama,Daviston
Alabama,Dawson
Alabama,Deatsville
Alabama,Decatur
Alabama,Delta
Alabama,Demopolis
Alabama,Detroit
Alabama,Dickinson
Alabama,Dolomite
Alabama,Dora
Alabama,Dothan
Alabama,Double Springs
Alabama,Dozier
Alabama,Duncanville
Alabama,East Brewton
Alabama,Eastaboga
Alabama,Eclectic
Alabama,Eight Mile
Alabama,Elba
Alabama,Elberta
Alabama,Eldridge
Alabama,Elkmont
Alabama,Elmore
Alabama,Elrod
Alabama,Empire
Alabama,Enterprise
Alabama,Epes
Alabama,Equality
Alabama,Estillfork
Alabama,Eufaula
Alabama,Eutaw
Alabama,Eva
Alabama,Evergreen
Alabama,Fairfield
Alabama,Fairhope
Alabama,Falkville
Alabama,Fayette
Alabama,Fitzpatrick
Alabama,Five Points
Alabama,Flat Rock
Alabama,Flomaton
Alabama,Florala
Alabama,Florence
Alabama,Foley
Alabama,Forkland
Alabama,Fort Deposit
Alabama,Fort Mitchell
Alabama,Fort Payne
Alabama,Fosters
Alabama,Franklin
Alabama,Fruithurst
Alabama,Fultondale
Alabama,Fyffe
Alabama,Gadsden
Alabama,Gainestown
Alabama,Gainesville
Alabama,Gallant
Alabama,Gallion
Alabama,Gardendale
Alabama,Gaylesville
Alabama,Geneva
Alabama,Geraldine
Alabama,Gilbertown
Alabama,Glencoe
Alabama,Glenwood
Alabama,Goodwater
Alabama,Gordo
Alabama,Gordon
Alabama,Goshen
Alabama,Grady
Alabama,Grand Bay
Alabama,Grant
Alabama,Graysville
Alabama,Greensboro
Alabama,Greenville
Alabama,Groveoak
Alabama,Guin
Alabama,Gulf Shores
Alabama,Guntersville
Alabama,Gurley
Alabama,Hackleburg
Alabama,Haleyville
Alabama,Hamilton
Alabama,Hanceville
Alabama,Harpersville
Alabama,Hartford
Alabama,Hartselle
Alabama,Harvest
Alabama,Hayden
Alabama,Hayneville
Alabama,Hazel Green
Alabama,Headland
Alabama,Heflin
Alabama,Helena
Alabama,Henagar
Alabama,Henderson
Alabama,Higdon
Alabama,Hillsboro
Alabama,Hodges
Alabama,Hokes Bluff
Alabama,Holly Pond
Alabama,Hollywood
Alabama,Homewood
Alabama,Hoover
Alabama,Hope Hull
Alabama,Horton
Alabama,Houston
Alabama,Hueytown
Alabama,Huntsville
Alabama,Hurtsboro
Alabama,Ider
Alabama,Irondale
Alabama,Irvington
Alabama,Jack
Alabama,Jackson
Alabama,Jacksons Gap
Alabama,Jacksonville
Alabama,Jasper
Alabama,Jemison
Alabama,Joppa
Alabama,Kellyton
Alabama,Killen
Alabama,Kimberly
Alabama,Kinston
Alabama,Laceys Spring
Alabama,Lafayette
Alabama,Lakeview
Alabama,Lanett
Alabama,Langston
Alabama,Leeds
Alabama,Leesburg
Alabama,Leighton
Alabama,Letohatchee
Alabama,Lexington
Alabama,Lillian
Alabama,Lincoln
Alabama,Linden
Alabama,Lineville
Alabama,Lipscomb
Alabama,Lisman
Alabama,Littleville
Alabama,Locust Fork
Alabama,Logan
Alabama,Louisville
Alabama,Lowndesboro
Alabama,Loxley
Alabama,Luverne
Alabama,Madison
Alabama,Maplesville
Alabama,Marbury
Alabama,Margaret
Alabama,Marion
Alabama,Maylene
Alabama,McCalla
Alabama,McIntosh
Alabama,McKenzie
Alabama,Mentone
Alabama,Meridianville
Alabama,Midfield
Alabama,Midland City
Alabama,Millbrook
Alabama,Millers Ferry
Alabama,Millport
Alabama,Millry
Alabama,Mobile
Alabama,Monroeville
Alabama,Montevallo
Alabama,Montgomery
Alabama,Moody
Alabama,Morris
Alabama,Moulton
Alabama,Moundville
Alabama,Mount Hope
Alabama,Mount Olive
Alabama,Mount Vernon
Alabama,Mountain Brook
Alabama,Mulga
Alabama,Munford
Alabama,Muscadine
Alabama,Muscle Shoals
Alabama,Nauvoo
Alabama,New Brockton
Alabama,New Hope
Alabama,New Market
Alabama,Newell
Alabama,Newton
Alabama,Newville
Alabama,Northport
Alabama,Notasulga
Alabama,Oak Grove
Alabama,Oakman
Alabama,Odenville
Alabama,Ohatchee
Alabama,Oneonta
Alabama,Opelika
Alabama,Opp
Alabama,Orange Beach
Alabama,Orrville
Alabama,Owens Cross Roads
Alabama,Oxford
Alabama,Ozark
Alabama,Parrish
Alabama,Pelham
Alabama,Pell City
Alabama,Pennington
Alabama,Perdido
Alabama,Phenix City
Alabama,Phil Campbell
Alabama,Pickensville
Alabama,Piedmont
Alabama,Pike Road
Alabama,Pine Hill
Alabama,Pinson
Alabama,Pisgah
Alabama,Pittsview
Alabama,Plantersville
Alabama,Pleasant Grove
Alabama,Prattville
Alabama,Priceville
Alabama,Prichard
Alabama,Quinton
Alabama,Ragland
Alabama,Rainbow City
Alabama,Rainsville
Alabama,Ralph
Alabama,Ramer
Alabama,Ranburne
Alabama,Randolph
Alabama,Red Bay
Alabama,Red Level
Alabama,Reform
Alabama,Rehobeth
Alabama,Remlap
Alabama,Repton
Alabama,Riverside
Alabama,Roanoke
Alabama,Robertsdale
Alabama,Rockford
Alabama,Rogersville
Alabama,Russellville
Alabama,Salem
Alabama,Samson
Alabama,Sand Rock
Alabama,Saraland
Alabama,Satsuma
Alabama,Sawyerville
Alabama,Scottsboro
Alabama,Seale
Alabama,Section
Alabama,Selma
Alabama,Seminole
Alabama,Semmes
Alabama,Sheffield
Alabama,Shelby
Alabama,Shorter
Alabama,Silverhill
Alabama,Skipperville
Alabama,Slocomb
Alabama,Smiths Station
Alabama,Somerville
Alabama,Southside
Alabama,Spanish Fort
Alabama,Springville
Alabama,Spruce Pine
Alabama,Stanton
Alabama,Stapleton
Alabama,Steele
Alabama,Sterrett
Alabama,Stevenson
Alabama,Sulligent
Alabama,Sumiton
Alabama,Summerdale
Alabama,Sweet Water
Alabama,Sycamore
Alabama,Sylacauga
Alabama,Sylvan Springs
Alabama,Sylvania
Alabama,Talladega
Alabama,Tallassee
Alabama,Tarrant
Alabama,Theodore
Alabama,Thomaston
Alabama,Thomasville
Alabama,Thorsby
Alabama,Titus
Alabama,Toney
Alabama,Town Creek
Alabama,Townley
Alabama,Trafford
Alabama,Trinity
Alabama,Troy
Alabama,Trussville
Alabama,Tuscaloosa
Alabama,Tuscumbia
Alabama,Tuskegee
Alabama,Tyler
Alabama,Union Grove
Alabama,Union Springs
Alabama,Valley
Alabama,Valley Grande
Alabama,Valley Head
Alabama,Vance
Alabama,Vandiver
Alabama,Verbena
Alabama,Vernon
Alabama,Vestavia Hills
Alabama,Vina
Alabama,Vincent
Alabama,Vinemont
Alabama,Wadley
Alabama,Warrior
Alabama,Warsaw
Alabama,Waterloo
Alabama,Waverly
Alabama,Weaver
Alabama,Wedowee
Alabama,Wellington
Alabama,Weogufka
Alabama,West Blocton
Alabama,West Jefferson
Alabama,Westover
Alabama,Wetumpka
Alabama,Whatley
Alabama,Whistler
Alabama,Wilmer
Alabama,Wilsonville
Alabama,Winfield
Alabama,Woodland
Alabama,Woodstock
Alabama,Woodville
Alaska,Anchor Point
Alaska,Anchorage
Alaska,Atqasuk
Alaska,Bethel
Alaska,Chugiak
Alaska,Clam Gulch
Alaska,Coffman Cove
Alaska,Cooper Landing
Alaska,Copper Center
Alaska,Cordova
Alaska,Craig
Alaska,Delta Junction
Alaska,Dillingham
Alaska,Douglas
Alaska,Eagle
Alaska,Eagle River
Alaska,Edna Bay
Alaska,Fairbanks
Alaska,Glennallen
Alaska,Gustavus
Alaska,Haines
Alaska,Healy
Alaska,Homer
Alaska,Hyder
Alaska,Juneau
Alaska,Kake
Alaska,Kasilof
Alaska,Kenai
Alaska,Ketchikan
Alaska,Klawock
Alaska,Kodiak
Alaska,McGrath
Alaska,Meyers Chuck
Alaska,Moose Pass
Alaska,Nenana
Alaska,Nikiski North Kenai
Alaska,Ninilchik
Alaska,North Pole
Alaska,Palmer
Alaska,Pelican
Alaska,Petersburg
Alaska,Point Protection
Alaska,Port Alsworth
Alaska,Port Lions
Alaska,Port Protection
Alaska,Remote
Alaska,Sand Point
Alaska,Seldovia
Alaska,Seward
Alaska,Sitka
Alaska,Slana
Alaska,Soldotna
Alaska,Sterling
Alaska,Sutton
Alaska,Talkeetna
Alaska,Tenakee Springs
Alaska,Thorne Bay
Alaska,Tok
Alaska,Trapper Creek
Alaska,Wasilla
Alaska,Wrangell
Arizona,Aguila
Arizona,Ajo
Arizona,Alpine
Arizona,Amado
Arizona,Anthem
Arizona,Apache Junction
Arizona,Arivaca
Arizona,Arizona City
Arizona,Arlington
Arizona,Ash Fork
Arizona,Avondale
Arizona,Bellemont
Arizona,Benson
Arizona,Bisbee
Arizona,Black Canyon City
Arizona,Bouse
Arizona,Bowie
Arizona,Brenda
Arizona,Buckeye
Arizona,Bullhead
Arizona,Bullhead City
Arizona,Camp Verde
Arizona,Carefree
Arizona,Casa Grande
Arizona,Catalina
Arizona,Cave Creek
Arizona,Chandler
Arizona,Chino Valley
Arizona,Clarkdale
Arizona,Claypool
Arizona,Clifton
Arizona,Cochise
Arizona,Colorado City
Arizona,Concho
Arizona,Congress
Arizona,Coolidge
Arizona,Cordes Lakes
Arizona,Cornville
Arizona,Corona de Tucson
Arizona,Cottonwood
Arizona,Crown King
Arizona,Dewey
Arizona,Dewey Humboldt
Arizona,Dolan Springs
Arizona,Douglas
Arizona,Dragoon
Arizona,Dudleyville
Arizona,Duncan
Arizona,Eagar
Arizona,Ehrenberg
Arizona,El Mirage
Arizona,Elfrida
Arizona,Elgin
Arizona,Eloy
Arizona,Flagstaff
Arizona,Florence
Arizona,Forest Lakes
Arizona,Fort McDowell
Arizona,Fort Mohave
Arizona,Fort Thomas
Arizona,Fountain Hills
Arizona,Fredonia
Arizona,Gila Bend
Arizona,Gilbert
Arizona,Glendale
Arizona,Globe
Arizona,Gold Canyon
Arizona,Golden Valley
Arizona,Goodyear
Arizona,Green Valley
Arizona,Greenehaven
Arizona,Greer
Arizona,Guadalupe
Arizona,Happy Jack
Arizona,Hayden
Arizona,Heber
Arizona,Hereford
Arizona,Holbrook
Arizona,Huachuca City
Arizona,Humboldt
Arizona,Jerome
Arizona,Joseph City
Arizona,Kearny
Arizona,Kingman
Arizona,Kirkland
Arizona,Kohls Ranch
Arizona,Lake Havasu
Arizona,Lake Havasu City
Arizona,Lakeside
Arizona,Laveen
Arizona,Litchfield Park
Arizona,Littlefield
Arizona,Mammoth
Arizona,Marana
Arizona,Maricopa
Arizona,Mayer
Arizona,McNeal
Arizona,Meadview
Arizona,Mesa
Arizona,Miami
Arizona,Mohave Valley
Arizona,Mormon Lake
Arizona,Morristown
Arizona,Mount Lemmon
Arizona,Munds Park
Arizona,Naco
Arizona,New River
Arizona,Nogales
Arizona,Nutrioso
Arizona,Oracle
Arizona,Oro Valley
Arizona,Overgaard
Arizona,Page
Arizona,Palo Verde
Arizona,Paradise Valley
Arizona,Parker
Arizona,Parks
Arizona,Patagonia
Arizona,Paulden
Arizona,Payson
Arizona,Pearce
Arizona,Peeples Valley
Arizona,Peoria
Arizona,Phoenix
Arizona,Picacho
Arizona,Pima
Arizona,Pine
Arizona,Pinedale
Arizona,Pinetop
Arizona,Pinetop Lakeside
Arizona,Pirtleville
Arizona,Portal
Arizona,Prescott
Arizona,Prescott Valley
Arizona,Quartzsite
Arizona,Queen Creek
Arizona,Queen Valley
Arizona,Red Rock
Arizona,Rimrock
Arizona,Rio Rico
Arizona,Rio Verde
Arizona,Roll
Arizona,Roosevelt
Arizona,Saddlebrooke
Arizona,Safford
Arizona,Sahuarita
Arizona,Saint David
Arizona,Saint Johns
Arizona,Salome
Arizona,San Luis
Arizona,San Manuel
Arizona,San Simon
Arizona,San Tan Valley
Arizona,Scottsdale
Arizona,Sedona
Arizona,Seligman
Arizona,Show Low
Arizona,Sierra Vista
Arizona,Skull Valley
Arizona,Snowflake
Arizona,Solomon
Arizona,Somerton
Arizona,Sonoita
Arizona,Spring Valley
Arizona,Springerville
Arizona,Stanfield
Arizona,Star Valley
Arizona,Strawberry
Arizona,Sun City
Arizona,Sun City West
Arizona,Sun Lakes
Arizona,Superior
Arizona,Surprise
Arizona,Tacna
Arizona,Taylor
Arizona,Tempe
Arizona,Thatcher
Arizona,Tolleson
Arizona,Toltec
Arizona,Tombstone
Arizona,Tonopah
Arizona,Tonto Basin
Arizona,Topock Golden Shores
Arizona,Tubac
Arizona,Tucson
Arizona,Tumacacori
Arizona,Vail
Arizona,Valentine
Arizona,Vernon
Arizona,Waddell
Arizona,Wagoner
Arizona,Wellton
Arizona,Wenden
Arizona,White Hills
Arizona,Why
Arizona,Wickenburg
Arizona,Wilhoit
Arizona,Willcox
Arizona,Williams
Arizona,Winkelman
Arizona,Winslow
Arizona,Wittmann
Arizona,Yarnell
Arizona,Young
Arizona,Youngtown
Arizona,Yucca
Arizona,Yuma
Arkansas,Alexander
Arkansas,Alicia
Arkansas,Alma
Arkansas,Almyra
Arkansas,Alpena
Arkansas,Altheimer
Arkansas,Altus
Arkansas,Amity
Arkansas,Arkadelphia
Arkansas,Arkansas City
Arkansas,Ash Flat
Arkansas,Ashdown
Arkansas,Atkins
Arkansas,Augusta
Arkansas,Austin
Arkansas,Bald Knob
Arkansas,Barling
Arkansas,Bates
Arkansas,Batesville
Arkansas,Bauxite
Arkansas,Bay
Arkansas,Bearden
Arkansas,Bee Branch
Arkansas,Beebe
Arkansas,Beech Grove
Arkansas,Bella Vista
Arkansas,Belleville
Arkansas,Benton
Arkansas,Bentonville
Arkansas,Berryville
Arkansas,Bethel Heights
Arkansas,Big Flat
Arkansas,Bigelow
Arkansas,Bismarck
Arkansas,Black Rock
Arkansas,Blytheville
Arkansas,Boles
Arkansas,Bonanza
Arkansas,Bonnerdale
Arkansas,Bono
Arkansas,Booneville
Arkansas,Boxley
Arkansas,Bradford
Arkansas,Branch
Arkansas,Briarcliff
Arkansas,Brinkley
Arkansas,Brookland
Arkansas,Bryant
Arkansas,Bull Shoals
Arkansas,Burdette
Arkansas,Cabot
Arkansas,Caddo Gap
Arkansas,Caddo Valley
Arkansas,Calico Rock
Arkansas,Calion
Arkansas,Camden
Arkansas,Canehill
Arkansas,Cardwell
Arkansas,Carlisle
Arkansas,Casa
Arkansas,Cash
Arkansas,Cave City
Arkansas,Cave Springs
Arkansas,Cedarville
Arkansas,Center Ridge
Arkansas,Centerton
Arkansas,Central City
Arkansas,Charleston
Arkansas,Cherokee Village
Arkansas,Cherry Valley
Arkansas,Chidester
Arkansas,Clarendon
Arkansas,Clarksville
Arkansas,Clinton
Arkansas,Coal Hill
Arkansas,Colt
Arkansas,Combs
Arkansas,Concord
Arkansas,Conway
Arkansas,Corning
Arkansas,Cotter
Arkansas,Cove
Arkansas,Crossett
Arkansas,Damascus
Arkansas,Danville
Arkansas,Dardanelle
Arkansas,De Queen
Arkansas,De Valls Bluff
Arkansas,Decatur
Arkansas,Deer
Arkansas,Delaplaine
Arkansas,Delaware
Arkansas,Delight
Arkansas,Dennard
Arkansas,Dermott
Arkansas,Des Arc
Arkansas,Devalls Bluff Stuttgart
Arkansas,Diamond City
Arkansas,Dierks
Arkansas,Doddridge
Arkansas,Donaldson
Arkansas,Dover
Arkansas,Drasco
Arkansas,Dumas
Arkansas,Dyer
Arkansas,Earle
Arkansas,Edgemont
Arkansas,El Dorado
Arkansas,El Paso
Arkansas,Elizabeth
Arkansas,Elkins
Arkansas,Emerson
Arkansas,Emmet
Arkansas,England
Arkansas,Enola
Arkansas,Etowah
Arkansas,Eureka Springs
Arkansas,Evansville
Arkansas,Evening Shade
Arkansas,Everton
Arkansas,Fairfield Bay
Arkansas,Farmington
Arkansas,Fayetteville
Arkansas,Fifty Six
Arkansas,Flippin
Arkansas,Floral
Arkansas,Fordyce
Arkansas,Foreman
Arkansas,Forrest City
Arkansas,Fort Smith
Arkansas,Fouke
Arkansas,Fountain Lake
Arkansas,Fox
Arkansas,Franklin
Arkansas,Friendship
Arkansas,Gamaliel
Arkansas,Garfield
Arkansas,Gassville
Arkansas,Gateway
Arkansas,Gentry
Arkansas,Gepp
Arkansas,Gilbert
Arkansas,Glenwood
Arkansas,Goshen
Arkansas,Gosnell
Arkansas,Gould
Arkansas,Grapevine
Arkansas,Gravette
Arkansas,Green Forest
Arkansas,Greenbrier
Arkansas,Greenwood
Arkansas,Greers Ferry
Arkansas,Guion
Arkansas,Gurdon
Arkansas,Guy
Arkansas,Hackett
Arkansas,Hagarville
Arkansas,Hamburg
Arkansas,Hampton
Arkansas,Hardy
Arkansas,Harriet
Arkansas,Harrisburg
Arkansas,Harrison
Arkansas,Hartford
Arkansas,Hartman
Arkansas,Haskell
Arkansas,Hasty
Arkansas,Hatfield
Arkansas,Hattieville
Arkansas,Havana
Arkansas,Hazen
Arkansas,Heber Springs
Arkansas,Hector
Arkansas,Helena
Arkansas,Henderson
Arkansas,Hensley
Arkansas,Hermitage
Arkansas,Heth
Arkansas,Higden
Arkansas,Highland
Arkansas,Hindsville
Arkansas,Holiday Island
Arkansas,Holly Grove
Arkansas,Hope
Arkansas,Horatio
Arkansas,Horseshoe Bend
Arkansas,Horseshoe Lake
Arkansas,Hot Springs
Arkansas,Hot Springs National Park
Arkansas,Hot Springs Village
Arkansas,Houston
Arkansas,Hoxie
Arkansas,Hughes
Arkansas,Humnoke
Arkansas,Humnoke Lonoke County
Arkansas,Humphrey
Arkansas,Huntington
Arkansas,Huntsville
Arkansas,Ida
Arkansas,Imboden
Arkansas,Jacksonport
Arkansas,Jacksonville
Arkansas,Jasper
Arkansas,Jerusalem
Arkansas,Jessieville
Arkansas,Jonesboro
Arkansas,Judsonia
Arkansas,Junction City
Arkansas,Kensett
Arkansas,Kingsland
Arkansas,Kingston
Arkansas,Kirby
Arkansas,Knoxville
Arkansas,Lafe
Arkansas,Lake City
Arkansas,Lake Village
Arkansas,Lakeview
Arkansas,Lamar
Arkansas,Landis
Arkansas,Langley
Arkansas,Lavaca
Arkansas,Leachville
Arkansas,Lead Hill
Arkansas,Leola
Arkansas,Lepanto
Arkansas,Leslie
Arkansas,Letona
Arkansas,Lewisville
Arkansas,Lexa
Arkansas,Lincoln
Arkansas,Little Flock
Arkansas,Little Rock
Arkansas,Locust Grove
Arkansas,London
Arkansas,Lonoke
Arkansas,Lonsdale
Arkansas,Louann
Arkansas,Lowell
Arkansas,Lurton
Arkansas,Mabelvale
Arkansas,Madison
Arkansas,Magazine
Arkansas,Magnet Cove
Arkansas,Magnolia
Arkansas,Malvern
Arkansas,Mammoth Spring
Arkansas,Manila
Arkansas,Mansfield
Arkansas,Marble Falls
Arkansas,Marcella
Arkansas,Marianna
Arkansas,Marion
Arkansas,Marked Tree
Arkansas,Marmaduke
Arkansas,Marshall
Arkansas,Marvell
Arkansas,Maumelle
Arkansas,Mayflower
Arkansas,Maynard
Arkansas,McCrory
Arkansas,McGehee
Arkansas,McNeil
Arkansas,McRae
Arkansas,Melbourne
Arkansas,Mena
Arkansas,Midway
Arkansas,Mineral Spgs
Arkansas,Monette
Arkansas,Monticello
Arkansas,Morrilton
Arkansas,Morrow
Arkansas,Mount Ida
Arkansas,Mount Pleasant
Arkansas,Mount Vernon
Arkansas,Mountain Home
Arkansas,Mountain Pine
Arkansas,Mountain View
Arkansas,Mountainburg
Arkansas,Mulberry
Arkansas,Murfreesboro
Arkansas,Nashville
Arkansas,New Blaine
Arkansas,New Edinburg
Arkansas,Newark
Arkansas,Newport
Arkansas,Nimmons
Arkansas,Norfork
Arkansas,Norman
Arkansas,North Little Rock
Arkansas,Oak Grove
Arkansas,Oakland
Arkansas,Oden
Arkansas,Oil Trough
Arkansas,Ola
Arkansas,Omaha
Arkansas,Onia
Arkansas,Oppelo
Arkansas,Osceola
Arkansas,Oxford
Arkansas,Ozark
Arkansas,Ozone
Arkansas,Pangburn
Arkansas,Paragould
Arkansas,Paris
Arkansas,Parkin
Arkansas,Paron
Arkansas,Parthenon
Arkansas,Pea Ridge
Arkansas,Pearcy
Arkansas,Peel
Arkansas,Pelsor
Arkansas,Pencil Bluff
Arkansas,Perryville
Arkansas,Piggott
Arkansas,Pine Bluff
Arkansas,Pineville
Arkansas,Plainview
Arkansas,Pleasant Grove
Arkansas,Pleasant Plains
Arkansas,Plumerville
Arkansas,Pocahontas
Arkansas,Ponca
Arkansas,Poplar Grove
Arkansas,Pottsville
Arkansas,Powhatan
Arkansas,Poyen
Arkansas,Prairie Grove
Arkansas,Prattsville
Arkansas,Prescott
Arkansas,Prim
Arkansas,Princeton
Arkansas,Pyatt
Arkansas,Quitman
Arkansas,Ratcliff
Arkansas,Ravenden
Arkansas,Ravenden Springs
Arkansas,Rector
Arkansas,Redfield
Arkansas,Reyno
Arkansas,Rison
Arkansas,Roe
Arkansas,Rogers
Arkansas,Roland
Arkansas,Romance
Arkansas,Rose Bud
Arkansas,Rosston
Arkansas,Rover
Arkansas,Royal
Arkansas,Rudy
Arkansas,Russellville
Arkansas,Sage
Arkansas,Saint Charles
Arkansas,Saint Francis
Arkansas,Saint Joe
Arkansas,Saint Paul
Arkansas,Salem
Arkansas,Salesville
Arkansas,Scott
Arkansas,Scranton
Arkansas,Searcy
Arkansas,Shannon Hills
Arkansas,Sheridan
Arkansas,Sherwood
Arkansas,Shirley
Arkansas,Siloam Springs
Arkansas,Sims
Arkansas,Smackover
Arkansas,Smithville
Arkansas,Southside
Arkansas,Springdale
Arkansas,Springfield
Arkansas,Stamps
Arkansas,Star City
Arkansas,Story
Arkansas,Strawberry
Arkansas,Strong
Arkansas,Stuttgart
Arkansas,Subiaco
Arkansas,Sulphur Rock
Arkansas,Sulphur Springs
Arkansas,Summers
Arkansas,Summit
Arkansas,Taylor
Arkansas,Texarkana
Arkansas,Theodosia
Arkansas,Tillar
Arkansas,Timbo
Arkansas,Tontitown
Arkansas,Traskwood
Arkansas,Trumann
Arkansas,Tuckerman
Arkansas,Tumbling Shoals
Arkansas,Tupelo
Arkansas,Ulm
Arkansas,Valley Springs
Arkansas,Van Buren
Arkansas,Vandervoort
Arkansas,Vilonia
Arkansas,Viola
Arkansas,Violet Hill
Arkansas,Wabbaseka
Arkansas,Waldo
Arkansas,Waldron
Arkansas,Walnut Ridge
Arkansas,Ward
Arkansas,Warren
Arkansas,Watson
Arkansas,Weiner
Arkansas,Wesley
Arkansas,West Fork
Arkansas,West Helena
Arkansas,West Memphis
Arkansas,Western Grove
Arkansas,White Hall
Arkansas,Williford
Arkansas,Wilmot
Arkansas,Winslow
Arkansas,Winthrop
Arkansas,Wooster
Arkansas,Wynne
Arkansas,Yellville
California,Acampo
California,Acton
California,Adelanto
California,Adin
California,Agoura Hills
California,Agua Dulce
California,Agua Fria
California,Aguanga
California,Ahwahnee
California,Alameda
California,Alamo
California,Albany
California,Albion
California,Alderpoint
California,Alhambra
California,Aliso Viejo
California,Alpine
California,Alta
California,Alta Loma
California,Altadena
California,Alturas
California,Alviso
California,Amador City
California,Amboy
California,American Canyon
California,Anaheim
California,Anderson
California,Angels Camp
California,Angelus Oaks
California,Angwin
California,Antelope
California,Antelope Acres
California,Antioch
California,Anza
California,Apple Valley
California,Applegate
California,Aptos
California,Arboga
California,Arbuckle
California,Arcadia
California,Arcata
California,Arleta
California,Armona
California,Arnold
California,Aromas
California,Arrowbear Lake
California,Arroyo Grande
California,Artesia
California,Arvin
California,Atascadero
California,Atwater
California,Auberry
California,Auburn
California,Auburn Unincorp
California,Avalon
California,Avenal
California,Avery
California,Avila Beach
California,Azusa
California,Badger
California,Bakersfield
California,Baldwin Hills
California,Baldwin Park
California,Ballico
California,Bangor
California,Banning
California,Barstow
California,Bass Lake
California,Bay Point
California,Bayside South
California,Bear Valley
California,Beaumont
California,Beckwourth
California,Bell
California,Bell Canyon
California,Bell Gardens
California,Bella Vista
California,Bellflower
California,Belmont
California,Belvedere
California,Belvedere Tiburon
California,Ben Lomond
California,Benbow
California,Benicia
California,Benton
California,Berkeley
California,Bermuda Dunes
California,Berry Creek
California,Bethel Island
California,Beverly Hills
California,Big Bar
California,Big Bear
California,Big Bear City
California,Big Bear Lake
California,Big Oak Flat
California,Big Pine
California,Big River
California,Biggs
California,Biola
California,Birds Landing
California,Bishop
California,Blairsden
California,Blairsden Graeagle
California,Bloomington
California,Blue Jay
California,Blythe
California,Bodega Bay
California,Bodfish
California,Bonita
California,Bonsall
California,Boonville
California,Boron
California,Borrego Springs
California,Boulder Creek
California,Boulevard
California,Bradbury
California,Bradley
California,Branscomb
California,Brawley
California,Brea
California,Brentwood
California,Bridgeport
California,Bridgeville
California,Brisbane
California,Brookdale
California,Browns Valley
California,Brownsville
California,Brush Creek
California,Bucks Lake
California,Buellton
California,Buena Park
California,Burbank
California,Burlingame
California,Burney
California,Burnt Ranch
California,Burson
California,Butte City
California,Butte Valley
California,Buttonwillow
California,Byron
California,Cabazon
California,Calabasas
California,Calexico
California,Caliente
California,Calif City
California,California City
California,California Hot Springs
California,Calimesa
California,Calipatria
California,Calistoga
California,Callahan
California,Calpine
California,Camarillo
California,Cambria
California,Cameron Park
California,Camino
California,Camp Connell
California,Camp Meeker
California,Camp Nelson
California,Campbell
California,Campo
California,Campo Seco
California,Canby
California,Canoga Park
California,Cantil
California,Cantua Creek
California,Canyon Country
California,Canyon Lake
California,Capay
California,Capitola
California,Cardiff
California,Cardiff By The Sea
California,Carlotta
California,Carlsbad
California,Carmel
California,Carmel Valley
California,Carmichael
California,Carnelian Bay
California,Carpinteria
California,Carson
California,Caruthers
California,Casmalia
California,Castaic
California,Castella
California,Castro Valley
California,Castroville
California,Cathedral City
California,Cathedral Cty
California,Catheys Valley
California,Cayucos
California,Cazadero
California,Cedar Glen
California,Cedarpines Park
California,Cedarville
California,Ceres
California,Cerritos
California,Chalfant Valley
California,Challenge
California,Chatsworth
California,Cherry Valley
California,Chester
California,Chico
California,Chilcoot
California,Chinese Camp
California,Chino
California,Chino Hills
California,Chowchilla
California,Chula Vista
California,Citrus Heights
California,City Terrace
California,Clairemont Mesa
California,Claremont
California,Clarksburg
California,Clayton
California,Clear Creek
California,Clearlake
California,Clearlake Oaks
California,Clements
California,Clio
California,Clipper Mills
California,Cloverdale
California,Clovis
California,Coachella
California,Coalinga
California,Coarsegold
California,Cobb
California,Coffee Creek
California,Cohasset
California,Cold Springs
California,Coleville
California,Colfax
California,Colma
California,Coloma
California,Colton
California,Colu
California,Columbia
California,Colusa
California,Commerce
California,Comptche
California,Compton
California,Concord
California,Concow
California,Cool
California,Copperopolis
California,Corcoran
California,Corning
California,Corona
California,Corona Del Mar
California,Coronado
California,Corralitos
California,Corte Madera
California,Costa Mesa
California,Cotati
California,Coto de Caza
California,Cottonwood
California,Coulterville
California,County Los Angeles
California,Courtland
California,Covelo
California,Covina
California,Cr
California,Crescent City
California,Crescent Mills
California,Cressey
California,Crest Park
California,Crestline
California,Creston
California,Crockett
California,Cromberg
California,Crows Landing
California,Cudahy
California,Culver City
California,Cupertino
California,Cutler
California,Cutten
California,Cuyama
California,Cypress
California,Daggett
California,Daly City
California,Dana Point
California,Danville
California,Davis
California,Davis Creek
California,Del Mar
California,Del Rey
California,Del Rey Oaks
California,Delano
California,Delhi
California,Delleker
California,Denair
California,Descanso
California,Desert Center
California,Desert Hot Springs
California,Desert Lake
California,Desert Shores
California,Devore Heights
California,Diablo
California,Diamond Bar
California,Diamond Springs
California,Dinuba
California,Discovery Bay
California,Dixon
California,Dobbins
California,Dorrington
California,Dorris
California,Dos Palos
California,Douglas City
California,Douglas Flat
California,Downey
California,Doyle
California,Drytown
California,Dsrt Hot Spgs
California,Duarte
California,Dublin
California,Dulzura
California,Dunlap
California,Dunnigan
California,Dunsmuir
California,Durham
California,Dutch Flat
California,Eagle Rock
California,Earlimart
California,East Garrison
California,East Los Angeles
California,East Palo Alto
California,East San Diego
California,Eastvale
California,Echo Lake
California,Edwards
California,El Cajon
California,El Centro
California,El Cerrito
California,El Dorado
California,El Dorado Hills
California,El Granada
California,El Macero
California,El Mirage
California,El Monte
California,El Segundo
California,El Sereno
California,El Sobrante
California,Elizabeth Lake
California,Elk
California,Elk Creek
California,Elk Grove
California,Elk River
California,Elverta
California,Emeryville
California,Emigrant Gap
California,Empire
California,Encinitas
California,Encino
California,Escalon
California,Escondido
California,Esparto
California,Etiwanda
California,Etna
California,Eureka
California,Exeter
California,Fair Oaks
California,Fairfax
California,Fairfield
California,Fall River Mills
California,Fallbrook
California,Farmersville
California,Farmington
California,Fawnskin
California,Fellows
California,Felton
California,Ferndale
California,Fiddletown
California,Fillmore
California,Firebaugh
California,Fish Camp
California,Floriston
California,Folsom
California,Fontana
California,Foothill Ranch
California,Forbestown
California,Forest Falls
California,Forest Knolls
California,Forest Ranch
California,Foresthill
California,Forestville
California,Fort Bidwell
California,Fort Bragg
California,Fort Jones
California,Fortuna
California,Foster City
California,Fountain Valley
California,Fowler
California,Frazier Park
California,Freedom
California,Fremont
California,French Camp
California,French Gulch
California,Fresno
California,Friant
California,Fullerton
California,Fulton
California,Galt
California,Garberville
California,Garden Grove
California,Garden Valley
California,Gardena
California,Gazelle
California,Genesee
California,Georgetown
California,Gerber
California,Geyserville
California,Gilroy
California,Glassell Park
California,Glen Ellen
California,Glencoe
California,Glendale
California,Glendora
California,Glenhaven
California,Glenn
California,Gold River
California,Gold Run
California,Goleta
California,Gonzales
California,Goshen
California,Graeagle
California,Granada Hills
California,Grand Terrace
California,Granite Bay
California,Grass Valley
California,Graton
California,Greeley Hill
California,Green Valley
California,Green Valley Lake
California,Greenbrae
California,Greenfield
California,Greenview
California,Greenville
California,Greenwood
California,Grenada
California,Gridley
California,Grizzly Flats
California,Groveland
California,Grover Beach
California,Guadalupe
California,Gualala
California,Guatay
California,Guerneville
California,Guinda
California,Gustine
California,Hacienda Heights
California,Half Moon Bay
California,Hamilton Branch
California,Hamilton City
California,Hanford
California,Harbor City
California,Hat Creek
California,Hathaway Pines
California,Hawaiian Gardens
California,Hawkins Bar
California,Hawthorne
California,Hayfork
California,Hayward
California,Healdsburg
California,Heber
California,Helendale
California,Hemet
California,Herald
California,Hercules
California,Herlong
California,Hermosa Beach
California,Hesperia
California,Hickman
California,Hidden Valley Lake
California,Highgrove
California,Highland
California,Highland Park
California,Hilmar
California,Hinkley
California,Hollister
California,Hollywood
California,Hollywood Hills East
California,Holtville
California,Homeland
California,Homewood
California,Honeydew
California,Hood
California,Hoopa
California,Hopland
California,Hornbrook
California,Horse Creek
California,Hughson
California,Huntington Beach
California,Huntington Park
California,Huron
California,Hydesville
California,Idyllwild
California,Igo
California,Imperial
California,Imperial Beach
California,Independence
California,Indian Wells
California,Indio
California,Inglewood
California,Inverness
California,Inyokern
California,Ione
California,Irvine
California,Irwindale
California,Isleton
California,Ivanhoe
California,Jackson
California,Jacumba
California,Jamestown
California,Jamul
California,Janesville
California,Jenner
California,Johannesburg
California,Johnson Valley
California,Joshua Tree
California,Julian
California,Junction City
California,June Lake
California,Juniper Hills
California,Jurupa Valley
California,Kagel Canyon
California,Keddie
California,Keene
California,Kelseyville
California,Kennedy Meadows
California,Kensington
California,Kentfield
California,Kenwood
California,Kerman
California,Kern
California,Kernville
California,Kettenpom
California,Keyes
California,King City
California,Kings Beach
California,Kingsburg
California,Kirkwood
California,Klamath
California,Klamath Glen
California,Klamath River
California,Kneeland
California,Knights Landing
California,Knightsen
California,Kyburz
California,La Canada Flintridge
California,La Crescenta
California,La Grange
California,La Grange Unincorp
California,La Habra
California,La Habra Heights
California,La Honda
California,La Jolla
California,La Mesa
California,La Mirada
California,La Palma
California,La Puente
California,La Quinta
California,La Selva Beach
California,La Tuna Canyon
California,La Verne
California,Ladera Heights
California,Ladera Ranch
California,Lafayette
California,Laguna Beach
California,Laguna Hills
California,Laguna Niguel
California,Laguna Woods
California,Lagunitas
California,Lake Almanor
California,Lake Almanor West
California,Lake Arrowhead
California,Lake Balboa
California,Lake California
California,Lake Elizabeth
California,Lake Elsinore
California,Lake Forest
California,Lake Havasu
California,Lake Hughes
California,Lake Isabella
California,Lake Los Angeles
California,Lake Mathews
California,Lake Sherwood
California,Lake View Terrace
California,Lake Wildwood
California,Lake of the Pines
California,Lakehead
California,Lakeport
California,Lakeshore
California,Lakeside
California,Lakewood
California,Lamont
California,Lancaster
California,Landers
California,Larkspur
California,Lathrop
California,Laton
California,Lawndale
California,Laytonville
California,Le Grand
California,Lebec
California,Lee Vining
California,Leimert Park
California,Lemon Grove
California,Lemoore
California,Lennox
California,Leona Valley
California,Lewiston
California,Likely
California,Lincoln
California,Lincoln Heights
California,Linda
California,Linden
California,Lindsay
California,Litchfield
California,Little Norway
California,Little River
California,Littlerock
California,Live Oak
California,Livermore
California,Livingston
California,Llano
California,Loch Lomond
California,Lockeford
California,Lockwood
California,Lodi
California,Loma Linda
California,Loma Mar
California,Loma Rica
California,Lomita
California,Lompoc
California,Lone Pine
California,Long Barn
California,Long Beach
California,Lookout
California,Loomis
California,Los Alamitos
California,Los Alamos
California,Los Altos
California,Los Angeles
California,Los Banos
California,Los Gatos
California,Los Molinos
California,Los Olivos
California,Los Osos
California,Lost Hills
California,Lotus
California,Lower Lake
California,Loyalton
California,Lucerne
California,Lucerne Valley
California,Lynwood
California,Lytle Creek
California,Macdoel
California,Mad River
California,Madera
California,Madison
California,Magalia
California,Malibu
California,Mammoth Lakes
California,Manchester
California,Manhattan Beach
California,Manteca
California,Manton
California,Maricopa
California,Marina
California,Marina del Rey
California,Mariposa
California,Markleeville
California,Martinez
California,Marysville
California,Mather
California,Mayfair
California,Maywood
California,McArthur
California,McCloud
California,McFarland
California,McKinleyville
California,Mead Valley
California,Meadow Valley
California,Meadow Vista
California,Mecca
California,Meeks Bay
California,Mendocino
California,Menifee
California,Menlo Park
California,Mentone
California,Merced
California,Meridian
California,Mi Wuk Village
California,Middletown
California,Midpines
California,Midway City
California,Milford
California,Mill Creek
California,Mill Valley
California,Millbrae
California,Millville
California,Milpitas
California,Mineral
California,Miramonte
California,Miranda
California,Mission Hills
California,Mission Hills San Fer
California,Mission Viejo
California,Modesto
California,Modjeska Canyon
California,Mojave
California,Mokelumne Hill
California,Monrovia
California,Montague
California,Montara
California,Montclair
California,Monte Rio
California,Montebello
California,Monterey
California,Monterey Park
California,Montgomery Creek
California,Montrose
California,Moorpark
California,Moraga
California,Moreno Valley
California,Morgan Hill
California,Morongo Valley
California,Morro Bay
California,Moss Beach
California,Mount Baldy
California,Mount Shasta
California,Mountain Center
California,Mountain Home Village
California,Mountain House
California,Mountain Ranch
California,Mountain View
California,Murphys
California,Murrieta
California,Myers Flat
California,Myrtletown
California,Napa
California,National City
California,Needles
California,Nevada City
California,New Cuyama
California,Newark
California,Newberry Springs
California,Newbury Park
California,Newcastle
California,Newhall
California,Newman
California,Newport Beach
California,Newport Coast
California,Nice
California,Nicolaus
California,Niland
California,Nipomo
California,Norco
California,North Edwards
California,North Fork
California,North Highlands
California,North Hills
California,North Hollywood
California,North San Juan
California,North Tustin
California,Northridge
California,Norwalk
California,Novato
California,Nubieber
California,Nuevo
California,Nuevo Lakeview
California,Oak Glen
California,Oak Hills
California,Oak Park
California,Oak Run
California,Oak View
California,Oakdale
California,Oakhurst
California,Oakland
California,Oakley
California,Oakville
California,Occidental
California,Oceano
California,Oceanside
California,Ojai
California,Olancha
California,Old Shasta
California,Old Station
California,Olivehurst
California,Olympic Valley
California,Ontario
California,Onyx
California,Orange
California,Orange Cove
California,Orangevale
California,Orcutt
California,Oregon House
California,Orick
California,Orinda
California,Orland
California,Orleans
California,Oro Grande
California,Orosi
California,Oroville
California,Ortega Mountain
California,Oxnard
California,Pacheco
California,Pacific Grove
California,Pacific Palisades
California,Pacifica
California,Pacoima
California,Paicines
California,Pala
California,Palermo
California,Palm Desert
California,Palm Springs
California,Palmdale
California,Palo Alto
California,Palo Cedro
California,Palomar Mountain
California,Palos Verdes Estates
California,Palos Verdes Peninsula
California,Panorama City
California,Paradise
California,Paramount
California,Park Hills Heights
California,Parker Dam
California,Parlier
California,Pasadena
California,Paso Robles
California,Patterson
California,Pauma Valley
California,Paynes Creek
California,Pearblossom
California,Pebble Beach
California,Penn Valley
California,Penngrove
California,Penryn
California,Perris
California,Pescadero
California,Petaluma
California,Petrolia
California,Phelan
California,Phillips Ranch
California,Philo
California,Pico Rivera
California,Piedmont
California,Pierpoint Springs
California,Pilot Hill
California,Pine Grove
California,Pine Mountain Club
California,Pine Valley
California,Pinecrest
California,Pinedale
California,Pinole
California,Pinon Hills
California,Pinyon Pines
California,Pioneer
California,Pioneertown
California,Piru
California,Pismo Beach
California,Pittsburg
California,Pixley
California,Placentia
California,Placerville
California,Planada
California,Platina
California,Playa Del Rey
California,Playa Vista
California,Pleasant Grove
California,Pleasant Hill
California,Pleasanton
California,Plumas Lake
California,Plymouth
California,Point Arena
California,Point Loma
California,Point Richmond
California,Pollock Pines
California,Pomona
California,Ponderosa
California,Pope Valley
California,Port Costa
California,Port Hueneme
California,Porter Ranch
California,Porterville
California,Portola
California,Portola Hills
California,Posey
California,Potrero
California,Potter Valley
California,Poway
California,Prather
California,Princeton
California,Prunedale
California,Quail Valley
California,Quartz Hill
California,Quincy
California,Rail Road Flat
California,Rainbow
California,Raisin City
California,Ramona
California,Ranchita
California,Rancho Cascades
California,Rancho Cordova
California,Rancho Cucamonga
California,Rancho Mirage
California,Rancho Mission Viejo
California,Rancho Murieta
California,Rancho Palos Verdes
California,Rancho Santa Fe
California,Rancho Santa Margarita
California,Randsburg
California,Raymond
California,Red Bluff
California,Redding
California,Redlands
California,Redondo Beach
California,Redway
California,Redwood City
California,Redwood Valley
California,Reedley
California,Rescue
California,Reseda
California,Reseda Ranch
California,Rialto
California,Richfield
California,Richgrove
California,Richmond
California,Ridgecrest
California,Rimforest
California,Rio Dell
California,Rio Linda
California,Rio Nido
California,Rio Oso
California,Rio Vista
California,Ripon
California,River Pines
California,Riverbank
California,Riverdale
California,Riverside
California,Robbins
California,Rocklin
California,Rodeo
California,Rohnert Park
California,Rolling Hills Estates
California,Romoland
California,Rosamond
California,Rosemead
California,Roseville
California,Rossmoor
California,Rough and Ready
California,Round Mountain
California,Rowland Heights
California,Royal Oaks
California,Rumsey
California,Running Springs
California,Ruth Lake
California,Sacramento
California,Sage
California,Saint Helena
California,Salida
California,Salinas
California,Salton City
California,Salyer
California,San Andreas
California,San Anselmo
California,San Bernardino
California,San Bruno
California,San Buenaventura
California,San Carlos
California,San Clemente
California,San Diego
California,San Dimas
California,San Fernando
California,San Francisco
California,San Gabriel
California,San Geronimo
California,San Jacinto
California,San Joaquin
California,San Jose
California,San Juan Bautista
California,San Juan Capistrano
California,San Leandro
California,San Lorenzo
California,San Lucas
California,San Luis Obispo
California,San Marcos
California,San Marino
California,San Martin
California,San Mateo
California,San Miguel
California,San Pablo
California,San Pedro
California,San Rafael
California,San Ramon
California,San Simeon
California,San Ysidro
California,Sanger
California,Santa Ana
California,Santa Barbara
California,Santa Clara
California,Santa Clarita
California,Santa Cruz
California,Santa Fe Springs
California,Santa Margarita
California,Santa Maria
California,Santa Monica
California,Santa Nella
California,Santa Paula
California,Santa Rosa
California,Santa Ynez
California,Santa Ysabel
California,Santee
California,Saratoga
California,Saugus
California,Sausalito
California,Scotts Valley
California,Seacliff
California,Seal Beach
California,Seaside
California,Sebastopol
California,Seeley
California,Seiad Valley
California,Selma
California,Sequoia Crest
California,Shadow Hills
California,Shafter
California,Shandon
California,Shasta
California,Shasta Lake
California,Shaver Lake
California,Sheep Ranch
California,Shelter Cove
California,Sheridan
California,Sherman Oaks
California,Sherwood Forest
California,Shingle Springs
California,Shingletown
California,Sierra City
California,Sierra Madre
California,Sierraville
California,Signal Hill
California,Silver Lakes
California,Silverado Canyon
California,Simi Valley
California,Sky High
California,Sky Valley
California,Skyforest
California,Sloughhouse
California,Smartsville
California,Smith River
California,Snelling
California,Soda Springs
California,Solana Beach
California,Soledad
California,Solvang
California,Somerset
California,Somes Bar
California,Somis
California,Sonoma
California,Sonora
California,Soquel
California,Soulsbyville
California,South Dos Palos
California,South El Monte
California,South Gate
California,South Lake Tahoe
California,South Pasadena
California,South San Francisco
California,South San Gabriel
California,Spreckels
California,Spring Valley
California,Springville
California,Squaw Valley
California,Stallion Springs
California,Standish
California,Stanford
California,Stanton
California,Stevenson Ranch
California,Stevinson
California,Stinson Beach
California,Stirling City
California,Stockton
California,Stonyford
California,Strathmore
California,Strawberry
California,Strawberry Valley
California,Studio City
California,Sugarloaf
California,Suisun City
California,Sun City
California,Sun Valley
California,Sunland
California,Sunny Slopes
California,Sunnyvale
California,Sunol
California,Surfside
California,Susanville
California,Sutter
California,Sutter Creek
California,Sylmar
California,Taft
California,Tahoe City
California,Tahoe Vista
California,Tahoma
California,Tarzana
California,Taylorsville
California,Tecopa
California,Tehachapi
California,Tehama
California,Temecula
California,Temescal Valley
California,Temple City
California,Templeton
California,Termo
California,Terra Bella
California,The Sea Ranch
California,Thermal
California,Thornton
California,Thousand Oaks
California,Thousand Palms
California,Three Rivers
California,Tiburon
California,Tipton
California,Tollhouse
California,Toluca Lake
California,Toluca Terrace
California,Tomales
California,Topanga
California,Topaz
California,Torrance
California,Trabuco Canyon
California,Tracy
California,Tranquillity
California,Tres Pinos
California,Trinidad
California,Trinity Center
California,Trinity Pines
California,Trona
California,Truckee
California,Tujunga
California,Tulare
California,Tulelake
California,Tuolumne
California,Turlock
California,Tustin
California,Twain Harte
California,Twentynine Palms
California,Twin Bridges
California,Twin Peaks
California,Ukiah
California,Union City
California,Upland
California,Upper Lake
California,Vacaville
California,Val Verde
California,Valencia
California,Valinda
California,Vallecito
California,Vallejo
California,Valley Center
California,Valley Ford
California,Valley Glen
California,Valley Springs
California,Valley Village
California,Valyermo
California,Van Nuys
California,Vandenberg Village
California,Venice
California,Ventura
California,Verdi
California,Victor
California,Victor Valley
California,Victorville
California,Vidal
California,View Park
California,Villa Grande
California,Villa Park
California,Virgilia
California,Visalia
California,Vista
California,Volcano
California,Walker
California,Wallace
California,Walnut
California,Walnut Creek
California,Walnut Grove
California,Walnut Park
California,Warner Springs
California,Wasco
California,Washington
California,Waterford
California,Watsonville
California,Waukena
California,Weaverville
California,Weed
California,Weimar
California,Weldon
California,West Covina
California,West Hills
California,West Hollywood
California,West Los Angeles
California,West Point
California,West Sacramento
California,West Toluca Lake
California,Westchester
California,Westhaven
California,Westlake Village
California,Westley
California,Westminster
California,Westmorland
California,Westport
California,Westwood
California,Westwood Century City
California,Wheatland
California,Whitethorn
California,Whitewater
California,Whitmore
California,Whittier
California,Wildomar
California,Wildwood
California,Williams
California,Willits
California,Willow Creek
California,Willows
California,Wilmington
California,Wilseyville
California,Wilton
California,Winchester
California,Windsor
California,Windsor Hills
California,Winnetka
California,Winterhaven
California,Winters
California,Winton
California,Wishon
California,Witter Springs
California,Wofford Heights
California,Woodacre
California,Woodbridge
California,Woodcrest
California,Woodfords
California,Woodlake
California,Woodland
California,Woodland Hills
California,Woodside
California,Wrightwood
California,Yankee Hill
California,Yermo
California,Yolo
California,Yorba Linda
California,Yosemite National Park
California,Yountville
California,Yreka
California,Yuba City
California,Yucaipa
California,Yucca Valley
California,Zamora
California,Zenia
Colorado,Aguilar
Colorado,Akron
Colorado,Alamosa
Colorado,Allenspark
Colorado,Alma
Colorado,Almont
Colorado,Anton
Colorado,Antonito
Colorado,Arboles
Colorado,Arvada
Colorado,Aspen
Colorado,Atwood
Colorado,Ault
Colorado,Aurora
Colorado,Austin
Colorado,Avon
Colorado,Avondale
Colorado,Bailey
Colorado,Basalt
Colorado,Battlement Mesa
Colorado,Bayfield
Colorado,Beaver Creek
Colorado,Bellvue
Colorado,Bennett
Colorado,Berthoud
Colorado,Bethune
Colorado,Beulah
Colorado,Black Forest
Colorado,Black Hawk
Colorado,Blanca
Colorado,Blue River
Colorado,Boncarbo
Colorado,Boulder
Colorado,Bow Mar
Colorado,Breckenridge
Colorado,Briggsdale
Colorado,Brighton
Colorado,Brookside
Colorado,Broomfield
Colorado,Brush
Colorado,Buena Vista
Colorado,Burlington
Colorado,Byers
Colorado,Cahone
Colorado,Calhan
Colorado,Canon City
Colorado,Capulin
Colorado,Carbondale
Colorado,Carr
Colorado,Cascade
Colorado,Castle Pines
Colorado,Castle Rock
Colorado,Cedaredge
Colorado,Centennial
Colorado,Center
Colorado,Central City
Colorado,Cheyenne Wells
Colorado,Clark
Colorado,Clifton
Colorado,Coal Creek
Colorado,Coaldale
Colorado,Collbran
Colorado,Colona
Colorado,Colorado City
Colorado,Colorado Springs
Colorado,Commerce City
Colorado,Como
Colorado,Conifer
Colorado,Copper Mountain
Colorado,Cortez
Colorado,Cotopaxi
Colorado,Craig
Colorado,Crawford
Colorado,Creede
Colorado,Crested Butte
Colorado,Crestone
Colorado,Cripple Creek
Colorado,Crook
Colorado,Cuchara
Colorado,Dacono
Colorado,De Beque
Colorado,Deer Trail
Colorado,Del Norte
Colorado,Delta
Colorado,Denver
Colorado,Dillon
Colorado,Dinosaur
Colorado,Divide
Colorado,Dolores
Colorado,Dove Creek
Colorado,Drake
Colorado,Dumont
Colorado,Durango
Colorado,Eads
Colorado,Eagle
Colorado,Eagle Vail
Colorado,Eaton
Colorado,Eckert
Colorado,Eckley
Colorado,Edgewater
Colorado,Edwards
Colorado,Elbert
Colorado,Elizabeth
Colorado,Englewood
Colorado,Erie
Colorado,Estes Park
Colorado,Evans
Colorado,Evergreen
Colorado,Fairplay
Colorado,Federal Heights
Colorado,Firestone
Colorado,Flagler
Colorado,Fleming
Colorado,Florence
Colorado,Florissant
Colorado,Fort Collins
Colorado,Fort Garland
Colorado,Fort Lupton
Colorado,Fort Morgan
Colorado,Fountain
Colorado,Fowler
Colorado,Franktown
Colorado,Fraser
Colorado,Frederick
Colorado,Frisco
Colorado,Fruita
Colorado,Galeton
Colorado,Garden City
Colorado,Gardner
Colorado,Genoa
Colorado,Gilcrest
Colorado,Gill
Colorado,Glade Park
Colorado,Glen Haven
Colorado,Glenwood Springs
Colorado,Golden
Colorado,Granby
Colorado,Grand Junction
Colorado,Grand Lake
Colorado,Greeley
Colorado,Green Mountain Falls
Colorado,Greenwood Village
Colorado,Grover
Colorado,Guffey
Colorado,Gunnison
Colorado,Gypsum
Colorado,Hamilton
Colorado,Hartsel
Colorado,Haswell
Colorado,Haxtun
Colorado,Hayden
Colorado,Henderson
Colorado,Hesperus
Colorado,Highlands Ranch
Colorado,Hillrose
Colorado,Holyoke
Colorado,Hooper
Colorado,Hot Sulphur
Colorado,Hot Sulphur Springs
Colorado,Hotchkiss
Colorado,Howard
Colorado,Hudson
Colorado,Hugo
Colorado,Idaho Springs
Colorado,Ignacio
Colorado,Iliff
Colorado,Indian Hills
Colorado,Jefferson
Colorado,Johnstown
Colorado,Julesburg
Colorado,Keenesburg
Colorado,Kersey
Colorado,Keystone
Colorado,Kiowa
Colorado,Kremmling
Colorado,La Jara
Colorado,La Junta
Colorado,La Salle
Colorado,La Veta
Colorado,Lafayette
Colorado,Lake City
Colorado,Lake George
Colorado,Lakewood
Colorado,Lamar
Colorado,Larkspur
Colorado,Las Animas
Colorado,Leadville
Colorado,Lewis
Colorado,Limon
Colorado,Littleton
Colorado,Livermore
Colorado,Lochbuie
Colorado,Log Lane Village
Colorado,Loma
Colorado,Lone Tree
Colorado,Longmont
Colorado,Louisville
Colorado,Louviers
Colorado,Loveland
Colorado,Lyons
Colorado,Mack
Colorado,Manassa
Colorado,Mancos
Colorado,Manitou Springs
Colorado,Manzanola
Colorado,Marble
Colorado,Mead
Colorado,Meeker
Colorado,Merino
Colorado,Mesa
Colorado,Milliken
Colorado,Minturn
Colorado,Moffat
Colorado,Molina
Colorado,Monte Vista
Colorado,Montrose
Colorado,Monument
Colorado,Morrison
Colorado,Mount Crested Butte
Colorado,Nathrop
Colorado,Naturita
Colorado,Nederland
Colorado,New Castle
Colorado,Niwot
Colorado,Northglenn
Colorado,Norwood
Colorado,Nucla
Colorado,Nunn
Colorado,Oak Creek
Colorado,Ohio City
Colorado,Olathe
Colorado,Olney Springs
Colorado,Ordway
Colorado,Otis
Colorado,Ouray
Colorado,Ovid
Colorado,Pagosa Springs
Colorado,Palisade
Colorado,Palmer Lake
Colorado,Paonia
Colorado,Parachute
Colorado,Parker
Colorado,Parshall
Colorado,Peetz
Colorado,Penrose
Colorado,Peyton
Colorado,Phippsburg
Colorado,Pierce
Colorado,Pine
Colorado,Pitkin
Colorado,Placerville
Colorado,Platteville
Colorado,Poncha Springs
Colorado,Pueblo
Colorado,Pueblo West
Colorado,Ramah
Colorado,Rangely
Colorado,Red Cliff
Colorado,Red Feather Lakes
Colorado,Ridgway
Colorado,Rifle
Colorado,Rockvale
Colorado,Rocky Ford
Colorado,Romeo
Colorado,Rush
Colorado,Rye
Colorado,Saguache
Colorado,Salida
Colorado,San Acacio
Colorado,San Luis
Colorado,Security
Colorado,Sedalia
Colorado,Sedgwick
Colorado,Severance
Colorado,Silt
Colorado,Silver Cliff
Colorado,Silver Plume
Colorado,Silverthorne
Colorado,Silverton
Colorado,Simla
Colorado,Snowmass
Colorado,South Fork
Colorado,Springfield
Colorado,Steamboat Springs
Colorado,Sterling
Colorado,Strasburg
Colorado,Stratton
Colorado,Sugar City
Colorado,Superior
Colorado,Swink
Colorado,Tabernash
Colorado,Texas Creek
Colorado,Thornton
Colorado,Timnath
Colorado,Trinidad
Colorado,Twin Lakes
Colorado,Vail
Colorado,Vallecito Lake Bayfield
Colorado,Vernon
Colorado,Victor
Colorado,Walden
Colorado,Walsenburg
Colorado,Ward
Colorado,Watkins
Colorado,Weldona
Colorado,Wellington
Colorado,Westcliffe
Colorado,Westminster
Colorado,Weston
Colorado,Wheat Ridge
Colorado,Whitewater
Colorado,Wiggins
Colorado,Wiley
Colorado,Williamsburg
Colorado,Windsor
Colorado,Winter Park
Colorado,Woodland Park
Colorado,Wray
Colorado,Yampa
Colorado,Yellow Jacket
Colorado,Yoder
Colorado,Yuma
Connecticut,Andover
Connecticut,Ansonia
Connecticut,Ashford
Connecticut,Avon
Connecticut,Barkhamsted
Connecticut,Beacon Falls
Connecticut,Berlin
Connecticut,Bethany
Connecticut,Bethel
Connecticut,Bethlehem
Connecticut,Bloomfield
Connecticut,Bolton
Connecticut,Bozrah
Connecticut,Branford
Connecticut,Bridgeport
Connecticut,Bridgewater
Connecticut,Bristol
Connecticut,Brookfield
Connecticut,Brooklyn
Connecticut,Burlington
Connecticut,Canaan
Connecticut,Canterbury
Connecticut,Canton
Connecticut,Chaplin
Connecticut,Cheshire
Connecticut,Chester
Connecticut,Clinton
Connecticut,Colchester
Connecticut,Colebrook
Connecticut,Columbia
Connecticut,Cornwall
Connecticut,Cos Cob
Connecticut,Coventry
Connecticut,Cromwell
Connecticut,Danbury
Connecticut,Darien
Connecticut,Deep River
Connecticut,Derby
Connecticut,Durham
Connecticut,East Granby
Connecticut,East Haddam
Connecticut,East Hampton
Connecticut,East Hartford
Connecticut,East Haven
Connecticut,East Lyme
Connecticut,East Windsor
Connecticut,Eastford
Connecticut,Easton
Connecticut,Ellington
Connecticut,Enfield
Connecticut,Essex
Connecticut,Fairfield
Connecticut,Farmington
Connecticut,Franklin
Connecticut,Glastonbury
Connecticut,Goshen
Connecticut,Granby
Connecticut,Greenwich
Connecticut,Griswold
Connecticut,Groton
Connecticut,Guilford
Connecticut,Haddam
Connecticut,Hamden
Connecticut,Hampton
Connecticut,Hartford
Connecticut,Harwinton
Connecticut,Hebron
Connecticut,Kent
Connecticut,Killingly
Connecticut,Killingworth
Connecticut,Lebanon
Connecticut,Ledyard
Connecticut,Lisbon
Connecticut,Litchfield
Connecticut,Lyme
Connecticut,Madison
Connecticut,Manchester
Connecticut,Mansfield
Connecticut,Marlborough
Connecticut,Meriden
Connecticut,Middlebury
Connecticut,Middlefield
Connecticut,Middletown
Connecticut,Milford
Connecticut,Monroe
Connecticut,Montville
Connecticut,Morris
Connecticut,Mystic
Connecticut,Naugatuck
Connecticut,New Britain
Connecticut,New Canaan
Connecticut,New Fairfield
Connecticut,New Hartford
Connecticut,New Haven
Connecticut,New London
Connecticut,New Milford
Connecticut,Newington
Connecticut,Newtown
Connecticut,Norfolk
Connecticut,North Branford
Connecticut,North Canaan
Connecticut,North Haven
Connecticut,North Stonington
Connecticut,Norwalk
Connecticut,Norwich
Connecticut,Old Greenwich
Connecticut,Old Lyme
Connecticut,Old Saybrook
Connecticut,Orange
Connecticut,Oxford
Connecticut,Plainfield
Connecticut,Plainville
Connecticut,Plymouth
Connecticut,Pomfret
Connecticut,Portland
Connecticut,Preston
Connecticut,Prospect
Connecticut,Putnam
Connecticut,Redding
Connecticut,Ridgefield
Connecticut,Riverside
Connecticut,Rocky Hill
Connecticut,Roxbury
Connecticut,Salem
Connecticut,Salisbury
Connecticut,Scotland
Connecticut,Seymour
Connecticut,Sharon
Connecticut,Shelton
Connecticut,Sherman
Connecticut,Simsbury
Connecticut,Somers
Connecticut,South Windsor
Connecticut,Southbury
Connecticut,Southington
Connecticut,Sprague
Connecticut,Stafford
Connecticut,Stamford
Connecticut,Sterling
Connecticut,Stonington
Connecticut,Stratford
Connecticut,Suffield
Connecticut,Thomaston
Connecticut,Thompson
Connecticut,Tolland
Connecticut,Torrington
Connecticut,Trumbull
Connecticut,Union
Connecticut,Vernon
Connecticut,Voluntown
Connecticut,Wallingford
Connecticut,Warren
Connecticut,Washington
Connecticut,Waterbury
Connecticut,Waterford
Connecticut,Watertown
Connecticut,West Hartford
Connecticut,West Haven
Connecticut,Westbrook
Connecticut,Weston
Connecticut,Westport
Connecticut,Wethersfield
Connecticut,Willington
Connecticut,Wilton
Connecticut,Winchester
Connecticut,Windham
Connecticut,Windsor
Connecticut,Windsor Locks
Connecticut,Wolcott
Connecticut,Woodbridge
Connecticut,Woodbury
Connecticut,Woodstock
Delaware,Bear
Delaware,Bethany Beach
Delaware,Blades
Delaware,Bridgeville
Delaware,Camden
Delaware,Camden Wyoming
Delaware,Claymont
Delaware,Clayton
Delaware,Dagsboro
Delaware,Delaware City
Delaware,Delmar
Delaware,Dewey Beach
Delaware,Dover
Delaware,Ellendale
Delaware,Elsmere
Delaware,Felton
Delaware,Fenwick Island
Delaware,Frankford
Delaware,Frederica
Delaware,Georgetown
Delaware,Greenville
Delaware,Greenwood
Delaware,Harbeson
Delaware,Harrington
Delaware,Hartly
Delaware,Hockessin
Delaware,Houston
Delaware,Kenton
Delaware,Laurel
Delaware,Lewes
Delaware,Lincoln
Delaware,Magnolia
Delaware,Marydel
Delaware,Middletown
Delaware,Milford
Delaware,Millsboro
Delaware,Millville
Delaware,Milton
Delaware,New Castle
Delaware,Newark
Delaware,North Bethany
Delaware,Ocean View
Delaware,Odessa
Delaware,Port Penn
Delaware,Rehoboth Beach
Delaware,Rockland
Delaware,Seaford
Delaware,Selbyville
Delaware,Smyrna
Delaware,South Bethany
Delaware,Townsend
Delaware,Viola
Delaware,Wilmington
Delaware,Woodside
Delaware,Wyoming
District of Columbia,Washington
Florida,Alachua
Florida,Alford
Florida,Alligator Point
Florida,Altamonte Spg
Florida,Altamonte Springs
Florida,Altha
Florida,Altoona
Florida,Alturas
Florida,Alva
Florida,Amelia Island
Florida,Anna Maria
Florida,Anthony
Florida,Apalachicola
Florida,Apollo Beach
Florida,Apopka
Florida,Arcadia
Florida,Archer
Florida,Aripeka
Florida,Astatula
Florida,Astor
Florida,Atlantic Beach
Florida,Atlantis
Florida,Auburndale
Florida,Ave Maria
Florida,Aventura
Florida,Avon Park
Florida,Babcock Ranch
Florida,Babson Park
Florida,Bagdad
Florida,Baker
Florida,Baldwin
Florida,Baldwinneptune Beach
Florida,Barefoot Bay
Florida,Bartow
Florida,Bascom
Florida,Bayonet Point
Florida,Bell
Florida,Belle Glade
Florida,Belle Isle
Florida,Belleair
Florida,Belleair Beach
Florida,Belleair Bluffs
Florida,Belleview
Florida,Beverly Beach
Florida,Beverly Hills
Florida,Big Coppitt
Florida,Big Pine
Florida,Big Pine Key
Florida,Biscayne Park
Florida,Blountstown
Florida,Boca Grande
Florida,Boca Raton
Florida,Bokeelia
Florida,Bonifay
Florida,Bonita Springs
Florida,Bowling Green
Florida,Boynton Beach
Florida,Bradenton
Florida,Bradenton Beach
Florida,Brandon
Florida,Branford
Florida,Breeze Drive
Florida,Bristol
Florida,Bronson
Florida,Brooker
Florida,Brooksville
Florida,Bryceville
Florida,Bunnell
Florida,Bushnell
Florida,Callahan
Florida,Callaway
Florida,Canal Point
Florida,Cantonment
Florida,Cape Canaveral
Florida,Cape Coral
Florida,Cape Haze
Florida,Cape San Blas
Florida,Captiva
Florida,Carrabelle
Florida,Carrollwood
Florida,Casselberry
Florida,Cayo Costa
Florida,Cedar Key
Florida,Celebration
Florida,Center Hill
Florida,Century
Florida,Champions Gate
Florida,Champions Gt
Florida,Chattahoochee
Florida,Chiefland
Florida,Chipley
Florida,Chokoloskee
Florida,Christmas
Florida,Chuluota
Florida,Citra
Florida,Citrus Springs
Florida,Clarksville
Florida,Clearwater
Florida,Clearwater Beach
Florida,Clermont
Florida,Clewiston
Florida,Cocoa
Florida,Cocoa Beach
Florida,Coconut Creek
Florida,Coconut Grove
Florida,Coleman
Florida,Conch
Florida,Cooper City
Florida,Copeland
Florida,Coral Gables
Florida,Coral Springs
Florida,Cortez
Florida,Cottondale
Florida,Crawfordville
Florida,Crescent City
Florida,Crestview
Florida,Cross City
Florida,Crystal Beach
Florida,Crystal River
Florida,Cudjoe Key
Florida,Cutler Bay
Florida,Dade City
Florida,Dania
Florida,Dania Beach
Florida,Davenport
Florida,Davie
Florida,Daytona Beach
Florida,Daytona Beach Shores
Florida,De Leon Springs
Florida,Debary
Florida,Deer Island
Florida,Deerfield Beach
Florida,Defuniak Springs
Florida,Deland
Florida,Delray Beach
Florida,Deltona
Florida,Destin
Florida,Doral
Florida,Dover
Florida,Dowling Park
Florida,Duck
Florida,Duette
Florida,Dundee
Florida,Dunedin
Florida,Dunnellon
Florida,Eagle Lake
Florida,Earleton
Florida,East Palatka
Florida,Eastpoint
Florida,Eaton Park
Florida,Eatonville
Florida,Eau Gallie
Florida,Ebro
Florida,Edgewater
Florida,Edgewood
Florida,El Portal
Florida,Elkton
Florida,Ellenton
Florida,Englewood
Florida,Enterprise
Florida,Estero
Florida,Eustis
Florida,Everglades City
Florida,Fanning Springs
Florida,Felda
Florida,Fellsmere
Florida,Fern Park
Florida,Fernandina Beach
Florida,Ferndale
Florida,Flagler Beach
Florida,Fleming Island
Florida,Floral City
Florida,Florida City
Florida,Fort Denaud
Florida,Fort Lauderdale
Florida,Fort McCoy
Florida,Fort Meade
Florida,Fort Myers
Florida,Fort Myers Beach
Florida,Fort Pierce
Florida,Fort Walton Beach
Florida,Fort White
Florida,Fountain
Florida,Freeport
Florida,Frostproof
Florida,Fruit Cove
Florida,Fruitland Park
Florida,Gainesville
Florida,Geiger
Florida,Geneva
Florida,Georgetown
Florida,Gibsonton
Florida,Glen Saint Mary
Florida,Golden Gate
Florida,Goodland
Florida,Gotha
Florida,Goulds
Florida,Graceville
Florida,Grand Island
Florida,Grand Ridge
Florida,Grant
Florida,Grant Valkaria
Florida,Green Cove Springs
Florida,Greenacres
Florida,Greensboro
Florida,Greenville
Florida,Greenwood
Florida,Gretna
Florida,Groveland
Florida,Gulf Breeze
Florida,Gulfport
Florida,Haines City
Florida,Hallandale Beach
Florida,Hampton
Florida,Harmony
Florida,Hastings
Florida,Havana
Florida,Haverhill
Florida,Hawthorne
Florida,Heathrow
Florida,Hernando
Florida,Hernando Beach
Florida,Hialeah
Florida,Hialeah Gardens
Florida,High Springs
Florida,Highland Beach
Florida,Highland City
Florida,Hilliard
Florida,Hobe Sound
Florida,Holiday
Florida,Holly Hill
Florida,Hollywood
Florida,Holmes Beach
Florida,Holt
Florida,Homeland
Florida,Homestead
Florida,Homosassa
Florida,Homosassa Springs
Florida,Horseshoe Beach
Florida,Hosford
Florida,Howey In The Hills
Florida,Hudson
Florida,Hutchinson Island
Florida,Hypoluxo
Florida,Immokalee
Florida,Indialantic
Florida,Indian Harbour Beach
Florida,Indian Lake Estates
Florida,Indian Rocks Beach
Florida,Indian Shores
Florida,Indiantown
Florida,Inglis
Florida,Inlet Beach
Florida,Intercession City
Florida,Interlachen
Florida,Inverness
Florida,Islamorada
Florida,Jacksonville
Florida,Jacksonville Beach
Florida,Jasper
Florida,Jay
Florida,Jena
Florida,Jennings
Florida,Jensen Beach
Florida,Juno Beach
Florida,Jupiter
Florida,Kathleen
Florida,Keaton Beach
Florida,Kenansville
Florida,Kendall
Florida,Kenneth City
Florida,Key Biscayne
Florida,Key Colony
Florida,Key Largo
Florida,Key West
Florida,Keystone Heights
Florida,Kinard
Florida,Kissimmee
Florida,La Crosse
Florida,Labelle
Florida,Lady Lake
Florida,Lake Alfred
Florida,Lake Butler
Florida,Lake City
Florida,Lake Clarke Shores
Florida,Lake Hamilton
Florida,Lake Helen
Florida,Lake Mary
Florida,Lake Panasoffkee
Florida,Lake Park
Florida,Lake Placid
Florida,Lake Suzy
Florida,Lake Talquin
Florida,Lake Wales
Florida,Lake Worth
Florida,Lake Worth Beach
Florida,Lakeland
Florida,Lakeshore
Florida,Lakewood Ranch
Florida,Lakewood Rch
Florida,Lamont
Florida,Lanark Village
Florida,Land O Lakes
Florida,Land O' Lakes
Florida,Lantana
Florida,Largo
Florida,Lauderdale By The Sea
Florida,Lauderdale Lakes
Florida,Lauderhill
Florida,Laurel Hill
Florida,Lawtey
Florida,Layton
Florida,Lazy Lake
Florida,Lecanto
Florida,Lee
Florida,Leesburg
Florida,Lehigh Acres
Florida,Lighthouse Point
Florida,Lithia
Florida,Little Torch
Florida,Live Oak
Florida,Long Key
Florida,Longboat Key
Florida,Longwood
Florida,Lorida
Florida,Loxahatchee
Florida,Loxahatchee Groves
Florida,Lulu
Florida,Lutz
Florida,Lynn Haven
Florida,Macclenny
Florida,Madeira Beach
Florida,Madison
Florida,Madison County
Florida,Maitland
Florida,Malabar
Florida,Malone
Florida,Mangonia Park
Florida,Marathon
Florida,Marco Island
Florida,Margate
Florida,Marianna
Florida,Mary Esther
Florida,Masaryktown
Florida,Mascotte
Florida,Matlacha
Florida,Matlacha Isles
Florida,Mayo
Florida,McAlpin
Florida,McDavid
Florida,McIntosh
Florida,Medart
Florida,Melbourne
Florida,Melbourne Bch
Florida,Melbourne Beach
Florida,Melbourne Village
Florida,Melrose
Florida,Merritt Island
Florida,Mexico Beach
Florida,Miami
Florida,Miami Beach
Florida,Miami Gardens
Florida,Miami Lakes
Florida,Miami Shores
Florida,Miami Springs
Florida,Micanopy
Florida,Micco
Florida,Middle Torch
Florida,Middleburg
Florida,Midway
Florida,Milton
Florida,Mims
Florida,Minneola
Florida,Miramar
Florida,Miramar Beach
Florida,Miromar Lakes
Florida,Molino
Florida,Monticello
Florida,Montura Ranches
Florida,Montverde
Florida,Moore Haven
Florida,Morriston
Florida,Mossy Head
Florida,Mount Dora
Florida,Mount Plymouth
Florida,Mulberry
Florida,Myakka City
Florida,Naples
Florida,Naranja
Florida,Navarre
Florida,Navarre Beach
Florida,Neptune Beach
Florida,New Port Richey
Florida,New Pt Richey
Florida,New Smyrna Beach
Florida,Newberry
Florida,Niceville
Florida,Nobleton
Florida,Nokomis
Florida,North Bay Village
Florida,North Fort Myers
Florida,North Lauderdale
Florida,North Miami
Florida,North Miami Beach
Florida,North Palm Beach
Florida,North Port
Florida,North Redington Beach
Florida,North Venice
Florida,O'Brien
Florida,OBrien
Florida,Oak Hill
Florida,Oakland
Florida,Oakland Park
Florida,Ocala
Florida,Ocean Ridge
Florida,Ochlockonee Bay
Florida,Ocklawaha
Florida,Ocoee
Florida,Odessa
Florida,Okahumpka
Florida,Okeechobee
Florida,Old Town
Florida,Oldsmar
Florida,Ona
Florida,Opa Locka
Florida,Orange City
Florida,Orange Lake
Florida,Orange Park
Florida,Orlando
Florida,Ormond Beach
Florida,Osprey
Florida,Osteen
Florida,Otter Creek
Florida,Oviedo
Florida,Oxford
Florida,Pace
Florida,Pahokee
Florida,Paisley
Florida,Palatka
Florida,Palm Bay
Florida,Palm Beach
Florida,Palm Beach Gardens
Florida,Palm Beach Shores
Florida,Palm City
Florida,Palm Coast
Florida,Palm Harbor
Florida,Palm Springs
Florida,Palmdale
Florida,Palmetto
Florida,Palmetto Bay
Florida,Panacea
Florida,Panama City
Florida,Panama City Beach
Florida,Parkland
Florida,Parrish
Florida,Pembroke Park
Florida,Pembroke Pines
Florida,Pensacola
Florida,Pensacola Beach
Florida,Perrine
Florida,Perry
Florida,Pierson
Florida,Pinecrest
Florida,Pinellas Park
Florida,Pinetta
Florida,Placida
Florida,Plant City
Florida,Plantation
Florida,Poinciana
Florida,Point Washington
Florida,Polk City
Florida,Pomona Park
Florida,Pompano Beach
Florida,Ponce De Leon
Florida,Ponce Inlet
Florida,Ponce de Leon
Florida,Ponte Vedra
Florida,Ponte Vedra Beach
Florida,Port Charlotte
Florida,Port Orange
Florida,Port Richey
Florida,Port Saint Joe
Florida,Port Saint John
Florida,Port Saint Lucie
Florida,Providence
Florida,Pt Charlotte
Florida,Punta Gorda
Florida,Quincy
Florida,Raiford
Florida,Ramrod Key
Florida,Reddick
Florida,Redington Bch
Florida,Redington Beach
Florida,Redington Shores
Florida,Reunion
Florida,Ridge Manor
Florida,Riverview
Florida,Riviera Beach
Florida,Rockledge
Florida,Rotonda West
Florida,Royal Palm Beach
Florida,Royal Palm Estates
Florida,Ruskin
Florida,Saddle Bunch
Florida,Safety Harbor
Florida,Saint Augustine
Florida,Saint Augustine Beach
Florida,Saint Cloud
Florida,Saint George Island
Florida,Saint James City
Florida,Saint Johns
Florida,Saint Lucie West
Florida,Saint Pete Beach
Florida,Saint Petersburg
Florida,Saint Teresa
Florida,Salt Springs
Florida,San Antonio
Florida,San Mateo
Florida,Sanderson
Florida,Sanford
Florida,Sanibel
Florida,Santa Rosa Beach
Florida,Sarasota
Florida,Satellite Beach
Florida,Satsuma
Florida,Sea Ranch Lakes
Florida,Seacrest
Florida,Sebastian
Florida,Sebring
Florida,Seffner
Florida,Seminole
Florida,Seville
Florida,Sewalls Point
Florida,Shady Hills
Florida,Shalimar
Florida,Silver Springs
Florida,Singer Island
Florida,Sneads
Florida,Sopchoppy
Florida,Sorrento
Florida,South Bay
Florida,South Daytona
Florida,South Miami
Florida,South Pasadena
Florida,Southport
Florida,Southwest Ranches
Florida,Spring Hill
Florida,Springhill
Florida,Starke
Florida,Steinhatchee
Florida,Stock Island
Florida,Stuart
Florida,Sugarloaf
Florida,Sugarloaf Key
Florida,Summerfield
Florida,Summerland Key
Florida,Sumterville
Florida,Sun City Center
Florida,Sunny Isles Beach
Florida,Sunrise
Florida,Surfside
Florida,Suwannee
Florida,Sweetwater
Florida,Tallahassee
Florida,Tamarac
Florida,Tampa
Florida,Tarpon Springs
Florida,Tavares
Florida,Tavernier
Florida,Temple Terrace
Florida,Tequesta
Florida,The Acreage
Florida,The Villages
Florida,Thonotosassa
Florida,Tierra Verde
Florida,Titusville
Florida,Treasure Island
Florida,Trenton
Florida,Trinity
Florida,Umatilla
Florida,University Park
Florida,Upper Captiva
Florida,Useppa Island
Florida,Valparaiso
Florida,Valrico
Florida,Venice
Florida,Venus
Florida,Vernon
Florida,Vero Beach
Florida,Viera
Florida,Village Of Golf
Florida,Village of Islands
Florida,Villano Beach
Florida,Virginia Gardens
Florida,Wakulla Springs
Florida,Waldo
Florida,Watersound
Florida,Wauchula
Florida,Wausau
Florida,Waverly
Florida,Webster
Florida,Weeki Wachee
Florida,Weirsdale
Florida,Welaka
Florida,Wellborn
Florida,Wellington
Florida,Wesley Chapel
Florida,West Melbourne
Florida,West Miami
Florida,West Palm Beach
Florida,West Panama City Beach
Florida,West Park
Florida,Westlake
Florida,Weston
Florida,Westville
Florida,Wewahitchka
Florida,White Springs
Florida,Wilbur By the Sea
Florida,Wildwood
Florida,Williston
Florida,Wilton Manors
Florida,Wimauma
Florida,Windermere
Florida,Winter Garden
Florida,Winter Haven
Florida,Winter Park
Florida,Winter Springs
Florida,Woodville
Florida,Yalaha
Florida,Yankeetown
Florida,Youngstown
Florida,Yulee
Florida,Zellwood
Florida,Zephyrhills
Florida,Zolfo Springs
Georgia,Abbeville
Georgia,Acworth
Georgia,Adairsville
Georgia,Adel
Georgia,Adrian
Georgia,Aiken
Georgia,Ailey
Georgia,Alamo
Georgia,Alapaha
Georgia,Albany
Georgia,Allenhurst
Georgia,Allentown
Georgia,Alma
Georgia,Alphar
Georgia,Alpharetta
Georgia,Alto
Georgia,Ambrose
Georgia,Americus
Georgia,Appling
Georgia,Aragon
Georgia,Arlington
Georgia,Armuchee
Georgia,Arnoldsville
Georgia,Ashburn
Georgia,Athens
Georgia,Atlanta
Georgia,Attapulgus
Georgia,Auburn
Georgia,Augusta
Georgia,Austell
Georgia,Avera
Georgia,Avondale Est
Georgia,Avondale Estates
Georgia,Baconton
Georgia,Bainbridge
Georgia,Baldwin
Georgia,Ball Ground
Georgia,Barnesville
Georgia,Barney
Georgia,Bartow
Georgia,Baxley
Georgia,Berkeley Lake
Georgia,Bethlehem
Georgia,Big Canoe
Georgia,Bishop
Georgia,Blackshear
Georgia,Blairs
Georgia,Blairsville
Georgia,Blakely
Georgia,Bloomingdale
Georgia,Blue
Georgia,Blue Ridge
Georgia,Blythe
Georgia,Bogart
Georgia,Bonaire
Georgia,Boston
Georgia,Bowdon
Georgia,Bowersville
Georgia,Bowman
Georgia,Box Springs
Georgia,Braselton
Georgia,Bremen
Georgia,Brinson
Georgia,Bristol
Georgia,Bronwood
Georgia,Brookhaven
Georgia,Brooklet
Georgia,Brooks
Georgia,Brunswick
Georgia,Bryon
Georgia,Buchanan
Georgia,Buckhead
Georgia,Buena Vista
Georgia,Buford
Georgia,Butler
Georgia,Byron
Georgia,Cadwell
Georgia,Cairo
Georgia,Calhoun
Georgia,Calvary
Georgia,Camak
Georgia,Camden
Georgia,Camilla
Georgia,Canon
Georgia,Canton
Georgia,Carlton
Georgia,Carnesville
Georgia,Carrollton
Georgia,Carter
Georgia,Cartersville
Georgia,Cataula
Georgia,Cave Spring
Georgia,Cedart
Georgia,Cedartown
Georgia,Centerville
Georgia,Chambl
Georgia,Chamblee
Georgia,Chatsworth
Georgia,Chattahoochee Hills
Georgia,Chauncey
Georgia,Cherry Log
Georgia,Chester
Georgia,Chickamauga
Georgia,Chula
Georgia,Cisco
Georgia,Clarkesville
Georgia,Clarks
Georgia,Clarkston
Georgia,Claxton
Georgia,Clayton
Georgia,Clermont
Georgia,Cleveland
Georgia,Climax
Georgia,Cloudland
Georgia,Clyo
Georgia,Cobb
Georgia,Cobbtown
Georgia,Cochran
Georgia,Cohutta
Georgia,Colbert
Georgia,Coleman
Georgia,College Park
Georgia,Collins
Georgia,Colquitt
Georgia,Columbia
Georgia,Columbus
Georgia,Comer
Georgia,Commerce
Georgia,Concord
Georgia,Conley
Georgia,Conyers
Georgia,Coolidge
Georgia,Cordele
Georgia,Cornelia
Georgia,Covington
Georgia,Crandall
Georgia,Crawford
Georgia,Crawfordville
Georgia,Culloden
Georgia,Cumming
Georgia,Cusseta
Georgia,Cuthbert
Georgia,Dacula
Georgia,Dahlonega
Georgia,Dallas
Georgia,Dalton
Georgia,Damascus
Georgia,Danielsville
Georgia,Danville
Georgia,Darien
Georgia,Davisboro
Georgia,Dawson
Georgia,Dawsonville
Georgia,Dearing
Georgia,Decatur
Georgia,Demorest
Georgia,Denton
Georgia,Dewy Rose
Georgia,Dexter
Georgia,Dillard
Georgia,Doerun
Georgia,Donalsonville
Georgia,Doraville
Georgia,Douglas
Georgia,Douglasville
Georgia,Dry Branch
Georgia,Dublin
Georgia,Dudley
Georgia,Duluth
Georgia,Dunwoody
Georgia,East Dublin
Georgia,East Ellijay
Georgia,East Point
Georgia,Eastanollee
Georgia,Eastman
Georgia,Eastpt
Georgia,Eatonton
Georgia,Eden
Georgia,Edison
Georgia,Elberton
Georgia,Elko
Georgia,Ellabell
Georgia,Ellaville
Georgia,Ellenw
Georgia,Ellenwood
Georgia,Ellerslie
Georgia,Ellijay
Georgia,Emerson
Georgia,Enigma
Georgia,Epworth
Georgia,Euharl
Georgia,Euharlee
Georgia,Evans
Georgia,Fairbn
Georgia,Fairburn
Georgia,Fairmount
Georgia,Fargo
Georgia,Fayette
Georgia,Fayetteville
Georgia,Fiarburn
Georgia,Fitzgerald
Georgia,Fleming
Georgia,Flintstone
Georgia,Flovilla
Georgia,Flower
Georgia,Flowery Branch
Georgia,Folkston
Georgia,Forest Park
Georgia,Forsyth
Georgia,Fort Gaines
Georgia,Fort Oglethorpe
Georgia,Fort Stewart
Georgia,Fort Valley
Georgia,Fortson
Georgia,Franklin
Georgia,Franklin Springs
Georgia,Gaines
Georgia,Gainesville
Georgia,Garden City
Georgia,Garfield
Georgia,Gay
Georgia,Georgetown
Georgia,Gibson
Georgia,Gillsville
Georgia,Girard
Georgia,Glennville
Georgia,Good Hope
Georgia,Gordon
Georgia,Grantville
Georgia,Gray
Georgia,Grayson
Georgia,Greensboro
Georgia,Greenville
Georgia,Griffin
Georgia,Grovetown
Georgia,Guyton
Georgia,Gwinnett
Georgia,Haddock
Georgia,Hagan
Georgia,Hahira
Georgia,Hamilton
Georgia,Hampton
Georgia,Hapeville
Georgia,Harlem
Georgia,Harrison
Georgia,Hartwell
Georgia,Hawkinsville
Georgia,Haynesville
Georgia,Hazlehurst
Georgia,Helen
Georgia,Helena
Georgia,Hephzibah
Georgia,Hiawassee
Georgia,Hillsboro
Georgia,Hinesville
Georgia,Hiram
Georgia,Hoboken
Georgia,Hogansville
Georgia,Holly Springs
Georgia,Homer
Georgia,Homerville
Georgia,Hortense
Georgia,Hoschton
Georgia,Hull
Georgia,Ideal
Georgia,Iron City
Georgia,Jackson
Georgia,Jasper
Georgia,Jeffer
Georgia,Jefferson
Georgia,Jeffersonville
Georgia,Jekyll Island
Georgia,Jenkinsburg
Georgia,Jesup
Georgia,Johcrk
Georgia,Johns Creek
Georgia,Jonesboro
Georgia,Jonese
Georgia,Juliette
Georgia,Kathleen
Georgia,Kennes
Georgia,Kennesaw
Georgia,Keysville
Georgia,Kinglsand
Georgia,Kingsland
Georgia,Kingston
Georgia,Knoxville
Georgia,LaFayette
Georgia,Lagrange
Georgia,Lake Blackshear
Georgia,Lake City
Georgia,Lake Park
Georgia,Lake Spivey
Georgia,Lakeland
Georgia,Lakemont
Georgia,Lavonia
Georgia,Lawren
Georgia,Lawrenceville
Georgia,Leesburg
Georgia,Lenox
Georgia,Lexington
Georgia,Lilburn
Georgia,Lincolnton
Georgia,Lindale
Georgia,Lithia Springs
Georgia,Lithonia
Georgia,Lizella
Georgia,Locust Grove
Georgia,Loganv
Georgia,Loganville
Georgia,Lookout Mountain
Georgia,Louisville
Georgia,Lovejoy
Georgia,Lowndes
Georgia,Ludowici
Georgia,Lula
Georgia,Luthersville
Georgia,Lyerly
Georgia,Lyons
Georgia,Mablet
Georgia,Mableton
Georgia,Macon
Georgia,Madison
Georgia,Manchester
Georgia,Mansfield
Georgia,Marble Hill
Georgia,Mariet
Georgia,Marietta
Georgia,Marshallville
Georgia,Martin
Georgia,Martinez
Georgia,Matthews
Georgia,Maxeys
Georgia,Maysville
Georgia,McCaysville
Georgia,McDono
Georgia,McDonough
Georgia,McIntyre
Georgia,McRae
Georgia,McRae Helena
Georgia,Meansville
Georgia,Meigs
Georgia,Menlo
Georgia,Metter
Georgia,Midland
Georgia,Midville
Georgia,Midway
Georgia,Milan
Georgia,Milledgeville
Georgia,Millen
Georgia,Milner
Georgia,Milton
Georgia,Mineral Bluff
Georgia,Mitchell
Georgia,Molena
Georgia,Monroe
Georgia,Montezuma
Georgia,Monticello
Georgia,Montrose
Georgia,Moreland
Georgia,Morgan
Georgia,Morganton
Georgia,Morrow
Georgia,Morven
Georgia,Moultrie
Georgia,Mount Airy
Georgia,Mount Vernon
Georgia,Mount Zion
Georgia,Mountain City
Georgia,Mountain Park
Georgia,Murray
Georgia,Murrayville
Georgia,Musella
Georgia,Nahunta
Georgia,Nashville
Georgia,Naylor
Georgia,Nelson
Georgia,Newborn
Georgia,Newington
Georgia,Newnan
Georgia,Nicholson
Georgia,Norcro
Georgia,Norcross
Georgia,Norman Park
Georgia,North Augusta
Georgia,Oakwood
Georgia,Ochlocknee
Georgia,Ocilla
Georgia,Odum
Georgia,Oglethorpe
Georgia,Oxford
Georgia,Palmetto
Georgia,Parrott
Georgia,Patterson
Georgia,Pavo
Georgia,Peachc
Georgia,Peachtree City
Georgia,Peachtree Corners
Georgia,Pelham
Georgia,Pembroke
Georgia,Pendergrass
Georgia,Perkins
Georgia,Perry
Georgia,Pine Lake
Georgia,Pine Mountain
Georgia,Pine Mountain Valley
Georgia,Pinehurst
Georgia,Pitts
Georgia,Plainville
Georgia,Pooler
Georgia,Port Wentworth
Georgia,Portal
Georgia,Porterdale
Georgia,Powder Springs
Georgia,Pridgen
Georgia,Quitman
Georgia,Rabun Gap
Georgia,Ranger
Georgia,Ray City
Georgia,Rayle
Georgia,Rebecca
Georgia,Register
Georgia,Reidsville
Georgia,Remerton
Georgia,Rentz
Georgia,Resaca
Georgia,Rex
Georgia,Reynolds
Georgia,Rhine
Georgia,Richland
Georgia,Richmond Hill
Georgia,Rincon
Georgia,Ringgold
Georgia,Rising Fawn
Georgia,Riverd
Georgia,Riverdale
Georgia,Roberta
Georgia,Rochelle
Georgia,Rock Spring
Georgia,Rockmart
Georgia,Rocky Face
Georgia,Rocky Ford
Georgia,Rome
Georgia,Roopville
Georgia,Rossville
Georgia,Roswell
Georgia,Royston
Georgia,Rutledge
Georgia,Rydal
Georgia,Saint George
Georgia,Saint Mary's
Georgia,Saint Marys
Georgia,Saint Simons
Georgia,Saint Simons Island
Georgia,Sale City
Georgia,Sandersville
Georgia,Sandy Springs
Georgia,Sardis
Georgia,Sautee Nacoochee
Georgia,Savannah
Georgia,Scottdale
Georgia,Screven
Georgia,Senioa
Georgia,Senoia
Georgia,Shady Dale
Georgia,Shannon
Georgia,Sharpsburg
Georgia,Shellman Bluff
Georgia,Shiloh
Georgia,Silver Creek
Georgia,Sky Valley
Georgia,Smithville
Georgia,Smoke Rise
Georgia,Smyrna
Georgia,Snellv
Georgia,Snellville
Georgia,Social Circle
Georgia,Soperton
Georgia,South Fulton
Georgia,Sparks
Georgia,Sparta
Georgia,Springfield
Georgia,Stapleton
Georgia,Statenville
Georgia,Statesboro
Georgia,Statham
Georgia,Stephens
Georgia,Stockbridge
Georgia,Stone Mountain
Georgia,Stonecrest
Georgia,Stonem
Georgia,Suches
Georgia,Sugar Hill
Georgia,Sugar Valley
Georgia,Sugarh
Georgia,Summerville
Georgia,Sumner
Georgia,Surrency
Georgia,Suwanee
Georgia,Swainsboro
Georgia,Sycamore
Georgia,Sylvania
Georgia,Sylvester
Georgia,Talking Rock
Georgia,Tallapoosa
Georgia,Talmo
Georgia,Tate
Georgia,Taylorsville
Georgia,Temple
Georgia,Tennille
Georgia,The Rock
Georgia,Thomaston
Georgia,Thomasville
Georgia,Thomson
Georgia,Thunderbolt
Georgia,Tifton
Georgia,Tiger
Georgia,Tignall
Georgia,Toccoa
Georgia,Toomsboro
Georgia,Townsend
Georgia,Trenton
Georgia,Trion
Georgia,Tucker
Georgia,Tunnel Hill
Georgia,Turin
Georgia,Twin City
Georgia,Tybee Island
Georgia,Tyrone
Georgia,Unadilla
Georgia,Union City
Georgia,Union Point
Georgia,Upatoi
Georgia,Uvalda
Georgia,Valdosta
Georgia,Varnell
Georgia,Vidalia
Georgia,Vienna
Georgia,Villa Rica
Georgia,Villanow
Georgia,Waco
Georgia,Wadley
Georgia,Waleska
Georgia,Walthourville
Georgia,Warm Springs
Georgia,Warner Robins
Georgia,Warrenton
Georgia,Warthen
Georgia,Warwick
Georgia,Washington
Georgia,Watkinsville
Georgia,Waverly
Georgia,Waverly Hall
Georgia,Waycross
Georgia,Waynesboro
Georgia,Waynesville
Georgia,West Green
Georgia,West Point
Georgia,Whigham
Georgia,White
Georgia,White Oak
Georgia,White Plains
Georgia,Whitesburg
Georgia,Wildwood
Georgia,Williamson
Georgia,Winder
Georgia,Winston
Georgia,Winterville
Georgia,Woodbine
Georgia,Woodbury
Georgia,Woodland
Georgia,Woodstock
Georgia,Woodville
Georgia,Wray
Georgia,Wrens
Georgia,Wrightsville
Georgia,Yatesville
Georgia,Young Harris
Georgia,Zebulon
Guam,Agana Heights
Guam,Agat
Guam,Asan
Guam,Barrigada
Guam,Dededo
Guam,Inarajan
Guam,Mangilao
Guam,Merizo
Guam,Mongmong Toto Maite
Guam,Ordot Chalan Pago
Guam,Piti
Guam,Santa Rita
Guam,Sinajana
Guam,Talofofo
Guam,Tamuning
Guam,Tumon
Guam,Yigo
Guam,Yona
Hawaii,Aiea
Hawaii,Anahola
Hawaii,Captain Cook
Hawaii,Eleele
Hawaii,Ewa Beach
Hawaii,Haiku
Hawaii,Hakalau
Hawaii,Haleiwa
Hawaii,Hana
Hawaii,Hanalei
Hawaii,Hanapepe
Hawaii,Hauula
Hawaii,Hawi
Hawaii,Hilo
Hawaii,Holualoa
Hawaii,Honaunau
Hawaii,Honokaa
Hawaii,Honolulu
Hawaii,Honomu
Hawaii,Kaaawa
Hawaii,Kahuku
Hawaii,Kahului
Hawaii,Kailua
Hawaii,Kailua Kona
Hawaii,Kalaheo
Hawaii,Kamuela
Hawaii,Kaneohe
Hawaii,Kapaa
Hawaii,Kapaau
Hawaii,Kapolei
Hawaii,Kaunakakai
Hawaii,Keaau
Hawaii,Kealakekua
Hawaii,Keauhou
Hawaii,Kekaha
Hawaii,Kihei
Hawaii,Kilauea
Hawaii,Koloa
Hawaii,Kualapuu
Hawaii,Kula
Hawaii,Kurtistown
Hawaii,Lahaina
Hawaii,Laie
Hawaii,Lanai City
Hawaii,Laupahoehoe
Hawaii,Lihue
Hawaii,Makawao
Hawaii,Maunaloa
Hawaii,Mililani
Hawaii,Mount View
Hawaii,Mountain View
Hawaii,Naalehu
Hawaii,Ocean View
Hawaii,Paauilo
Hawaii,Pahala
Hawaii,Pahoa
Hawaii,Paia
Hawaii,Papaaloa
Hawaii,Papaikou
Hawaii,Pearl City
Hawaii,Princeville
Hawaii,Pukalani
Hawaii,Volcano
Hawaii,Wahiawa
Hawaii,Waialua
Hawaii,Waianae
Hawaii,Waikoloa
Hawaii,Wailuku
Hawaii,Waimanalo
Hawaii,Waimea
Hawaii,Waipahu
Idaho,Aberdeen
Idaho,Ahsahka
Idaho,Albion
Idaho,American Falls
Idaho,Ammon
Idaho,Arco
Idaho,Arimo
Idaho,Ashton
Idaho,Athol
Idaho,Banks
Idaho,Bayview
Idaho,Bellevue
Idaho,Blackfoot
Idaho,Blaine County
Idaho,Blanchard
Idaho,Bliss
Idaho,Boise
Idaho,Bonners Ferry
Idaho,Bovill
Idaho,Bruneau
Idaho,Buhl
Idaho,Burley
Idaho,Caldwell
Idaho,Cambridge
Idaho,Carey
Idaho,Careywood
Idaho,Carmen
Idaho,Cascade
Idaho,Castleford
Idaho,Cataldo
Idaho,Challis
Idaho,Chubbuck
Idaho,Clark Fork
Idaho,Clayton
Idaho,Cocolalla
Idaho,Coeur D Alene
Idaho,Coeur d'Alene
Idaho,Cottonwood
Idaho,Council
Idaho,Craigmont
Idaho,Culdesac
Idaho,Dalton Gardens
Idaho,Dayton
Idaho,Deary
Idaho,Declo
Idaho,Dietrich
Idaho,Dingle
Idaho,Dixie
Idaho,Donnelly
Idaho,Dover
Idaho,Downey
Idaho,Driggs
Idaho,Eagle
Idaho,Eden
Idaho,Elba
Idaho,Elk City
Idaho,Elk River
Idaho,Emmett
Idaho,Fairfield
Idaho,Featherville
Idaho,Filer
Idaho,Firth
Idaho,Fish Haven
Idaho,Franklin
Idaho,Fruitland
Idaho,Garden City
Idaho,Garden Valley
Idaho,Genesee
Idaho,Georgetown
Idaho,Glenns Ferry
Idaho,Gooding
Idaho,Grace
Idaho,Grand View
Idaho,Grangeville
Idaho,Greenleaf
Idaho,Hagerman
Idaho,Hailey
Idaho,Hamer
Idaho,Hansen
Idaho,Harpster
Idaho,Harrison
Idaho,Harvard
Idaho,Hauser
Idaho,Hayden
Idaho,Hayden Lake
Idaho,Hazelton
Idaho,Heyburn
Idaho,Hollister
Idaho,Homedale
Idaho,Hope
Idaho,Horseshoe Bend
Idaho,Idaho City
Idaho,Idaho Falls
Idaho,Indian Valley
Idaho,Inkom
Idaho,Iona
Idaho,Irwin
Idaho,Island Park
Idaho,Jackson
Idaho,Jerome
Idaho,Juliaetta
Idaho,Kamiah
Idaho,Kellogg
Idaho,Kendrick
Idaho,Ketchum
Idaho,Kimberly
Idaho,Kingston
Idaho,Kooskia
Idaho,Kootenai
Idaho,Kuna
Idaho,Laclede
Idaho,Lapwai
Idaho,Lava Hot Springs
Idaho,Leadore
Idaho,Lenore
Idaho,Lewiston
Idaho,Mackay
Idaho,Malad City
Idaho,Malta
Idaho,Marsing
Idaho,McCall
Idaho,McCammon
Idaho,Melba
Idaho,Menan
Idaho,Meridian
Idaho,Mesa
Idaho,Middleton
Idaho,Midvale
Idaho,Montpelier
Idaho,Moore
Idaho,Moscow
Idaho,Mountain Home
Idaho,Moyie Springs
Idaho,Murphy
Idaho,Murray
Idaho,Murtaugh
Idaho,Nampa
Idaho,Naples
Idaho,New Meadows
Idaho,New Plymouth
Idaho,Nezperce
Idaho,Notus
Idaho,Oakley
Idaho,Ola
Idaho,Oldtown
Idaho,Onaway
Idaho,Oreana
Idaho,Orofino
Idaho,Osburn
Idaho,Paris
Idaho,Parma
Idaho,Paul
Idaho,Payette
Idaho,Peck
Idaho,Pierce
Idaho,Pine
Idaho,Pine Featherville
Idaho,Pinehurst
Idaho,Plummer
Idaho,Pocatello
Idaho,Pollock
Idaho,Ponderay
Idaho,Post Falls
Idaho,Potlatch
Idaho,Preston
Idaho,Prichard
Idaho,Priest Lake
Idaho,Priest River
Idaho,Princeton
Idaho,Rathdrum
Idaho,Rexburg
Idaho,Richfield
Idaho,Rigby
Idaho,Riggins
Idaho,Ririe
Idaho,Roberts
Idaho,Rockland
Idaho,Rupert
Idaho,Sagle
Idaho,Saint Anthony
Idaho,Saint Charles
Idaho,Saint Maries
Idaho,Salmon
Idaho,Sandpoint
Idaho,Santa
Idaho,Secesh
Idaho,Shelley
Idaho,Shoshone
Idaho,Silverton
Idaho,Smelterville
Idaho,Soda Springs
Idaho,Spencer
Idaho,Spirit Lake
Idaho,Springfield
Idaho,Stanley
Idaho,Star
Idaho,Stites
Idaho,Sugar City
Idaho,Swan Valley
Idaho,Sweet
Idaho,Teton
Idaho,Tetonia
Idaho,Troy
Idaho,Twin Falls
Idaho,Victor
Idaho,Viola
Idaho,Wallace
Idaho,Weippe
Idaho,Weiser
Idaho,Wendell
Idaho,Weston
Idaho,White Bird
Idaho,Wilder
Idaho,Winchester
Idaho,Worley
Illinois,Abingdon
Illinois,Adair
Illinois,Addieville
Illinois,Addison
Illinois,Albany
Illinois,Albion
Illinois,Aledo
Illinois,Alexis
Illinois,Algonquin
Illinois,Alhambra
Illinois,Allendale
Illinois,Allerton
Illinois,Alma
Illinois,Alorton
Illinois,Alpha
Illinois,Alsip
Illinois,Altamont
Illinois,Alto Pass
Illinois,Alton
Illinois,Altona
Illinois,Amboy
Illinois,Anchor
Illinois,Ancona
Illinois,Andalusia
Illinois,Andover
Illinois,Anna
Illinois,Annapolis
Illinois,Annawan
Illinois,Antioch
Illinois,Apple Canyon Lake
Illinois,Apple River
Illinois,Arcola
Illinois,Argenta
Illinois,Arlington
Illinois,Arlington Heights
Illinois,Armington
Illinois,Armstrong
Illinois,Aroma Park
Illinois,Arrowsmith
Illinois,Arthur
Illinois,Ashkum
Illinois,Ashland
Illinois,Ashley
Illinois,Ashton
Illinois,Assumption
Illinois,Astoria
Illinois,Athens
Illinois,Atkinson
Illinois,Atlanta
Illinois,Atwood
Illinois,Auburn
Illinois,Augusta
Illinois,Aurora
Illinois,Ava
Illinois,Aviston
Illinois,Avon
Illinois,Barrington
Illinois,Barrington Hills
Illinois,Barry
Illinois,Bartlett
Illinois,Bartonville
Illinois,Batavia
Illinois,Bath
Illinois,Beach Park
Illinois,Beardstown
Illinois,Beason
Illinois,Beaverville
Illinois,Beckemeyer
Illinois,Beecher
Illinois,Belle Rive
Illinois,Belleville
Illinois,Bellevue
Illinois,Bellflower
Illinois,Bellmont
Illinois,Bellwood
Illinois,Belvidere
Illinois,Bement
Illinois,Benld
Illinois,Bensenville
Illinois,Benson
Illinois,Benton
Illinois,Berkeley
Illinois,Berwyn
Illinois,Bethalto
Illinois,Bethany
Illinois,Big Rock
Illinois,Biggsville
Illinois,Bismarck
Illinois,Blackstone
Illinois,Blandinsville
Illinois,Bloomingdale
Illinois,Bloomington
Illinois,Blue Island
Illinois,Blue Mound
Illinois,Bluford
Illinois,Bolingbrook
Illinois,Bondville
Illinois,Bonfield
Illinois,Bourbonnais
Illinois,Bowen
Illinois,Braceville
Illinois,Bradford
Illinois,Bradley
Illinois,Braidwood
Illinois,Breese
Illinois,Bridgeport
Illinois,Bridgeview
Illinois,Brighton
Illinois,Brimfield
Illinois,Bristol
Illinois,Broadlands
Illinois,Broadview
Illinois,Brocton
Illinois,Brookfield
Illinois,Brookport
Illinois,Brownstown
Illinois,Brussels
Illinois,Buckingham
Illinois,Buckley
Illinois,Buckner
Illinois,Buda
Illinois,Buffalo
Illinois,Buffalo Grove
Illinois,Bull Valley
Illinois,Bunker Hill
Illinois,Burbank
Illinois,Bureau
Illinois,Burlington
Illinois,Burnham
Illinois,Burr Ridge
Illinois,Bushnell
Illinois,Butler
Illinois,Byron
Illinois,Cabery
Illinois,Cahokia
Illinois,Caledonia
Illinois,Calumet City
Illinois,Calumet Park
Illinois,Camargo
Illinois,Cambria
Illinois,Cambridge
Illinois,Camden
Illinois,Camp Grove
Illinois,Camp Point
Illinois,Campton Hills
Illinois,Canton
Illinois,Capron
Illinois,Carbon Cliff
Illinois,Carbondale
Illinois,Carlinville
Illinois,Carlock
Illinois,Carlyle
Illinois,Carmi
Illinois,Carol Stream
Illinois,Carpentersville
Illinois,Carrier Mills
Illinois,Carrollton
Illinois,Carterville
Illinois,Carthage
Illinois,Cary
Illinois,Casey
Illinois,Caseyville
Illinois,Catlin
Illinois,Cave In Rock
Illinois,Cedar Point
Illinois,Cedarville
Illinois,Centralia
Illinois,Centreville
Illinois,Cerro Gordo
Illinois,Chambersburg
Illinois,Champaign
Illinois,Chana
Illinois,Chandlerville
Illinois,Channahon
Illinois,Charleston
Illinois,Chatham
Illinois,Chatsworth
Illinois,Chebanse
Illinois,Chenoa
Illinois,Cherry
Illinois,Cherry Valley
Illinois,Chester
Illinois,Chesterfield
Illinois,Chestnut
Illinois,Chicago
Illinois,Chicago Heights
Illinois,Chicago Ridge
Illinois,Chillicothe
Illinois,Chrisman
Illinois,Christopher
Illinois,Cicero
Illinois,Cisco
Illinois,Cisne
Illinois,Cissna Park
Illinois,Clare
Illinois,Claremont
Illinois,Clarendon Hills
Illinois,Clay City
Illinois,Clayton
Illinois,Clifton
Illinois,Clinton
Illinois,Coal City
Illinois,Coal Valley
Illinois,Cobden
Illinois,Coffeen
Illinois,Colchester
Illinois,Colfax
Illinois,Collinsville
Illinois,Colona
Illinois,Columbia
Illinois,Compton
Illinois,Concord
Illinois,Congerville
Illinois,Cooksville
Illinois,Cordova
Illinois,Cornell
Illinois,Cortland
Illinois,Cottage Hills
Illinois,Coulterville
Illinois,Country Club Hills
Illinois,Countryside
Illinois,Cowden
Illinois,Creal Springs
Illinois,Crescent City
Illinois,Crest Hill
Illinois,Creston
Illinois,Crestwood
Illinois,Crete
Illinois,Creve Coeur
Illinois,Cropsey
Illinois,Crossville
Illinois,Crystal Lake
Illinois,Cuba
Illinois,Cullom
Illinois,Custer Park
Illinois,Cutler
Illinois,Dahinda
Illinois,Dahlgren
Illinois,Dakota
Illinois,Dallas City
Illinois,Dalzell
Illinois,Damiansville
Illinois,Danforth
Illinois,Danvers
Illinois,Danville
Illinois,Darien
Illinois,Darmstadt
Illinois,Davis
Illinois,Davis Junction
Illinois,Dawson
Illinois,De Land
Illinois,De Soto
Illinois,DeWitt
Illinois,Decatur
Illinois,Deer Creek
Illinois,Deer Park
Illinois,Deerfield
Illinois,Dekalb
Illinois,Delavan
Illinois,Delong
Illinois,Depue
Illinois,Des Plaines
Illinois,Dewey
Illinois,Diamond
Illinois,Dieterich
Illinois,Divernon
Illinois,Dix
Illinois,Dixmoor
Illinois,Dixon
Illinois,Dolton
Illinois,Dongola
Illinois,Donovan
Illinois,Dorchester
Illinois,Dorsey
Illinois,Dover
Illinois,Dow
Illinois,Dowell
Illinois,Downers Grove
Illinois,Downs
Illinois,Du Bois
Illinois,Du Quoin
Illinois,Dundas
Illinois,Dundee
Illinois,Dunfermline
Illinois,Dunlap
Illinois,Dupo
Illinois,Durand
Illinois,Dwight
Illinois,Earlville
Illinois,East Alton
Illinois,East Carondelet
Illinois,East Dubuque
Illinois,East Dundee
Illinois,East Galesburg
Illinois,East Hazel Crest
Illinois,East Moline
Illinois,East Peoria
Illinois,East Saint Louis
Illinois,Eddyville
Illinois,Edelstein
Illinois,Edgewood
Illinois,Edwards
Illinois,Edwardsville
Illinois,Effingham
Illinois,El Paso
Illinois,Elburn
Illinois,Eldena
Illinois,Eldorado
Illinois,Eldred
Illinois,Elgin
Illinois,Elizabeth
Illinois,Elizabethtown
Illinois,Elk Grove Village
Illinois,Elkhart
Illinois,Elkville
Illinois,Elliott
Illinois,Ellis Grove
Illinois,Ellsworth
Illinois,Elmhurst
Illinois,Elmwood
Illinois,Elmwood Park
Illinois,Elsah
Illinois,Elwood
Illinois,Emden
Illinois,Emington
Illinois,Energy
Illinois,Enfield
Illinois,Eola
Illinois,Equality
Illinois,Erie
Illinois,Esmond
Illinois,Essex
Illinois,Eureka
Illinois,Evanston
Illinois,Evansville
Illinois,Evergreen Park
Illinois,Fairbury
Illinois,Fairfield
Illinois,Fairmount
Illinois,Fairview
Illinois,Fairview Heights
Illinois,Farmer City
Illinois,Farmersville
Illinois,Farmington
Illinois,Fayetteville
Illinois,Fiatt
Illinois,Fieldon
Illinois,Fillmore
Illinois,Findlay
Illinois,Fisher
Illinois,Fithian
Illinois,Flanagan
Illinois,Flat Rock
Illinois,Flora
Illinois,Flossmoor
Illinois,Foosland
Illinois,Ford Heights
Illinois,Forest City
Illinois,Forest Park
Illinois,Forest View
Illinois,Forrest
Illinois,Forreston
Illinois,Forsyth
Illinois,Fox Lake
Illinois,Fox River Grove
Illinois,Frankfort
Illinois,Franklin
Illinois,Franklin Grove
Illinois,Franklin Park
Illinois,Freeburg
Illinois,Freeman Spur
Illinois,Freeport
Illinois,Fulton
Illinois,Fults
Illinois,Gages Lake
Illinois,Galatia
Illinois,Galena
Illinois,Galesburg
Illinois,Galva
Illinois,Garden Prairie
Illinois,Gardner
Illinois,Gays
Illinois,Geff
Illinois,Geneseo
Illinois,Geneva
Illinois,Genoa
Illinois,Georgetown
Illinois,Gerlaw
Illinois,German Valley
Illinois,Germantown Hills
Illinois,Gibson City
Illinois,Gifford
Illinois,Gilberts
Illinois,Gillespie
Illinois,Gilman
Illinois,Girard
Illinois,Gladstone
Illinois,Glasford
Illinois,Glasgow
Illinois,Glen Carbon
Illinois,Glen Ellyn
Illinois,Glencoe
Illinois,Glendale Heights
Illinois,Glenview
Illinois,Glenwood
Illinois,Godfrey
Illinois,Godley
Illinois,Golconda
Illinois,Golden
Illinois,Golf
Illinois,Good Hope
Illinois,Goodfield
Illinois,Goreville
Illinois,Grafton
Illinois,Grand Chain
Illinois,Grand Ridge
Illinois,Granite City
Illinois,Grant Park
Illinois,Grantfork
Illinois,Granville
Illinois,Grayslake
Illinois,Grayville
Illinois,Green Oaks
Illinois,Green Valley
Illinois,Greenfield
Illinois,Greenup
Illinois,Greenview
Illinois,Greenville
Illinois,Gridley
Illinois,Griggsville
Illinois,Groveland
Illinois,Gurnee
Illinois,Hainesville
Illinois,Hamburg
Illinois,Hamel
Illinois,Hamilton
Illinois,Hammond
Illinois,Hampshire
Illinois,Hampton
Illinois,Hanna City
Illinois,Hanover
Illinois,Hanover Park
Illinois,Hardin
Illinois,Harmon
Illinois,Harrisburg
Illinois,Hartford
Illinois,Hartsburg
Illinois,Harvard
Illinois,Harvel
Illinois,Harvey
Illinois,Harwood Heights
Illinois,Havana
Illinois,Hawthorn Woods
Illinois,Hazel Crest
Illinois,Hebron
Illinois,Hennepin
Illinois,Henry
Illinois,Herrick
Illinois,Herrin
Illinois,Herscher
Illinois,Hettick
Illinois,Heyworth
Illinois,Hickory Hills
Illinois,Highland
Illinois,Highland Park
Illinois,Highwood
Illinois,Hillsboro
Illinois,Hillsdale
Illinois,Hillside
Illinois,Hinckley
Illinois,Hindsboro
Illinois,Hinsdale
Illinois,Hoffman
Illinois,Hoffman Estates
Illinois,Holiday Hills
Illinois,Homer
Illinois,Homer Glen
Illinois,Hometown
Illinois,Homewood
Illinois,Hoopeston
Illinois,Hooppole
Illinois,Hopedale
Illinois,Hoyleton
Illinois,Hudson
Illinois,Hull
Illinois,Humboldt
Illinois,Hume
Illinois,Huntley
Illinois,Illinois City
Illinois,Illiopolis
Illinois,Indian Creek
Illinois,Indian Head Park
Illinois,Indianola
Illinois,Ingleside
Illinois,Inverness
Illinois,Ipava
Illinois,Irving
Illinois,Irvington
Illinois,Island Lake
Illinois,Itasca
Illinois,Iuka
Illinois,Jacksonville
Illinois,Jacob
Illinois,Jerseyville
Illinois,Johnsburg
Illinois,Johnston City
Illinois,Joliet
Illinois,Jonesboro
Illinois,Joy
Illinois,Justice
Illinois,Kampsville
Illinois,Kane
Illinois,Kankakee
Illinois,Kansas
Illinois,Karnak
Illinois,Kell
Illinois,Kempton
Illinois,Kenilworth
Illinois,Kenney
Illinois,Kewanee
Illinois,Keyesport
Illinois,Kildeer
Illinois,Kincaid
Illinois,Kingston
Illinois,Kinmundy
Illinois,Kinsman
Illinois,Kirkland
Illinois,Kirkwood
Illinois,Knoxville
Illinois,La Grange
Illinois,La Grange Highlands
Illinois,La Grange Park
Illinois,La Harpe
Illinois,La Moille
Illinois,La Rose
Illinois,LaSalle
Illinois,Lacon
Illinois,Ladd
Illinois,Lake Barrington
Illinois,Lake Bluff
Illinois,Lake Carroll
Illinois,Lake Forest
Illinois,Lake Holiday
Illinois,Lake Summerset
Illinois,Lake Villa
Illinois,Lake Zurich
Illinois,Lake in the Hills
Illinois,Lakemoor
Illinois,Lakewood
Illinois,Lanark
Illinois,Lane
Illinois,Lansing
Illinois,Laura
Illinois,Lawrenceville
Illinois,Le Roy
Illinois,Leaf River
Illinois,Lebanon
Illinois,Lee
Illinois,Leland
Illinois,Lemont
Illinois,Lena
Illinois,Lenzburg
Illinois,Lewistown
Illinois,Lexington
Illinois,Leyden Township
Illinois,Libertyville
Illinois,Lincoln
Illinois,Lincolnshire
Illinois,Lincolnwood
Illinois,Lindenhurst
Illinois,Lindenwood
Illinois,Lisle
Illinois,Litchfield
Illinois,Little York
Illinois,Livingston
Illinois,Loami
Illinois,Lockport
Illinois,Loda
Illinois,Lomax
Illinois,Lombard
Illinois,London Mills
Illinois,Long Grove
Illinois,Long Point
Illinois,Loraine
Illinois,Lostant
Illinois,Louisville
Illinois,Loves Park
Illinois,Lovington
Illinois,Ludlow
Illinois,Lyndon
Illinois,Lynn Center
Illinois,Lynwood
Illinois,Lyons
Illinois,Macedonia
Illinois,Machesney Park
Illinois,Mackinaw
Illinois,Macomb
Illinois,Macon
Illinois,Madison
Illinois,Magnolia
Illinois,Mahomet
Illinois,Makanda
Illinois,Malden
Illinois,Malta
Illinois,Manchester
Illinois,Manhattan
Illinois,Manito
Illinois,Manlius
Illinois,Mansfield
Illinois,Manteno
Illinois,Maple Park
Illinois,Mapleton
Illinois,Maquon
Illinois,Marengo
Illinois,Marine
Illinois,Marion
Illinois,Marissa
Illinois,Mark
Illinois,Markham
Illinois,Maroa
Illinois,Marquette Heights
Illinois,Marseilles
Illinois,Marshall
Illinois,Martinsville
Illinois,Martinton
Illinois,Maryville
Illinois,Mascoutah
Illinois,Mason
Illinois,Mason City
Illinois,Matherville
Illinois,Matteson
Illinois,Mattoon
Illinois,Maywood
Illinois,Mazon
Illinois,McClure
Illinois,McConnell
Illinois,McCullom Lake
Illinois,McLean
Illinois,McLeansboro
Illinois,McNabb
Illinois,Mchenry
Illinois,Media
Illinois,Medinah
Illinois,Medora
Illinois,Melrose Park
Illinois,Melvin
Illinois,Mendon
Illinois,Mendota
Illinois,Merrionette Park
Illinois,Metamora
Illinois,Metcalf
Illinois,Metropolis
Illinois,Mettawa
Illinois,Midlothian
Illinois,Milan
Illinois,Milford
Illinois,Millbrook
Illinois,Milledgeville
Illinois,Millington
Illinois,Millstadt
Illinois,Milton
Illinois,Mineral
Illinois,Minier
Illinois,Minonk
Illinois,Minooka
Illinois,Modoc
Illinois,Mokena
Illinois,Moline
Illinois,Momence
Illinois,Monee
Illinois,Monmouth
Illinois,Monroe Center
Illinois,Montgomery
Illinois,Monticello
Illinois,Moro
Illinois,Morris
Illinois,Morrison
Illinois,Morrisonville
Illinois,Morton
Illinois,Morton Grove
Illinois,Mound City
Illinois,Mounds
Illinois,Mount Auburn
Illinois,Mount Carmel
Illinois,Mount Carroll
Illinois,Mount Morris
Illinois,Mount Olive
Illinois,Mount Prospect
Illinois,Mount Pulaski
Illinois,Mount Sterling
Illinois,Mount Vernon
Illinois,Mount Zion
Illinois,Moweaqua
Illinois,Mozier
Illinois,Mulberry Grove
Illinois,Mulkeytown
Illinois,Mundelein
Illinois,Murphysboro
Illinois,Murrayville
Illinois,Naperville
Illinois,Naplate
Illinois,Nashville
Illinois,Nauvoo
Illinois,Neoga
Illinois,Neponset
Illinois,New Athens
Illinois,New Baden
Illinois,New Berlin
Illinois,New Douglas
Illinois,New Haven
Illinois,New Holland
Illinois,New Lenox
Illinois,New Salem
Illinois,New Windsor
Illinois,Newark
Illinois,Newman
Illinois,Newton
Illinois,Niantic
Illinois,Niles
Illinois,Nilwood
Illinois,Niota
Illinois,Noble
Illinois,Nokomis
Illinois,Normal
Illinois,Norridge
Illinois,Norris
Illinois,Norris City
Illinois,North Aurora
Illinois,North Barrington
Illinois,North Chicago
Illinois,North Henderson
Illinois,North Pekin
Illinois,North Riverside
Illinois,Northbrook
Illinois,Northfield
Illinois,Northlake
Illinois,Norwood Park
Illinois,O'Fallon
Illinois,Oak Brook
Illinois,Oak Forest
Illinois,Oak Lawn
Illinois,Oak Park
Illinois,Oakbrook Terrace
Illinois,Oakdale
Illinois,Oakland
Illinois,Oakley
Illinois,Oakwood
Illinois,Oakwood Hills
Illinois,Oblong
Illinois,Odell
Illinois,Odin
Illinois,Ogden
Illinois,Oglesby
Illinois,Ohio
Illinois,Okawville
Illinois,Olmsted
Illinois,Olney
Illinois,Olympia Fields
Illinois,Omaha
Illinois,Onarga
Illinois,Oneida
Illinois,Opdyke
Illinois,Oquawka
Illinois,Orangeville
Illinois,Oraville
Illinois,Oreana
Illinois,Oregon
Illinois,Orient
Illinois,Orion
Illinois,Orland Hills
Illinois,Orland Park
Illinois,Osco
Illinois,Oswego
Illinois,Ottawa
Illinois,Otterville
Illinois,Palatine
Illinois,Palestine
Illinois,Palmer
Illinois,Palmyra
Illinois,Palos Heights
Illinois,Palos Hills
Illinois,Palos Park
Illinois,Pana
Illinois,Panama
Illinois,Papineau
Illinois,Paris
Illinois,Park City
Illinois,Park Forest
Illinois,Park Ridge
Illinois,Parkersburg
Illinois,Patoka
Illinois,Paw Paw
Illinois,Pawnee
Illinois,Paxton
Illinois,Payson
Illinois,Pearl City
Illinois,Pecatonica
Illinois,Pekin
Illinois,Pembroke Township
Illinois,Peoria
Illinois,Peoria Heights
Illinois,Peotone
Illinois,Percy
Illinois,Peru
Illinois,Pesotum
Illinois,Petersburg
Illinois,Philo
Illinois,Phoenix
Illinois,Pinckneyville
Illinois,Pingree Grove
Illinois,Piper City
Illinois,Pittsburg
Illinois,Pittsfield
Illinois,Plainfield
Illinois,Plainview
Illinois,Plano
Illinois,Pleasant Hill
Illinois,Pleasant Plains
Illinois,Plymouth
Illinois,Pocahontas
Illinois,Polo
Illinois,Pomona
Illinois,Pontiac
Illinois,Pontoon Beach
Illinois,Poplar Grove
Illinois,Port Barrington
Illinois,Port Byron
Illinois,Posen
Illinois,Potomac
Illinois,Prairie Grove
Illinois,Prairie View
Illinois,Princeton
Illinois,Princeville
Illinois,Prophetstown
Illinois,Prospect Heights
Illinois,Pulaski
Illinois,Putnam
Illinois,Quincy
Illinois,Ramsey
Illinois,Rankin
Illinois,Ransom
Illinois,Rantoul
Illinois,Raymond
Illinois,Red Bud
Illinois,Reddick
Illinois,Renault
Illinois,Reynolds
Illinois,Richmond
Illinois,Richton Park
Illinois,Richview
Illinois,Ridge Farm
Illinois,Ridgway
Illinois,Ridott
Illinois,Ringwood
Illinois,Rio
Illinois,River Forest
Illinois,River Grove
Illinois,Riverdale
Illinois,Riverside
Illinois,Riverton
Illinois,Riverwoods
Illinois,Roanoke
Illinois,Robbins
Illinois,Roberts
Illinois,Robinson
Illinois,Rochelle
Illinois,Rochester
Illinois,Rock Falls
Illinois,Rock Island
Illinois,Rockbridge
Illinois,Rockdale
Illinois,Rockford
Illinois,Rockton
Illinois,Rolling Meadows
Illinois,Romeoville
Illinois,Roodhouse
Illinois,Roscoe
Illinois,Roselle
Illinois,Rosemont
Illinois,Roseville
Illinois,Rosiclare
Illinois,Rossville
Illinois,Round Lake
Illinois,Round Lake Beach
Illinois,Round Lake Heights
Illinois,Round Lake Park
Illinois,Roxana
Illinois,Royal
Illinois,Royalton
Illinois,Rushville
Illinois,Rutland
Illinois,Sadorus
Illinois,Saint Anne
Illinois,Saint Augustine
Illinois,Saint Charles
Illinois,Saint David
Illinois,Saint Elmo
Illinois,Saint Francisville
Illinois,Saint Jacob
Illinois,Saint Joseph
Illinois,Saint Libory
Illinois,Saint Peter
Illinois,Saint Rose
Illinois,Salem
Illinois,San Jose
Illinois,Sandoval
Illinois,Sandwich
Illinois,Sauk Village
Illinois,Saunemin
Illinois,Savanna
Illinois,Savoy
Illinois,Saybrook
Illinois,Schaumburg
Illinois,Schiller Park
Illinois,Secor
Illinois,Seneca
Illinois,Serena
Illinois,Sesser
Illinois,Seymour
Illinois,Shabbona
Illinois,Shawneetown
Illinois,Sheffield
Illinois,Shelbyville
Illinois,Sheldon
Illinois,Sheridan
Illinois,Sherman
Illinois,Sherrard
Illinois,Shiloh
Illinois,Shipman
Illinois,Shirland
Illinois,Shirley
Illinois,Shorewood
Illinois,Shumway
Illinois,Sibley
Illinois,Sidell
Illinois,Sidney
Illinois,Silvis
Illinois,Simpson
Illinois,Sims
Illinois,Skokie
Illinois,Sleepy Hollow
Illinois,Smithfield
Illinois,Smithton
Illinois,Somonauk
Illinois,Sorento
Illinois,South Barrington
Illinois,South Beloit
Illinois,South Chicago Heights
Illinois,South Elgin
Illinois,South Holland
Illinois,South Jacksonville
Illinois,South Pekin
Illinois,South Roxana
Illinois,South Wilmington
Illinois,Sparland
Illinois,Sparta
Illinois,Spaulding
Illinois,Spring Bay
Illinois,Spring Grove
Illinois,Spring Valley
Illinois,Springfield
Illinois,Stanford
Illinois,Staunton
Illinois,Steeleville
Illinois,Steger
Illinois,Sterling
Illinois,Steward
Illinois,Stickney
Illinois,Stillman Valley
Illinois,Stockton
Illinois,Stone Park
Illinois,Stonefort
Illinois,Stonington
Illinois,Streamwood
Illinois,Streator
Illinois,Stronghurst
Illinois,Sublette
Illinois,Sugar Grove
Illinois,Sullivan
Illinois,Summerfield
Illinois,Summit
Illinois,Sumner
Illinois,Sun River Terrace
Illinois,Swansea
Illinois,Sycamore
Illinois,Table Grove
Illinois,Tallula
Illinois,Tamaroa
Illinois,Tamms
Illinois,Tampico
Illinois,Taylor Ridge
Illinois,Taylor Springs
Illinois,Taylorville
Illinois,Teutopolis
Illinois,Texico
Illinois,Thayer
Illinois,Thebes
Illinois,Third Lake
Illinois,Thomasboro
Illinois,Thompsonville
Illinois,Thomson
Illinois,Thornton
Illinois,Tilton
Illinois,Timewell
Illinois,Tinley Park
Illinois,Tiskilwa
Illinois,Toledo
Illinois,Tolono
Illinois,Toluca
Illinois,Tonica
Illinois,Toulon
Illinois,Tovey
Illinois,Towanda
Illinois,Tower Hill
Illinois,Tower Lakes
Illinois,Tremont
Illinois,Trenton
Illinois,Triumph
Illinois,Trivoli
Illinois,Trout Valley
Illinois,Troy
Illinois,Tunnel Hill
Illinois,Tuscola
Illinois,Ullin
Illinois,Union
Illinois,Union Hill
Illinois,University Park
Illinois,Urbana
Illinois,Ursa
Illinois,Utica
Illinois,Valier
Illinois,Valmeyer
Illinois,Van Orin
Illinois,Vandalia
Illinois,Varna
Illinois,Vergennes
Illinois,Vermilion
Illinois,Vernon Hills
Illinois,Verona
Illinois,Vienna
Illinois,Villa Grove
Illinois,Villa Park
Illinois,Viola
Illinois,Virden
Illinois,Virginia
Illinois,Volo
Illinois,Wadsworth
Illinois,Waggoner
Illinois,Walnut
Illinois,Walnut Hill
Illinois,Walshville
Illinois,Waltonville
Illinois,Wapella
Illinois,Warren
Illinois,Warrensburg
Illinois,Warrenville
Illinois,Warsaw
Illinois,Washington
Illinois,Wataga
Illinois,Waterloo
Illinois,Waterman
Illinois,Watseka
Illinois,Watson
Illinois,Wauconda
Illinois,Waukegan
Illinois,Waverly
Illinois,Wayne
Illinois,Wayne City
Illinois,Waynesville
Illinois,Weldon
Illinois,Wellington
Illinois,Wenona
Illinois,West Brooklyn
Illinois,West Chicago
Illinois,West Dundee
Illinois,West Frankfort
Illinois,West Peoria
Illinois,West Union
Illinois,West York
Illinois,Westchester
Illinois,Western Springs
Illinois,Westmont
Illinois,Westville
Illinois,Wheaton
Illinois,Wheeling
Illinois,White Hall
Illinois,White Heath
Illinois,Whittington
Illinois,Williamsville
Illinois,Willisville
Illinois,Willow Springs
Illinois,Willowbrook
Illinois,Wilmette
Illinois,Wilmington
Illinois,Winchester
Illinois,Windsor
Illinois,Winfield
Illinois,Winnebago
Illinois,Winnetka
Illinois,Winslow
Illinois,Winthrop Harbor
Illinois,Witt
Illinois,Wonder Lake
Illinois,Wood Dale
Illinois,Wood River
Illinois,Woodhull
Illinois,Woodland
Illinois,Woodlawn
Illinois,Woodridge
Illinois,Woodson
Illinois,Woodstock
Illinois,Worden
Illinois,Worth
Illinois,Wyanet
Illinois,Wyoming
Illinois,Xenia
Illinois,Yates City
Illinois,Yorkville
Illinois,Zeigler
Illinois,Zion
Indiana,Akron
Indiana,Albany
Indiana,Albion
Indiana,Alexandria
Indiana,Alton
Indiana,Anderson
Indiana,Andrews
Indiana,Angola
Indiana,Arcadia
Indiana,Argos
Indiana,Arlington
Indiana,Ashley
Indiana,Atlanta
Indiana,Attica
Indiana,Auburn
Indiana,Aurora
Indiana,Austin
Indiana,Avilla
Indiana,Avon
Indiana,Bainbridge
Indiana,Bargersville
Indiana,Batesville
Indiana,Battle Ground
Indiana,Bedford
Indiana,Beech Grove
Indiana,Bennington
Indiana,Berne
Indiana,Beverly Shores
Indiana,Bicknell
Indiana,Birdseye
Indiana,Bloomfield
Indiana,Bloomington
Indiana,Bluffton
Indiana,Boonville
Indiana,Borden
Indiana,Boswell
Indiana,Bourbon
Indiana,Bowling Green
Indiana,Branchville
Indiana,Brazil
Indiana,Bremen
Indiana,Bridgeton
Indiana,Bristol
Indiana,Bristow
Indiana,Brook
Indiana,Brooklyn
Indiana,Brookston
Indiana,Brookville
Indiana,Brownsburg
Indiana,Brownstown
Indiana,Brownsville
Indiana,Bunker Hill
Indiana,Burlington
Indiana,Burns Harbor
Indiana,Butler
Indiana,Butlerville
Indiana,Cambridge City
Indiana,Camby
Indiana,Camden
Indiana,Campbellsburg
Indiana,Cannelburg
Indiana,Cannelton
Indiana,Carbon
Indiana,Carlisle
Indiana,Carmel
Indiana,Carthage
Indiana,Cayuga
Indiana,Cedar Lake
Indiana,Centerpoint
Indiana,Centerville
Indiana,Chalmers
Indiana,Chandler
Indiana,Charlestown
Indiana,Chesterfield
Indiana,Chesterton
Indiana,Chrisney
Indiana,Churubusco
Indiana,Cicero
Indiana,Clarksville
Indiana,Clay City
Indiana,Claypool
Indiana,Clayton
Indiana,Clermont
Indiana,Clinton
Indiana,Cloverdale
Indiana,Coal City
Indiana,Coatesville
Indiana,Colfax
Indiana,Columbia City
Indiana,Columbus
Indiana,Commiskey
Indiana,Connersville
Indiana,Converse
Indiana,Corunna
Indiana,Corydon
Indiana,Covington
Indiana,Crawfordsville
Indiana,Cromwell
Indiana,Crothersville
Indiana,Crown Point
Indiana,Culver
Indiana,Cumberland
Indiana,Dale
Indiana,Daleville
Indiana,Dana
Indiana,Danville
Indiana,Decatur
Indiana,Delphi
Indiana,Demotte
Indiana,Denver
Indiana,Depauw
Indiana,Deputy
Indiana,Derby
Indiana,Dillsboro
Indiana,Dublin
Indiana,Dubois
Indiana,Dugger
Indiana,Dunkirk
Indiana,Dunreith
Indiana,Dyer
Indiana,East Chicago
Indiana,Eaton
Indiana,Eckerty
Indiana,Edinburgh
Indiana,Edwardsport
Indiana,Elberfeld
Indiana,Elizabeth
Indiana,Elizabethtown
Indiana,Elkhart
Indiana,Ellettsville
Indiana,Elwood
Indiana,English
Indiana,Etna Green
Indiana,Evanston
Indiana,Evansville
Indiana,Fairland
Indiana,Fairmount
Indiana,Falmouth
Indiana,Farmersburg
Indiana,Farmland
Indiana,Ferdinand
Indiana,Fillmore
Indiana,Fishers
Indiana,Flat Rock
Indiana,Flora
Indiana,Florence
Indiana,Floyds Knobs
Indiana,Forest
Indiana,Fort Branch
Indiana,Fort Wayne
Indiana,Fortville
Indiana,Fountain City
Indiana,Fountaintown
Indiana,Fowler
Indiana,Fowlerton
Indiana,Francesville
Indiana,Frankfort
Indiana,Franklin
Indiana,Frankton
Indiana,Freedom
Indiana,Freelandville
Indiana,Freetown
Indiana,Fremont
Indiana,French Lick
Indiana,Galveston
Indiana,Garrett
Indiana,Gary
Indiana,Gas City
Indiana,Gaston
Indiana,Geneva
Indiana,Gentryville
Indiana,Georgetown
Indiana,Glnwd
Indiana,Goodland
Indiana,Goshen
Indiana,Gosport
Indiana,Granger
Indiana,Grantsburg
Indiana,Greencastle
Indiana,Greenfield
Indiana,Greens Fork
Indiana,Greensboro
Indiana,Greensburg
Indiana,Greentown
Indiana,Greenville
Indiana,Greenwood
Indiana,Griffith
Indiana,Grovertown
Indiana,Gwynneville
Indiana,Hagerstown
Indiana,Hamilton
Indiana,Hamlet
Indiana,Hammond
Indiana,Hanna
Indiana,Hanover
Indiana,Hardinsburg
Indiana,Harlan
Indiana,Harrodsburg
Indiana,Hartford City
Indiana,Hartsville
Indiana,Haubstadt
Indiana,Hebron
Indiana,Heltonville
Indiana,Henryville
Indiana,Highland
Indiana,Hillsdale
Indiana,Hoagland
Indiana,Hobart
Indiana,Holton
Indiana,Hope
Indiana,Howe
Indiana,Huntertown
Indiana,Huntingburg
Indiana,Huntington
Indiana,Idaville
Indiana,Indianapolis
Indiana,Ingalls
Indiana,Jamestown
Indiana,Jasonville
Indiana,Jasper
Indiana,Jeffersonville
Indiana,Jonesboro
Indiana,Kendallville
Indiana,Kentland
Indiana,Kewanna
Indiana,Kimmell
Indiana,Kingman
Indiana,Kingsford Heights
Indiana,Kirklin
Indiana,Knightstown
Indiana,Knightsville
Indiana,Knox
Indiana,Kokomo
Indiana,Kouts
Indiana,La Crosse
Indiana,La Fontaine
Indiana,La Porte
Indiana,Ladoga
Indiana,Lafayette
Indiana,Lagrange
Indiana,Lake Station
Indiana,Lake Village
Indiana,Lakeville
Indiana,Lanesville
Indiana,Laotto
Indiana,Lapaz
Indiana,Lapel
Indiana,Laurel
Indiana,Lawrence
Indiana,Lawrenceburg
Indiana,Leavenworth
Indiana,Lebanon
Indiana,Leesburg
Indiana,Leo
Indiana,Leopold
Indiana,Lewis
Indiana,Lewisville
Indiana,Lexington
Indiana,Liberty
Indiana,Ligonier
Indiana,Linden
Indiana,Linn Grove
Indiana,Linton
Indiana,Lizton
Indiana,Logansport
Indiana,Long Beach
Indiana,Loogootee
Indiana,Losantville
Indiana,Lowell
Indiana,Lynn
Indiana,Lynnville
Indiana,Lyons
Indiana,Macy
Indiana,Madison
Indiana,Manilla
Indiana,Marengo
Indiana,Marion
Indiana,Markleville
Indiana,Marshall
Indiana,Martinsville
Indiana,Mauckport
Indiana,McCordsville
Indiana,Medaryville
Indiana,Medora
Indiana,Memphis
Indiana,Mentone
Indiana,Merrillville
Indiana,Metamora
Indiana,Mexico
Indiana,Michiana Shores
Indiana,Michigan City
Indiana,Middlebury
Indiana,Middletown
Indiana,Milan
Indiana,Milford
Indiana,Miller Township
Indiana,Millersburg
Indiana,Milltown
Indiana,Milroy
Indiana,Milton
Indiana,Mishawaka
Indiana,Mitchell
Indiana,Modoc
Indiana,Monon
Indiana,Monroe
Indiana,Monroe City
Indiana,Monroeville
Indiana,Monrovia
Indiana,Montezuma
Indiana,Montgomery
Indiana,Monticello
Indiana,Montpelier
Indiana,Mooreland
Indiana,Moores Hill
Indiana,Mooresville
Indiana,Morgantown
Indiana,Morocco
Indiana,Morristown
Indiana,Mount Ayr
Indiana,Mount Vernon
Indiana,Mulberry
Indiana,Muncie
Indiana,Munster
Indiana,Nabb
Indiana,Nappanee
Indiana,Nashville
Indiana,New Albany
Indiana,New Carlisle
Indiana,New Castle
Indiana,New Harmony
Indiana,New Haven
Indiana,New Lisbon
Indiana,New Market
Indiana,New Middletown
Indiana,New Palestine
Indiana,New Paris
Indiana,New Pekin
Indiana,New Salisbury
Indiana,New Trenton
Indiana,New Washington
Indiana,New Whiteland
Indiana,Newburgh
Indiana,Newtown
Indiana,Nineveh
Indiana,Noblesville
Indiana,Norman
Indiana,North Judson
Indiana,North Liberty
Indiana,North Manchester
Indiana,North Salem
Indiana,North Vernon
Indiana,North Webster
Indiana,Oakland City
Indiana,Oaktown
Indiana,Odon
Indiana,Ogden Dunes
Indiana,Oldenburg
Indiana,Oolitic
Indiana,Ora
Indiana,Orland
Indiana,Orleans
Indiana,Osceola
Indiana,Osgood
Indiana,Ossian
Indiana,Otterbein
Indiana,Otwell
Indiana,Owensville
Indiana,Palmyra
Indiana,Paoli
Indiana,Paragon
Indiana,Paris Crossing
Indiana,Parker City
Indiana,Patoka
Indiana,Patriot
Indiana,Pekin
Indiana,Pendleton
Indiana,Peru
Indiana,Petersburg
Indiana,Pierceton
Indiana,Pimento
Indiana,Pittsboro
Indiana,Plainfield
Indiana,Plymouth
Indiana,Poland
Indiana,Portage
Indiana,Porter
Indiana,Portland
Indiana,Poseyville
Indiana,Pottawattamie Park
Indiana,Prairie Creek
Indiana,Princeton
Indiana,Quincy
Indiana,Ramsey
Indiana,Redkey
Indiana,Reelsville
Indiana,Remington
Indiana,Rensselaer
Indiana,Reynolds
Indiana,Richland
Indiana,Richmond
Indiana,Riley
Indiana,Rising Sun
Indiana,Roachdale
Indiana,Roann
Indiana,Roanoke
Indiana,Rochester
Indiana,Rockport
Indiana,Rockville
Indiana,Rolling Prairie
Indiana,Rome City
Indiana,Romney
Indiana,Rosedale
Indiana,Rossville
Indiana,Royal Center
Indiana,Rushville
Indiana,Russiaville
Indiana,Saint Croix
Indiana,Saint John
Indiana,Saint Meinrad
Indiana,Saint Paul
Indiana,Salem
Indiana,San Pierre
Indiana,Sandborn
Indiana,Santa Claus
Indiana,Saratoga
Indiana,Schererville
Indiana,Scottsburg
Indiana,Sellersburg
Indiana,Selma
Indiana,Seymour
Indiana,Sharpsville
Indiana,Shelburn
Indiana,Shelby
Indiana,Shelbyville
Indiana,Sheridan
Indiana,Shirley
Indiana,Shoals
Indiana,Silver Lake
Indiana,Solsberry
Indiana,South Bend
Indiana,Southport
Indiana,Speedway
Indiana,Spencer
Indiana,Spencerville
Indiana,Spiceland
Indiana,Spr
Indiana,Springville
Indiana,Star City
Indiana,Staunton
Indiana,Stockwell
Indiana,Straughn
Indiana,Sullivan
Indiana,Sulphur Springs
Indiana,Sumava Resorts
Indiana,Summitville
Indiana,Sunman
Indiana,Switz City
Indiana,Syracuse
Indiana,Taswell
Indiana,Taylorsville
Indiana,Tell City
Indiana,Tennyson
Indiana,Terre Haute
Indiana,Thorntown
Indiana,Tippecanoe
Indiana,Tipton
Indiana,Trafalgar
Indiana,Trail Creek
Indiana,Troy
Indiana,Twelve Mile
Indiana,Union City
Indiana,Union Mills
Indiana,Unionville
Indiana,Upland
Indiana,Urbana
Indiana,Valparaiso
Indiana,Van Buren
Indiana,Veedersburg
Indiana,Versailles
Indiana,Vevay
Indiana,Vincennes
Indiana,Wabash
Indiana,Wadesville
Indiana,Wakarusa
Indiana,Waldron
Indiana,Walkerton
Indiana,Walton
Indiana,Wanatah
Indiana,Warsaw
Indiana,Washington
Indiana,Waterloo
Indiana,Waveland
Indiana,Wawaka
Indiana,Waynetown
Indiana,West Baden Springs
Indiana,West Harrison
Indiana,West Lafayette
Indiana,West Lebanon
Indiana,West Terre Haute
Indiana,Westfield
Indiana,Westpoint
Indiana,Westport
Indiana,Westville
Indiana,Wheatfield
Indiana,Whiteland
Indiana,Whitestown
Indiana,Whiting
Indiana,Wilkinson
Indiana,Williams
Indiana,Williamsburg
Indiana,Williamsport
Indiana,Winamac
Indiana,Winchester
Indiana,Windfall
Indiana,Winfield
Indiana,Winona Lake
Indiana,Winslow
Indiana,Wolcottville
Indiana,Woodburn
Indiana,Worthington
Indiana,Yoder
Indiana,Yorktown
Indiana,Zionsville
Iowa,Ackley
Iowa,Ackworth
Iowa,Adair
Iowa,Adel
Iowa,Afton
Iowa,Agency
Iowa,Ainsworth
Iowa,Akron
Iowa,Albert City
Iowa,Albia
Iowa,Albion
Iowa,Alburnett
Iowa,Alden
Iowa,Alexander
Iowa,Algona
Iowa,Alleman
Iowa,Allerton
Iowa,Allison
Iowa,Alta
Iowa,Alton
Iowa,Altoona
Iowa,Alvord
Iowa,Amana
Iowa,Ames
Iowa,Anamosa
Iowa,Andover
Iowa,Anita
Iowa,Ankeny
Iowa,Anthon
Iowa,Aplington
Iowa,Arcadia
Iowa,Arlington
Iowa,Armstrong
Iowa,Arnolds Park
Iowa,Asbury
Iowa,Ashton
Iowa,Atalissa
Iowa,Atkins
Iowa,Atlantic
Iowa,Auburn
Iowa,Audubon
Iowa,Aurelia
Iowa,Aurora
Iowa,Avoca
Iowa,Ayrshire
Iowa,Badger
Iowa,Baldwin
Iowa,Bancroft
Iowa,Batavia
Iowa,Battle Creek
Iowa,Baxter
Iowa,Bayard
Iowa,Beacon
Iowa,Beaman
Iowa,Bedford
Iowa,Belle Plaine
Iowa,Bellevue
Iowa,Belmond
Iowa,Bennett
Iowa,Berwick
Iowa,Bettendorf
Iowa,Birmingham
Iowa,Blairsburg
Iowa,Blairstown
Iowa,Blakesburg
Iowa,Blockton
Iowa,Bloomfield
Iowa,Blue Grass
Iowa,Bode
Iowa,Bonaparte
Iowa,Bondurant
Iowa,Boone
Iowa,Booneville
Iowa,Boxholm
Iowa,Boyden
Iowa,Brandon
Iowa,Brayton
Iowa,Breda
Iowa,Brighton
Iowa,Britt
Iowa,Bronson
Iowa,Brooklyn
Iowa,Brooks
Iowa,Brunsville
Iowa,Bryant
Iowa,Buckeye
Iowa,Buffalo
Iowa,Buffalo Center
Iowa,Burlington
Iowa,Burt
Iowa,Bussey
Iowa,Calamus
Iowa,Calumet
Iowa,Camanche
Iowa,Cambridge
Iowa,Cantril
Iowa,Carlisle
Iowa,Carroll
Iowa,Carson
Iowa,Carter Lake
Iowa,Cascade
Iowa,Casey
Iowa,Cedar Falls
Iowa,Cedar Rapids
Iowa,Center Point
Iowa,Centerville
Iowa,Central City
Iowa,Chariton
Iowa,Charles City
Iowa,Charter Oak
Iowa,Chelsea
Iowa,Cherokee
Iowa,Chester
Iowa,Chillicothe
Iowa,Cincinnati
Iowa,Clare
Iowa,Clarence
Iowa,Clarinda
Iowa,Clarion
Iowa,Clarksville
Iowa,Clear Lake
Iowa,Cleghorn
Iowa,Clemons
Iowa,Clermont
Iowa,Clinton
Iowa,Clive
Iowa,Clutier
Iowa,Coggon
Iowa,Coin
Iowa,Colfax
Iowa,Collins
Iowa,Colo
Iowa,Columbia
Iowa,Columbus City
Iowa,Columbus Junction
Iowa,Conrad
Iowa,Conroy
Iowa,Coon Rapids
Iowa,Coralville
Iowa,Corning
Iowa,Correctionville
Iowa,Corydon
Iowa,Council Bluffs
Iowa,Crawfordsville
Iowa,Crescent
Iowa,Cresco
Iowa,Creston
Iowa,Crystal Lake
Iowa,Cumberland
Iowa,Cumming
Iowa,Cylinder
Iowa,Dakota City
Iowa,Dallas Center
Iowa,Dana
Iowa,Danbury
Iowa,Danville
Iowa,Davenport
Iowa,Davis City
Iowa,Dawson
Iowa,Dayton
Iowa,De Soto
Iowa,DeWitt
Iowa,Decatur
Iowa,Decorah
Iowa,Dedham
Iowa,Deep River
Iowa,Defiance
Iowa,Delhi
Iowa,Deloit
Iowa,Delta
Iowa,Denison
Iowa,Denmark
Iowa,Denver
Iowa,Des Moines
Iowa,Dexter
Iowa,Dike
Iowa,Dixon
Iowa,Donahue
Iowa,Donnellson
Iowa,Dorchester
Iowa,Dougherty
Iowa,Dows
Iowa,Drakesville
Iowa,Dubuque
Iowa,Dumont
Iowa,Duncombe
Iowa,Dunkerton
Iowa,Dunlap
Iowa,Durant
Iowa,Dyersville
Iowa,Dysart
Iowa,Eagle Grove
Iowa,Earlham
Iowa,Earling
Iowa,Early
Iowa,East Amana
Iowa,Eddyville
Iowa,Edgewood
Iowa,Elberon
Iowa,Eldon
Iowa,Eldora
Iowa,Eldridge
Iowa,Elgin
Iowa,Elk Horn
Iowa,Elk Run Heights
Iowa,Elkader
Iowa,Elkhart
Iowa,Elliott
Iowa,Ellston
Iowa,Ellsworth
Iowa,Ely
Iowa,Emerson
Iowa,Emmetsburg
Iowa,Epworth
Iowa,Essex
Iowa,Estherville
Iowa,Evansdale
Iowa,Everly
Iowa,Exira
Iowa,Exline
Iowa,Fairbank
Iowa,Fairfax
Iowa,Fairfield
Iowa,Farmersburg
Iowa,Farmington
Iowa,Farnhamville
Iowa,Farragut
Iowa,Fayette
Iowa,Ferguson
Iowa,Fertile
Iowa,Floyd
Iowa,Fontanelle
Iowa,Forest City
Iowa,Fort Dodge
Iowa,Fort Madison
Iowa,Fredericksburg
Iowa,Fredonia
Iowa,Fremont
Iowa,Fruitland
Iowa,Galva
Iowa,Garber
Iowa,Garden Grove
Iowa,Garnavillo
Iowa,Garner
Iowa,Garrison
Iowa,Garwin
Iowa,George
Iowa,Gilbert
Iowa,Gilbertville
Iowa,Gilman
Iowa,Gilmore City
Iowa,Gladbrook
Iowa,Glenwood
Iowa,Glidden
Iowa,Goldfield
Iowa,Goodell
Iowa,Goose Lake
Iowa,Gowrie
Iowa,Graettinger
Iowa,Grafton
Iowa,Grand Junction
Iowa,Grand Mound
Iowa,Grand River
Iowa,Grandview
Iowa,Granger
Iowa,Gravity
Iowa,Greeley
Iowa,Greene
Iowa,Greenfield
Iowa,Grimes
Iowa,Grinnell
Iowa,Griswold
Iowa,Grundy Center
Iowa,Guthrie Center
Iowa,Guttenberg
Iowa,Halbur
Iowa,Hamburg
Iowa,Hampton
Iowa,Hanlontown
Iowa,Harlan
Iowa,Harper
Iowa,Harris
Iowa,Hartford
Iowa,Hartley
Iowa,Harvey
Iowa,Hawarden
Iowa,Hawkeye
Iowa,Hedrick
Iowa,Henderson
Iowa,Hiawatha
Iowa,Hills
Iowa,Holland
Iowa,Holstein
Iowa,Hopkinton
Iowa,Hornick
Iowa,Hospers
Iowa,Houghton
Iowa,Hubbard
Iowa,Hudson
Iowa,Hull
Iowa,Humboldt
Iowa,Humeston
Iowa,Huxley
Iowa,Ida Grove
Iowa,Independence
Iowa,Indianola
Iowa,Inwood
Iowa,Ionia
Iowa,Iowa City
Iowa,Iowa Falls
Iowa,Ireton
Iowa,Irwin
Iowa,Jamaica
Iowa,Janesville
Iowa,Jefferson
Iowa,Jesup
Iowa,Jewell
Iowa,Johnston
Iowa,Joice
Iowa,Kalona
Iowa,Kamrar
Iowa,Kanawha
Iowa,Kelley
Iowa,Kellogg
Iowa,Kensett
Iowa,Keokuk
Iowa,Keosauqua
Iowa,Keota
Iowa,Keswick
Iowa,Keystone
Iowa,Kimballton
Iowa,Kingsley
Iowa,Kirkman
Iowa,Klemme
Iowa,Knoxville
Iowa,La Porte City
Iowa,Lacona
Iowa,Ladora
Iowa,Lake City
Iowa,Lake Mills
Iowa,Lake Park
Iowa,Lake View
Iowa,Lakeside
Iowa,Lakota
Iowa,Lamoni
Iowa,Lansing
Iowa,Larchwood
Iowa,Latimer
Iowa,Laurel
Iowa,Laurens
Iowa,Lawler
Iowa,Lawton
Iowa,Le Claire
Iowa,Le Grand
Iowa,Le Mars
Iowa,Lehigh
Iowa,Leighton
Iowa,Leland
Iowa,Lenox
Iowa,Leon
Iowa,Letts
Iowa,Lewis
Iowa,Lidderdale
Iowa,Lime Springs
Iowa,Lincoln
Iowa,Linden
Iowa,Lineville
Iowa,Linn Grove
Iowa,Lisbon
Iowa,Little Rock
Iowa,Little Sioux
Iowa,Livermore
Iowa,Lockridge
Iowa,Logan
Iowa,Lohrville
Iowa,Lone Tree
Iowa,Long Grove
Iowa,Lorimor
Iowa,Lost Nation
Iowa,Lovilia
Iowa,Low Moor
Iowa,Lowden
Iowa,Lucas
Iowa,Luxemburg
Iowa,Luzerne
Iowa,Lynnville
Iowa,Macedonia
Iowa,Macksburg
Iowa,Madrid
Iowa,Malcom
Iowa,Maloy
Iowa,Malvern
Iowa,Manchester
Iowa,Manilla
Iowa,Manly
Iowa,Manning
Iowa,Manson
Iowa,Mapleton
Iowa,Maquoketa
Iowa,Marathon
Iowa,Marble Rock
Iowa,Marcus
Iowa,Marengo
Iowa,Marion
Iowa,Marquette
Iowa,Marshalltown
Iowa,Martensdale
Iowa,Martinsburg
Iowa,Mason City
Iowa,Massena
Iowa,Maxwell
Iowa,Maynard
Iowa,McCallsburg
Iowa,McClelland
Iowa,McGregor
Iowa,Mechanicsville
Iowa,Mediapolis
Iowa,Melbourne
Iowa,Melcher Dallas
Iowa,Melrose
Iowa,Menlo
Iowa,Meriden
Iowa,Merrill
Iowa,Middle Amana
Iowa,Middletown
Iowa,Miles
Iowa,Milford
Iowa,Millersburg
Iowa,Milo
Iowa,Minburn
Iowa,Minden
Iowa,Mingo
Iowa,Missouri Valley
Iowa,Mitchellville
Iowa,Modale
Iowa,Mondamin
Iowa,Monona
Iowa,Monroe
Iowa,Montezuma
Iowa,Monticello
Iowa,Montour
Iowa,Montrose
Iowa,Moorland
Iowa,Moravia
Iowa,Morning Sun
Iowa,Moulton
Iowa,Mount Ayr
Iowa,Mount Pleasant
Iowa,Mount Union
Iowa,Mount Vernon
Iowa,Moville
Iowa,Murray
Iowa,Muscatine
Iowa,Mystic
Iowa,Nashua
Iowa,Neola
Iowa,Nevada
Iowa,New Albin
Iowa,New Hampton
Iowa,New Hartford
Iowa,New Liberty
Iowa,New London
Iowa,New Market
Iowa,New Providence
Iowa,New Sharon
Iowa,New Virginia
Iowa,Newell
Iowa,Newhall
Iowa,Newton
Iowa,Nichols
Iowa,Nora Springs
Iowa,North English
Iowa,North Liberty
Iowa,Northwood
Iowa,Norwalk
Iowa,Norway
Iowa,Numa
Iowa,Oakland
Iowa,Oakville
Iowa,Ocheyedan
Iowa,Odebolt
Iowa,Oelwein
Iowa,Ogden
Iowa,Okoboji
Iowa,Olds
Iowa,Olin
Iowa,Ollie
Iowa,Onawa
Iowa,Onslow
Iowa,Orange City
Iowa,Orient
Iowa,Orleans
Iowa,Osage
Iowa,Osceola
Iowa,Oskaloosa
Iowa,Ossian
Iowa,Otley
Iowa,Ottumwa
Iowa,Oxford
Iowa,Oxford Junction
Iowa,Packwood
Iowa,Palo
Iowa,Panama
Iowa,Panora
Iowa,Park View
Iowa,Parkersburg
Iowa,Parnell
Iowa,Patterson
Iowa,Paullina
Iowa,Pella
Iowa,Peosta
Iowa,Perry
Iowa,Persia
Iowa,Peru
Iowa,Peterson
Iowa,Pisgah
Iowa,Plainfield
Iowa,Plano
Iowa,Pleasant Hill
Iowa,Pleasant Valley
Iowa,Pleasantville
Iowa,Plymouth
Iowa,Pocahontas
Iowa,Polk City
Iowa,Portsmouth
Iowa,Prairie City
Iowa,Prescott
Iowa,Preston
Iowa,Primghar
Iowa,Princeton
Iowa,Prole
Iowa,Promise City
Iowa,Pulaski
Iowa,Quasqueton
Iowa,Quimby
Iowa,Radcliffe
Iowa,Rake
Iowa,Randall
Iowa,Rathbun
Iowa,Raymond
Iowa,Readlyn
Iowa,Red Oak
Iowa,Redfield
Iowa,Reinbeck
Iowa,Rembrandt
Iowa,Remsen
Iowa,Renwick
Iowa,Rhodes
Iowa,Riceville
Iowa,Richland
Iowa,Ridgeway
Iowa,Ringsted
Iowa,Riverdale
Iowa,Riverside
Iowa,Robins
Iowa,Rock Rapids
Iowa,Rock Valley
Iowa,Rockford
Iowa,Rockwell
Iowa,Rockwell City
Iowa,Roland
Iowa,Rolfe
Iowa,Rose Hill
Iowa,Rowley
Iowa,Royal
Iowa,Runnells
Iowa,Russell
Iowa,Ruthven
Iowa,Ryan
Iowa,Sabula
Iowa,Sac City
Iowa,Saint Ansgar
Iowa,Saint Charles
Iowa,Saint Lucas
Iowa,Saint Marys
Iowa,Saint Paul
Iowa,Salem
Iowa,Salix
Iowa,Sanborn
Iowa,Schaller
Iowa,Schleswig
Iowa,Scranton
Iowa,Searsboro
Iowa,Sergeant Bluff
Iowa,Seymour
Iowa,Sheffield
Iowa,Shelby
Iowa,Sheldahl
Iowa,Sheldon
Iowa,Shell Rock
Iowa,Shellsburg
Iowa,Shenandoah
Iowa,Sibley
Iowa,Sidney
Iowa,Sigourney
Iowa,Silver City
Iowa,Sioux Center
Iowa,Sioux City
Iowa,Sioux Rapids
Iowa,Slater
Iowa,Sloan
Iowa,Soldier
Iowa,Solon
Iowa,Somers
Iowa,South English
Iowa,Spencer
Iowa,Sperry
Iowa,Spillville
Iowa,Spirit Lake
Iowa,Spring Hill
Iowa,Springville
Iowa,Stacyville
Iowa,Stanhope
Iowa,Stanton
Iowa,Stanwood
Iowa,State Center
Iowa,Steamboat Rock
Iowa,Stockport
Iowa,Storm Lake
Iowa,Story City
Iowa,Stratford
Iowa,Strawberry Point
Iowa,Stuart
Iowa,Sully
Iowa,Sumner
Iowa,Sutherland
Iowa,Swan
Iowa,Swisher
Iowa,Tabor
Iowa,Tama
Iowa,Templeton
Iowa,Tennant
Iowa,Terril
Iowa,Thayer
Iowa,Thompson
Iowa,Thornton
Iowa,Tiffin
Iowa,Tingley
Iowa,Tipton
Iowa,Titonka
Iowa,Toddville
Iowa,Toledo
Iowa,Toronto
Iowa,Tracy
Iowa,Traer
Iowa,Treynor
Iowa,Tripoli
Iowa,Truro
Iowa,Underwood
Iowa,Union
Iowa,University Park
Iowa,Urbana
Iowa,Urbandale
Iowa,Vail
Iowa,Van Horne
Iowa,Van Meter
Iowa,Van Wert
Iowa,Ventura
Iowa,Victor
Iowa,Villisca
Iowa,Vinton
Iowa,Wahpeton
Iowa,Walcott
Iowa,Walford
Iowa,Walker
Iowa,Wall Lake
Iowa,Wallingford
Iowa,Walnut
Iowa,Wapello
Iowa,Washburn
Iowa,Washington
Iowa,Washta
Iowa,Waterloo
Iowa,Waterville
Iowa,Watkins
Iowa,Waucoma
Iowa,Waukee
Iowa,Waukon
Iowa,Waverly
Iowa,Wayland
Iowa,Webster City
Iowa,Weldon
Iowa,Wellman
Iowa,Wellsburg
Iowa,Wesley
Iowa,West Bend
Iowa,West Branch
Iowa,West Burlington
Iowa,West Des Moines
Iowa,West Liberty
Iowa,West Okoboji
Iowa,West Point
Iowa,West Union
Iowa,Westgate
Iowa,Westphalia
Iowa,Westside
Iowa,Wever
Iowa,What Cheer
Iowa,Wheatland
Iowa,Whiting
Iowa,Whittemore
Iowa,Williams
Iowa,Williamsburg
Iowa,Williamson
Iowa,Wilton
Iowa,Windsor Heights
Iowa,Winfield
Iowa,Winterset
Iowa,Winthrop
Iowa,Wiota
Iowa,Woden
Iowa,Woodbine
Iowa,Woodward
Iowa,Wyoming
Iowa,Yale
Iowa,Yarmouth
Iowa,Yorktown
Iowa,Zearing
Kansas,Abbyville
Kansas,Abilene
Kansas,Admire
Kansas,Alma
Kansas,Almena
Kansas,Alta Vista
Kansas,Altamont
Kansas,Americus
Kansas,Andale
Kansas,Andover
Kansas,Anthony
Kansas,Argonia
Kansas,Arkansas City
Kansas,Arlington
Kansas,Arma
Kansas,Ashland
Kansas,Assaria
Kansas,Atchison
Kansas,Atlanta
Kansas,Attica
Kansas,Atwood
Kansas,Auburn
Kansas,Augusta
Kansas,Aurora
Kansas,Baldwin City
Kansas,Barnes
Kansas,Bartlett
Kansas,Basehor
Kansas,Baxter Springs
Kansas,Beattie
Kansas,Bel Aire
Kansas,Belle Plaine
Kansas,Belleville
Kansas,Beloit
Kansas,Bennington
Kansas,Bentley
Kansas,Benton
Kansas,Berryton
Kansas,Bird City
Kansas,Blue Mound
Kansas,Blue Rapids
Kansas,Bogue
Kansas,Bonner Springs
Kansas,Bremen
Kansas,Brewster
Kansas,Bronson
Kansas,Bucklin
Kansas,Bucyrus
Kansas,Buhler
Kansas,Burlingame
Kansas,Burlington
Kansas,Burrton
Kansas,Cambridge
Kansas,Caney
Kansas,Canton
Kansas,Carbondale
Kansas,Cawker City
Kansas,Centerville
Kansas,Chanute
Kansas,Chapman
Kansas,Chautauqua
Kansas,Cheney
Kansas,Cherokee
Kansas,Cherryvale
Kansas,Chetopa
Kansas,Cimarron
Kansas,Circleville
Kansas,Claflin
Kansas,Clay Center
Kansas,Clearwater
Kansas,Clifton
Kansas,Clyde
Kansas,Coffeyville
Kansas,Colby
Kansas,Coldwater
Kansas,Colony
Kansas,Columbus
Kansas,Concordia
Kansas,Conway Springs
Kansas,Copeland
Kansas,Cottonwood Falls
Kansas,Council Grove
Kansas,Cunningham
Kansas,Damar
Kansas,Danville
Kansas,De Soto
Kansas,Dearing
Kansas,Deerfield
Kansas,Denison
Kansas,Dennis
Kansas,Derby
Kansas,Dighton
Kansas,Dodge City
Kansas,Douglass
Kansas,Downs
Kansas,Dwight
Kansas,Easton
Kansas,Edgerton
Kansas,Edna
Kansas,Edwardsville
Kansas,Effingham
Kansas,El Dorado
Kansas,Elk City
Kansas,Elkhart
Kansas,Ellinwood
Kansas,Ellis
Kansas,Ellsworth
Kansas,Elwood
Kansas,Emporia
Kansas,Enterprise
Kansas,Erie
Kansas,Esbon
Kansas,Eskridge
Kansas,Eudora
Kansas,Eureka
Kansas,Fairway
Kansas,Fall River
Kansas,Farlington
Kansas,Formoso
Kansas,Fort Scott
Kansas,Frankfort
Kansas,Franklin
Kansas,Fredonia
Kansas,Frontenac
Kansas,Fulton
Kansas,Galena
Kansas,Galesburg
Kansas,Galva
Kansas,Garden City
Kansas,Garden Plain
Kansas,Gardner
Kansas,Garfield
Kansas,Garnett
Kansas,Gas
Kansas,Gaylord
Kansas,Geneseo
Kansas,Girard
Kansas,Glasco
Kansas,Glen Elder
Kansas,Goddard
Kansas,Goessel
Kansas,Goodland
Kansas,Gorham
Kansas,Grainfield
Kansas,Grantville
Kansas,Great Bend
Kansas,Greenleaf
Kansas,Greensburg
Kansas,Grenola
Kansas,Gypsum
Kansas,Halstead
Kansas,Hanston
Kansas,Hardtner
Kansas,Harper
Kansas,Harveyville
Kansas,Haven
Kansas,Haviland
Kansas,Hays
Kansas,Haysville
Kansas,Hepler
Kansas,Herington
Kansas,Herkimer
Kansas,Hesston
Kansas,Hiawatha
Kansas,Highland
Kansas,Hill City
Kansas,Hillsboro
Kansas,Hoisington
Kansas,Holcomb
Kansas,Holton
Kansas,Holyrood
Kansas,Hope
Kansas,Horton
Kansas,Howard
Kansas,Hoxie
Kansas,Hoyt
Kansas,Hugoton
Kansas,Humboldt
Kansas,Hutchinson
Kansas,Independence
Kansas,Ingalls
Kansas,Inman
Kansas,Iola
Kansas,Iuka
Kansas,Jamestown
Kansas,Jewell
Kansas,Johnson
Kansas,Johnson City
Kansas,Junction City
Kansas,Kanopolis
Kansas,Kansas City
Kansas,Kechi
Kansas,Kendall
Kansas,Kensington
Kansas,Kincaid
Kansas,Kingman
Kansas,Kinsley
Kansas,Kiowa
Kansas,Kipp
Kansas,Kismet
Kansas,La Crosse
Kansas,La Cygne
Kansas,Lakin
Kansas,Lane
Kansas,Langdon
Kansas,Lansing
Kansas,Larned
Kansas,Lawrence
Kansas,LeRoy
Kansas,Leavenworth
Kansas,Leawood
Kansas,Lebanon
Kansas,Lebo
Kansas,Lecompton
Kansas,Lenexa
Kansas,Lenora
Kansas,Leon
Kansas,Leonardville
Kansas,Leoti
Kansas,Levant
Kansas,Liberal
Kansas,Liberty
Kansas,Lincoln
Kansas,Lindsborg
Kansas,Linn Valley
Kansas,Linwood
Kansas,Little River
Kansas,Logan
Kansas,Longton
Kansas,Lorraine
Kansas,Louisburg
Kansas,Lucas
Kansas,Ludell
Kansas,Luray
Kansas,Lyndon
Kansas,Lyons
Kansas,Macksville
Kansas,Madison
Kansas,Maize
Kansas,Manhattan
Kansas,Mankato
Kansas,Maple Hill
Kansas,Marion
Kansas,Marquette
Kansas,Marysville
Kansas,McCune
Kansas,McDonald
Kansas,McFarland
Kansas,McLouth
Kansas,McPherson
Kansas,Meade
Kansas,Medicine Lodge
Kansas,Melvern
Kansas,Meriden
Kansas,Merriam
Kansas,Milford
Kansas,Milton
Kansas,Miltonvale
Kansas,Minneapolis
Kansas,Minneola
Kansas,Mission
Kansas,Mission Hills
Kansas,Moline
Kansas,Montezuma
Kansas,Morganville
Kansas,Morland
Kansas,Morrill
Kansas,Morrowville
Kansas,Moscow
Kansas,Mound City
Kansas,Moundridge
Kansas,Mount Hope
Kansas,Mulvane
Kansas,Neodesha
Kansas,Ness City
Kansas,New Strawn
Kansas,Newton
Kansas,Nickerson
Kansas,Norcatur
Kansas,North Newton
Kansas,Norton
Kansas,Norwich
Kansas,Oakley
Kansas,Oberlin
Kansas,Ogden
Kansas,Olathe
Kansas,Olpe
Kansas,Olsburg
Kansas,Onaga
Kansas,Osage City
Kansas,Osawatomie
Kansas,Osborne
Kansas,Oskaloosa
Kansas,Oswego
Kansas,Otis
Kansas,Ottawa
Kansas,Overbrook
Kansas,Overland Park
Kansas,Oxford
Kansas,Ozawkie
Kansas,Paola
Kansas,Park City
Kansas,Parker
Kansas,Parkerfield
Kansas,Parsons
Kansas,Partridge
Kansas,Pawnee Rock
Kansas,Paxico
Kansas,Peabody
Kansas,Peck
Kansas,Perry
Kansas,Phillipsburg
Kansas,Pittsburg
Kansas,Plains
Kansas,Plainville
Kansas,Pleasanton
Kansas,Pomona
Kansas,Potwin
Kansas,Prairie Village
Kansas,Pratt
Kansas,Pretty Prairie
Kansas,Quinter
Kansas,Randolph
Kansas,Ransom
Kansas,Redfield
Kansas,Richmond
Kansas,Riley
Kansas,Riverton
Kansas,Robinson
Kansas,Roeland Park
Kansas,Rolla
Kansas,Rose Hill
Kansas,Rossville
Kansas,Roxbury
Kansas,Rozel
Kansas,Rural
Kansas,Russell
Kansas,Sabetha
Kansas,Saint Francis
Kansas,Saint George
Kansas,Saint John
Kansas,Saint Marys
Kansas,Saint Paul
Kansas,Salina
Kansas,Satanta
Kansas,Sawyer
Kansas,Scammon
Kansas,Scandia
Kansas,Schoenchen
Kansas,Scott City
Kansas,Scranton
Kansas,Sedan
Kansas,Sedgwick
Kansas,Seneca
Kansas,Severy
Kansas,Sharon
Kansas,Sharon Springs
Kansas,Shawnee
Kansas,Shawnee Mission
Kansas,Silver Lake
Kansas,Smith Center
Kansas,Solomon
Kansas,South Hutchinson
Kansas,Spearville
Kansas,Spivey
Kansas,Spring Hill
Kansas,Stafford
Kansas,Sterling
Kansas,Stilwell
Kansas,Strong City
Kansas,Sublette
Kansas,Sylvan Grove
Kansas,Syracuse
Kansas,Tecumseh
Kansas,Tescott
Kansas,Thayer
Kansas,Tonganoxie
Kansas,Topeka
Kansas,Toronto
Kansas,Towanda
Kansas,Tribune
Kansas,Turon
Kansas,Tyro
Kansas,Udall
Kansas,Ulysses
Kansas,Utica
Kansas,Valley Center
Kansas,Valley Falls
Kansas,Vassar
Kansas,Victoria
Kansas,Wakarusa
Kansas,Wakeeney
Kansas,Wakefield
Kansas,Walker
Kansas,Wamego
Kansas,Washington
Kansas,Waterville
Kansas,Wathena
Kansas,Waverly
Kansas,Weir
Kansas,Welda
Kansas,Wellington
Kansas,Wellsville
Kansas,West Mineral
Kansas,Westmoreland
Kansas,Westwood
Kansas,Westwood Hills
Kansas,White City
Kansas,Whitewater
Kansas,Whiting
Kansas,Wichita
Kansas,Williamsburg
Kansas,Wilsey
Kansas,Wilson
Kansas,Winchester
Kansas,Winfield
Kansas,Woodbine
Kansas,Wright
Kansas,Yates Center
Kentucky,Adairville
Kentucky,Adams
Kentucky,Adolphus
Kentucky,Albany
Kentucky,Alexandria
Kentucky,Allen
Kentucky,Almo
Kentucky,Alvaton
Kentucky,Anchorage
Kentucky,Annville
Kentucky,Argillite
Kentucky,Arlington
Kentucky,Artemus
Kentucky,Ary
Kentucky,Ashcamp
Kentucky,Ashland
Kentucky,Auburn
Kentucky,Augusta
Kentucky,Austin
Kentucky,Auxier
Kentucky,Bagdad
Kentucky,Banner
Kentucky,Barbourville
Kentucky,Bardstown
Kentucky,Bardwell
Kentucky,Barlow
Kentucky,Baxter
Kentucky,Beattyville
Kentucky,Beaumont
Kentucky,Beauty
Kentucky,Beaver Dam
Kentucky,Bedford
Kentucky,Bee Spring
Kentucky,Beech Creek
Kentucky,Beechmont
Kentucky,Belfry
Kentucky,Bellevue
Kentucky,Belton
Kentucky,Benham
Kentucky,Benton
Kentucky,Berea
Kentucky,Berry
Kentucky,Bethelridge
Kentucky,Betsy Layne
Kentucky,Bevinsville
Kentucky,Big Clifty
Kentucky,Blackey
Kentucky,Blaine
Kentucky,Bledsoe
Kentucky,Bloomfield
Kentucky,Boaz
Kentucky,Bonnieville
Kentucky,Booneville
Kentucky,Boston
Kentucky,Bowling Green
Kentucky,Bradfordsville
Kentucky,Brandenburg
Kentucky,Bremen
Kentucky,Brodhead
Kentucky,Bromley
Kentucky,Bronston
Kentucky,Brooksville
Kentucky,Brownsville
Kentucky,Buffalo
Kentucky,Bulan
Kentucky,Burgin
Kentucky,Burkesville
Kentucky,Burlington
Kentucky,Burna
Kentucky,Burnside
Kentucky,Busy
Kentucky,Butler
Kentucky,Cadiz
Kentucky,Calhoun
Kentucky,California
Kentucky,Calvert City
Kentucky,Calvin
Kentucky,Camargo
Kentucky,Campbellsburg
Kentucky,Campbellsville
Kentucky,Campton
Kentucky,Canada
Kentucky,Caneyville
Kentucky,Cannon
Kentucky,Carlisle
Kentucky,Carrollton
Kentucky,Catlettsburg
Kentucky,Cave City
Kentucky,Cawood
Kentucky,Cecilia
Kentucky,Centertown
Kentucky,Central City
Kentucky,Chaplin
Kentucky,Chavies
Kentucky,Clarkson
Kentucky,Clay City
Kentucky,Clearfield
Kentucky,Clinton
Kentucky,Cloverport
Kentucky,Cold Spring
Kentucky,Coldiron
Kentucky,Columbia
Kentucky,Columbus
Kentucky,Corbin
Kentucky,Corinth
Kentucky,Covington
Kentucky,Coxs Creek
Kentucky,Crab Orchard
Kentucky,Crescent Park
Kentucky,Crescent Springs
Kentucky,Crestview Hills
Kentucky,Crestwood
Kentucky,Crittenden
Kentucky,Crofton
Kentucky,Cromwell
Kentucky,Cub Run
Kentucky,Cumberland
Kentucky,Cunningham
Kentucky,Custer
Kentucky,Cynthiana
Kentucky,Dana
Kentucky,Danville
Kentucky,David
Kentucky,Daviess Co
Kentucky,Dawson Springs
Kentucky,Dayton
Kentucky,De Mossville
Kentucky,Dewitt
Kentucky,Dexter
Kentucky,Dixon
Kentucky,Dover
Kentucky,Drakesboro
Kentucky,Drift
Kentucky,Dry Ridge
Kentucky,Dunmor
Kentucky,Dunnville
Kentucky,Dwale
Kentucky,Earlington
Kentucky,East Bernstadt
Kentucky,East Point
Kentucky,Eastern
Kentucky,Eastview
Kentucky,Eddyville
Kentucky,Edgewood
Kentucky,Edmonton
Kentucky,Eighty Eight
Kentucky,Ekron
Kentucky,Elizabethtown
Kentucky,Elkhorn City
Kentucky,Elkton
Kentucky,Elsmere
Kentucky,Eminence
Kentucky,Emlyn
Kentucky,Erlanger
Kentucky,Ermine
Kentucky,Eubank
Kentucky,Evarts
Kentucky,Ewing
Kentucky,Ezel
Kentucky,Fairdale
Kentucky,Falls Of Rough
Kentucky,Falmouth
Kentucky,Farmington
Kentucky,Fedscreek
Kentucky,Ferguson
Kentucky,Finchville
Kentucky,Fisherville
Kentucky,Flat Lick
Kentucky,Flatgap
Kentucky,Flatwoods
Kentucky,Flemingsburg
Kentucky,Florence
Kentucky,Fordsville
Kentucky,Forest Hills
Kentucky,Fort Mitchell
Kentucky,Fort Thomas
Kentucky,Fort Wright
Kentucky,Foster
Kentucky,Frakes
Kentucky,Frankfort
Kentucky,Franklin
Kentucky,Fredonia
Kentucky,Freeburn
Kentucky,Frenchburg
Kentucky,Fulton
Kentucky,Gamaliel
Kentucky,Garner
Kentucky,Garrett
Kentucky,Garrison
Kentucky,Georgetown
Kentucky,Ghent
Kentucky,Gilbertsville
Kentucky,Girdler
Kentucky,Glasgow
Kentucky,Glencoe
Kentucky,Glendale
Kentucky,Goshen
Kentucky,Gracey
Kentucky,Graham
Kentucky,Grand Rivers
Kentucky,Gravel Switch
Kentucky,Gray
Kentucky,Grayson
Kentucky,Green Road
Kentucky,Greensburg
Kentucky,Greenup
Kentucky,Greenville
Kentucky,Guston
Kentucky,Guthrie
Kentucky,Hagerhill
Kentucky,Hanson
Kentucky,Happy
Kentucky,Hardin
Kentucky,Hardinsburg
Kentucky,Hardyville
Kentucky,Harlan
Kentucky,Harned
Kentucky,Harold
Kentucky,Harrodsburg
Kentucky,Hartford
Kentucky,Hawesville
Kentucky,Hazard
Kentucky,Hazel
Kentucky,Hazel Green
Kentucky,Hebron
Kentucky,Henderson
Kentucky,Herndon
Kentucky,Hickman
Kentucky,Hickory
Kentucky,Highland Heights
Kentucky,Hillsboro
Kentucky,Hillview
Kentucky,Hindman
Kentucky,Hinkle
Kentucky,Hodgenville
Kentucky,Hope
Kentucky,Hopkinsville
Kentucky,Horse Cave
Kentucky,Huddy
Kentucky,Hudson
Kentucky,Hueysville
Kentucky,Hustonville
Kentucky,Hyden
Kentucky,Independence
Kentucky,Inez
Kentucky,Irvine
Kentucky,Irvington
Kentucky,Island
Kentucky,Isom
Kentucky,Isonville
Kentucky,Ivel
Kentucky,Jabez
Kentucky,Jackson
Kentucky,Jamestown
Kentucky,Jeff
Kentucky,Jeffersontown
Kentucky,Jeffersonville
Kentucky,Jenkins
Kentucky,Jeremiah
Kentucky,Junction City
Kentucky,Keavy
Kentucky,Kevil
Kentucky,Kimper
Kentucky,Kings Mountain
Kentucky,Kirksey
Kentucky,Kite
Kentucky,Knob Lick
Kentucky,Kuttawa
Kentucky,La Center
Kentucky,La Grange
Kentucky,Lackey
Kentucky,Lakeside Park
Kentucky,Lancaster
Kentucky,Langley
Kentucky,Latonia
Kentucky,Lawrenceburg
Kentucky,Leander
Kentucky,Lebanon
Kentucky,Lebanon Junction
Kentucky,Leburn
Kentucky,Ledbetter
Kentucky,Leitchfield
Kentucky,Lewisburg
Kentucky,Lewisport
Kentucky,Lexington
Kentucky,Liberty
Kentucky,Lily
Kentucky,Littcarr
Kentucky,Livermore
Kentucky,Livingston
Kentucky,London
Kentucky,Loretto
Kentucky,Lost Creek
Kentucky,Louisa
Kentucky,Louisville
Kentucky,Lovely
Kentucky,Loyall
Kentucky,Lucas
Kentucky,Ludlow
Kentucky,Lynch
Kentucky,Maceo
Kentucky,Madisonville
Kentucky,Magnolia
Kentucky,Mammoth Cave
Kentucky,Manchester
Kentucky,Manitou
Kentucky,Marion
Kentucky,Martha
Kentucky,Martin
Kentucky,Mayfield
Kentucky,Mayking
Kentucky,Mayslick
Kentucky,Maysville
Kentucky,McAndrews
Kentucky,McCarr
Kentucky,McDaniels
Kentucky,McDowell
Kentucky,McKee
Kentucky,Meally
Kentucky,Means
Kentucky,Melbourne
Kentucky,Melvin
Kentucky,Middleburg
Kentucky,Middlesboro
Kentucky,Midway
Kentucky,Millersburg
Kentucky,Milton
Kentucky,Minnie
Kentucky,Miracle
Kentucky,Monticello
Kentucky,Morehead
Kentucky,Morganfield
Kentucky,Morgantown
Kentucky,Morning View
Kentucky,Mount Eden
Kentucky,Mount Olivet
Kentucky,Mount Sterling
Kentucky,Mount Vernon
Kentucky,Mount Washington
Kentucky,Mousie
Kentucky,Mouthcard
Kentucky,Mozelle
Kentucky,Muldraugh
Kentucky,Munfordville
Kentucky,Murray
Kentucky,Nancy
Kentucky,Nebo
Kentucky,Neon
Kentucky,New Castle
Kentucky,New Concord
Kentucky,New Haven
Kentucky,Newport
Kentucky,Nicholasville
Kentucky,North Middletown
Kentucky,Nortonville
Kentucky,Oak Grove
Kentucky,Oakland
Kentucky,Oil Springs
Kentucky,Olive Hill
Kentucky,Olmstead
Kentucky,Olympia
Kentucky,Oneida
Kentucky,Owensboro
Kentucky,Owenton
Kentucky,Owingsville
Kentucky,Paducah
Kentucky,Paint Lick
Kentucky,Paintsville
Kentucky,Paris
Kentucky,Park City
Kentucky,Park Hills
Kentucky,Parkers Lake
Kentucky,Parksville
Kentucky,Pathfork
Kentucky,Payneville
Kentucky,Pembroke
Kentucky,Pendleton
Kentucky,Perryville
Kentucky,Petersburg
Kentucky,Pewee Valley
Kentucky,Phelps
Kentucky,Philpot
Kentucky,Phyllis
Kentucky,Pikeville
Kentucky,Pilgrim
Kentucky,Pine Knot
Kentucky,Pineville
Kentucky,Pleasureville
Kentucky,Powderly
Kentucky,Premium
Kentucky,Prestonsburg
Kentucky,Princeton
Kentucky,Prospect
Kentucky,Providence
Kentucky,Putney
Kentucky,Raccoon
Kentucky,Raceland
Kentucky,Radcliff
Kentucky,Ransom
Kentucky,Ravenna
Kentucky,Raywick
Kentucky,Redfox
Kentucky,Reed
Kentucky,Regina
Kentucky,Revelo
Kentucky,Reynolds Station
Kentucky,Richmond
Kentucky,Rineyville
Kentucky,River
Kentucky,Rochester
Kentucky,Rockfield
Kentucky,Rockholds
Kentucky,Rockport
Kentucky,Rocky Hill
Kentucky,Rogers
Kentucky,Royalton
Kentucky,Rush
Kentucky,Russell
Kentucky,Russell Springs
Kentucky,Russellville
Kentucky,Ryland Heights
Kentucky,Sacramento
Kentucky,Sadieville
Kentucky,Saint Francis
Kentucky,Saint Helens
Kentucky,Salem
Kentucky,Salt Lick
Kentucky,Salvisa
Kentucky,Salyersville
Kentucky,Sanders
Kentucky,Sandy Hook
Kentucky,Sassafras
Kentucky,Science Hill
Kentucky,Scottsville
Kentucky,Sebree
Kentucky,Sharon Grove
Kentucky,Sharpsburg
Kentucky,Shelbiana
Kentucky,Shelby Gap
Kentucky,Shelbyville
Kentucky,Shepherdsville
Kentucky,Sidney
Kentucky,Silver Grove
Kentucky,Simpsonville
Kentucky,Sitka
Kentucky,Slaughters
Kentucky,Smith
Kentucky,Smithfield
Kentucky,Smithland
Kentucky,Smiths Grove
Kentucky,Somerset
Kentucky,Sonora
Kentucky,South Shore
Kentucky,South Williamson
Kentucky,Southgate
Kentucky,Sparta
Kentucky,Spottsville
Kentucky,Springfield
Kentucky,Staffordsville
Kentucky,Stamping Ground
Kentucky,Stanford
Kentucky,Stanton
Kentucky,Stanville
Kentucky,Stearns
Kentucky,Steele
Kentucky,Stinnett
Kentucky,Stone
Kentucky,Strunk
Kentucky,Sturgis
Kentucky,Sulphur
Kentucky,Summer Shade
Kentucky,Summersville
Kentucky,Sweeden
Kentucky,Symsonia
Kentucky,Taylor Mill
Kentucky,Taylorsville
Kentucky,Teaberry
Kentucky,Thelma
Kentucky,Tollesboro
Kentucky,Tompkinsville
Kentucky,Totz
Kentucky,Tram
Kentucky,Trenton
Kentucky,Turners Station
Kentucky,Tutor Key
Kentucky,Tyner
Kentucky,Ulysses
Kentucky,Union
Kentucky,Union Star
Kentucky,Upton
Kentucky,Utica
Kentucky,Van Lear
Kentucky,Vanceburg
Kentucky,Verona
Kentucky,Versailles
Kentucky,Vest
Kentucky,Vicco
Kentucky,Villa Hills
Kentucky,Vine Grove
Kentucky,Viper
Kentucky,Virgie
Kentucky,Waco
Kentucky,Waddy
Kentucky,Walker
Kentucky,Wallingford
Kentucky,Wallins Creek
Kentucky,Walton
Kentucky,Warfield
Kentucky,Warsaw
Kentucky,Water Valley
Kentucky,Waverly
Kentucky,Wayland
Kentucky,Waynesburg
Kentucky,Webster
Kentucky,Weeksbury
Kentucky,Wellington
Kentucky,West Liberty
Kentucky,West Paducah
Kentucky,West Point
Kentucky,West Van Lear
Kentucky,Westport
Kentucky,Westview
Kentucky,White Plains
Kentucky,Whitehouse
Kentucky,Whitesburg
Kentucky,Whitesville
Kentucky,Whitley City
Kentucky,Wickliffe
Kentucky,Wilder
Kentucky,Williamsburg
Kentucky,Williamstown
Kentucky,Willisburg
Kentucky,Wilmore
Kentucky,Winchester
Kentucky,Windsor
Kentucky,Wingo
Kentucky,Wittensville
Kentucky,Woodbine
Kentucky,Woodburn
Kentucky,Woollum
Kentucky,Worthington
Kentucky,Worthville
Kentucky,Wurtland
Kentucky,Yeaddiss
Kentucky,Yerkes
Kentucky,Yosemite
Kentucky,Zoe
Louisiana,Abbeville
Louisiana,Abita Springs
Louisiana,Addis
Louisiana,Albany
Louisiana,Alexandria
Louisiana,Amite
Louisiana,Anacoco
Louisiana,Angie
Louisiana,Arabi
Louisiana,Arcadia
Louisiana,Arnaudville
Louisiana,Athens
Louisiana,Atlanta
Louisiana,Avondale
Louisiana,Baker
Louisiana,Baldwin
Louisiana,Ball
Louisiana,Barataria
Louisiana,Bastrop
Louisiana,Baton Rouge
Louisiana,Bayou Pigeon
Louisiana,Bayou Vista
Louisiana,Belcher
Louisiana,Bell City
Louisiana,Belle Chasse
Louisiana,Belle Rose
Louisiana,Bentley
Louisiana,Benton
Louisiana,Bernice
Louisiana,Berwick
Louisiana,Bethany
Louisiana,Blanchard
Louisiana,Blanks
Louisiana,Bogalusa
Louisiana,Bossier City
Louisiana,Boutte
Louisiana,Boyce
Louisiana,Braithwaite
Louisiana,Branch
Louisiana,Breaux Bridge
Louisiana,Bridge City
Louisiana,Broussard
Louisiana,Brusly
Louisiana,Bunkie
Louisiana,Buras
Louisiana,Bush
Louisiana,Butte Larose
Louisiana,Calhoun
Louisiana,Cameron
Louisiana,Campti
Louisiana,Cankton
Louisiana,Carencro
Louisiana,Carlyss
Louisiana,Castor
Louisiana,Center Point
Louisiana,Central
Louisiana,Chalmette
Louisiana,Chatham
Louisiana,Chauvin
Louisiana,Cheneyville
Louisiana,Choudrant
Louisiana,Church Point
Louisiana,Clinton
Louisiana,Colfax
Louisiana,Collinston
Louisiana,Columbia
Louisiana,Converse
Louisiana,Cotton Valley
Louisiana,Cottonport
Louisiana,Coushatta
Louisiana,Covington
Louisiana,Crowley
Louisiana,Cullen
Louisiana,Cut Off
Louisiana,Cypremort Point
Louisiana,Darrow
Louisiana,Delcambre
Louisiana,Delhi
Louisiana,Denham Springs
Louisiana,Dequincy
Louisiana,Deridder
Louisiana,Des Allemands
Louisiana,Destrehan
Louisiana,Deville
Louisiana,Dodson
Louisiana,Donaldsonville
Louisiana,Downsville
Louisiana,Doyline
Louisiana,Dry Prong
Louisiana,Dubach
Louisiana,Dubberly
Louisiana,Dulac
Louisiana,Duson
Louisiana,Effie
Louisiana,El Dorado
Louisiana,Elizabeth
Louisiana,Elm Grove
Louisiana,Elton
Louisiana,Erath
Louisiana,Eros
Louisiana,Ethel
Louisiana,Eunice
Louisiana,Evangeline
Louisiana,Evergreen
Louisiana,Farmerville
Louisiana,Ferriday
Louisiana,Florien
Louisiana,Fluker
Louisiana,Folsom
Louisiana,Fordoche
Louisiana,Forest Hill
Louisiana,Franklin
Louisiana,Franklinton
Louisiana,French Settlement
Louisiana,Frierson
Louisiana,Galliano
Louisiana,Garyville
Louisiana,Geismar
Louisiana,Gibsland
Louisiana,Gibson
Louisiana,Gilbert
Louisiana,Glenmora
Louisiana,Gloster
Louisiana,Glynn
Louisiana,Golden Meadow
Louisiana,Goldonna
Louisiana,Gonzales
Louisiana,Grambling
Louisiana,Gramercy
Louisiana,Grand Cane
Louisiana,Grand Coteau
Louisiana,Grand Isle
Louisiana,Grant
Louisiana,Gray
Louisiana,Grayson
Louisiana,Greensburg
Louisiana,Greenwell Springs
Louisiana,Greenwood
Louisiana,Gretna
Louisiana,Grosse Tete
Louisiana,Gueydan
Louisiana,Hackberry
Louisiana,Hahnville
Louisiana,Hammond
Louisiana,Harahan
Louisiana,Harrisonburg
Louisiana,Harvey
Louisiana,Haughton
Louisiana,Hayes
Louisiana,Haynesville
Louisiana,Heflin
Louisiana,Henderson
Louisiana,Hessmer
Louisiana,Hineston
Louisiana,Holden
Louisiana,Homer
Louisiana,Hornbeck
Louisiana,Houma
Louisiana,Husser
Louisiana,Ida
Louisiana,Independence
Louisiana,Iota
Louisiana,Iowa
Louisiana,Jackson
Louisiana,Jarreau
Louisiana,Jean Lafitte
Louisiana,Jeanerette
Louisiana,Jefferson
Louisiana,Jena
Louisiana,Jennings
Louisiana,Jonesboro
Louisiana,Jonesville
Louisiana,Kaplan
Louisiana,Keatchie
Louisiana,Keithville
Louisiana,Kelly
Louisiana,Kenner
Louisiana,Kentwood
Louisiana,Killian
Louisiana,Kinder
Louisiana,Labadieville
Louisiana,Lacassine
Louisiana,Lacombe
Louisiana,Lafayette
Louisiana,Lafitte
Louisiana,Lake Arthur
Louisiana,Lake Charles
Louisiana,Lake Providence
Louisiana,Lakeland
Louisiana,Laplace
Louisiana,Larose
Louisiana,Lecompte
Louisiana,Leesville
Louisiana,Leonville
Louisiana,Livingston
Louisiana,Livonia
Louisiana,Lockport
Louisiana,Longville
Louisiana,Loranger
Louisiana,Loreauville
Louisiana,Lottie
Louisiana,Luling
Louisiana,Lutcher
Louisiana,Madisonville
Louisiana,Mamou
Louisiana,Mandeville
Louisiana,Mangham
Louisiana,Mansfield
Louisiana,Mansura
Louisiana,Many
Louisiana,Maringouin
Louisiana,Marion
Louisiana,Marksville
Louisiana,Marrero
Louisiana,Marthaville
Louisiana,Maurepas
Louisiana,Maurice
Louisiana,Melville
Louisiana,Mer Rouge
Louisiana,Meraux
Louisiana,Merryville
Louisiana,Metairie
Louisiana,Minden
Louisiana,Monroe
Louisiana,Montegut
Louisiana,Monterey
Louisiana,Montgomery
Louisiana,Montz
Louisiana,Mooringsport
Louisiana,Moreauville
Louisiana,Morgan City
Louisiana,Morganza
Louisiana,Morrow
Louisiana,Morse
Louisiana,Moss Bluff
Louisiana,Mound
Louisiana,Mount Hermon
Louisiana,Myrtle Grove
Louisiana,Napoleonville
Louisiana,Natchitoches
Louisiana,New Iberia
Louisiana,New Llano
Louisiana,New Orleans
Louisiana,New Roads
Louisiana,New Sarpy
Louisiana,Noble
Louisiana,Norco
Louisiana,Norwood
Louisiana,Oak Grove
Louisiana,Oak Ridge
Louisiana,Oakdale
Louisiana,Oberlin
Louisiana,Oil City
Louisiana,Olla
Louisiana,Opelousas
Louisiana,Oscar
Louisiana,Otis
Louisiana,Paradis
Louisiana,Patterson
Louisiana,Paulina
Louisiana,Pearl River
Louisiana,Pelican
Louisiana,Pierre Part
Louisiana,Pine Prairie
Louisiana,Pineville
Louisiana,Pioneer
Louisiana,Pitkin
Louisiana,Plain Dealing
Louisiana,Plaquemine
Louisiana,Plattenville
Louisiana,Plaucheville
Louisiana,Pollock
Louisiana,Ponchatoula
Louisiana,Port Allen
Louisiana,Port Barre
Louisiana,Port Sulphur
Louisiana,Port Vincent
Louisiana,Poydras
Louisiana,Prairieville
Louisiana,Pride
Louisiana,Princeton
Louisiana,Quitman
Louisiana,Raceland
Louisiana,Ragley
Louisiana,Rayne
Louisiana,Rayville
Louisiana,Reeves
Louisiana,Reserve
Louisiana,Ridgecrest
Louisiana,Ringgold
Louisiana,River Ridge
Louisiana,Roanoke
Louisiana,Robeline
Louisiana,Robert
Louisiana,Robert Lee
Louisiana,Rosedale
Louisiana,Roseland
Louisiana,Rosepine
Louisiana,Ruston
Louisiana,Saint Amant
Louisiana,Saint Bernard
Louisiana,Saint Francisville
Louisiana,Saint Gabriel
Louisiana,Saint Joseph
Louisiana,Saint Landry
Louisiana,Saint Martinville
Louisiana,Saint Rose
Louisiana,Saline
Louisiana,Sarepta
Louisiana,Schriever
Louisiana,Scott
Louisiana,Shongaloo
Louisiana,Shreveport
Louisiana,Sibley
Louisiana,Sicily Island
Louisiana,Simmesport
Louisiana,Simpson
Louisiana,Simsboro
Louisiana,Singer
Louisiana,Slagle
Louisiana,Slaughter
Louisiana,Slidell
Louisiana,Sorrento
Louisiana,Spearsville
Louisiana,Springfield
Louisiana,Springhill
Louisiana,Starks
Louisiana,Stephensville
Louisiana,Sterlington
Louisiana,Stonewall
Louisiana,Sugartown
Louisiana,Sulphur
Louisiana,Sunset
Louisiana,Sunshine
Louisiana,Terrytown
Louisiana,Theriot
Louisiana,Thibodaux
Louisiana,Tickfaw
Louisiana,Trout
Louisiana,Vacherie
Louisiana,Venice
Louisiana,Ventress
Louisiana,Vidalia
Louisiana,Ville Platte
Louisiana,Vinton
Louisiana,Violet
Louisiana,Vivian
Louisiana,Waggaman
Louisiana,Walker
Louisiana,Washington
Louisiana,Welsh
Louisiana,West Monroe
Louisiana,Westlake
Louisiana,Westwego
Louisiana,Weyanoke
Louisiana,White Castle
Louisiana,Winnfield
Louisiana,Winnsboro
Louisiana,Woodworth
Louisiana,Youngsville
Louisiana,Zachary
Louisiana,Zwolle
Maine,Abbot
Maine,Acton
Maine,Adamstown Township
Maine,Addison
Maine,Albion
Maine,Alexander
Maine,Allagash
Maine,Amherst
Maine,Amity
Maine,Andover
Maine,Anson
Maine,Appleton
Maine,Argyle Township
Maine,Arundel
Maine,Ashland
Maine,Athens
Maine,Auburn
Maine,Augusta
Maine,Baileyville
Maine,Bangor
Maine,Bar Harbor
Maine,Bath
Maine,Beals
Maine,Beaver Cove
Maine,Beddington
Maine,Belfast
Maine,Belgrade
Maine,Belmont
Maine,Benton
Maine,Berwick
Maine,Bethel
Maine,Biddeford
Maine,Bingham
Maine,Blaine
Maine,Blue Hill
Maine,Boothbay
Maine,Boothbay Harbor
Maine,Bowdoinham
Maine,Bowerbank
Maine,Bradford
Maine,Bradley
Maine,Brewer
Maine,Bridgton
Maine,Bristol
Maine,Brooks
Maine,Brooksville
Maine,Brookton
Maine,Brownville
Maine,Brunswick
Maine,Buckfield
Maine,Bucksport
Maine,Burlington
Maine,Burnham
Maine,Buxton
Maine,Calais
Maine,Camden
Maine,Canaan
Maine,Canton
Maine,Cape Elizabeth
Maine,Caratunk
Maine,Caribou
Maine,Carrabassett Valley
Maine,Casco
Maine,Castine
Maine,Caswell
Maine,Cathance Township
Maine,Chapman
Maine,Charleston
Maine,Chebeague Island
Maine,Cherryfield
Maine,Chester
Maine,Chesterville
Maine,China
Maine,Clinton
Maine,Columbia Falls
Maine,Concord Township
Maine,Corinna
Maine,Corinth
Maine,Cornish
Maine,Cornville
Maine,Cranberry Isles
Maine,Crawford
Maine,Cumberland
Maine,Cushing
Maine,Cutler
Maine,Dallas Plt
Maine,Damariscotta
Maine,Danforth
Maine,Dayton
Maine,Dedham
Maine,Deer Isle
Maine,Denmark
Maine,Dennysville
Maine,Detroit
Maine,Dexter
Maine,Dixfield
Maine,Dixmont
Maine,Dover Foxcroft
Maine,Dresden
Maine,Durham
Maine,Eagle Lake
Maine,East Machias
Maine,East Millinocket
Maine,East Moxie Township
Maine,Eastbrook
Maine,Easton
Maine,Eastport
Maine,Eddington
Maine,Edgecomb
Maine,Edmunds Township
Maine,Eliot
Maine,Ellsworth
Maine,Embden
Maine,Enfield
Maine,Etna
Maine,Eustis
Maine,Exeter
Maine,Fairfield
Maine,Falmouth
Maine,Farmingdale
Maine,Farmington
Maine,Fayette
Maine,Fort Fairfield
Maine,Fort Kent
Maine,Frankfort
Maine,Franklin
Maine,Freedom
Maine,Freeport
Maine,Frenchboro
Maine,Frenchville
Maine,Fryeburg
Maine,Gardiner
Maine,Garland
Maine,Georgetown
Maine,Glenburn
Maine,Gorham
Maine,Gouldsboro
Maine,Grand Isle
Maine,Grand Lake Stream
Maine,Grand Lake Stream Plt
Maine,Gray
Maine,Greenbush
Maine,Greene
Maine,Greenfield Township
Maine,Greenlaw Chopping Twp
Maine,Greenville
Maine,Guilford
Maine,Hallowell
Maine,Hamlin
Maine,Hampden
Maine,Hancock
Maine,Harmony
Maine,Harpswell
Maine,Harrington
Maine,Harrison
Maine,Hartford
Maine,Hartland
Maine,Haynesville
Maine,Hebron
Maine,Hermon
Maine,Hersey
Maine,Herseytown Township
Maine,Hiram
Maine,Hodgdon
Maine,Holden
Maine,Hollis Center
Maine,Hope
Maine,Houlton
Maine,Howland
Maine,Hudson
Maine,Industry
Maine,Island Falls
Maine,Isle Au Haut
Maine,Islesboro
Maine,Jackman
Maine,Jackson
Maine,Jay
Maine,Jefferson
Maine,Jonesboro
Maine,Jonesport
Maine,Kenduskeag
Maine,Kennebunk
Maine,Kennebunkport
Maine,Kingfield
Maine,Kittery
Maine,Knox
Maine,Lake View Plt
Maine,Lebanon
Maine,Lee
Maine,Lewiston
Maine,Lexington Township
Maine,Liberty
Maine,Limerick
Maine,Limestone
Maine,Limington
Maine,Lincoln
Maine,Lincolnville
Maine,Linneus
Maine,Lisbon
Maine,Litchfield
Maine,Littleton
Maine,Livermore
Maine,Livermore Falls
Maine,Lubec
Maine,Lyman
Maine,Machias
Maine,Madawaska
Maine,Madison
Maine,Manchester
Maine,Mapleton
Maine,Marion Township
Maine,Mars Hill
Maine,Marshfield
Maine,Mattawamkeag
Maine,Mechanic Falls
Maine,Medway
Maine,Mexico
Maine,Milbridge
Maine,Milford
Maine,Millinocket
Maine,Milo
Maine,Milton Township
Maine,Minot
Maine,Monmouth
Maine,Monroe
Maine,Monson
Maine,Monticello
Maine,Montville
Maine,Moosehead Junction Township
Maine,Morrill
Maine,Moscow
Maine,Mount Chase
Maine,Mount Desert
Maine,Mount Vernon
Maine,Naples
Maine,New Canada
Maine,New Gloucester
Maine,New Portland
Maine,New Sharon
Maine,New Sweden
Maine,New Vineyard
Maine,Newburgh
Maine,Newfield
Maine,Newport
Maine,Nobleboro
Maine,Norridgewock
Maine,North Berwick
Maine,North Haven
Maine,North Yarmouth
Maine,Northeast Carry Township
Maine,Northfield
Maine,Norway
Maine,Oakland
Maine,Ogunquit
Maine,Old Orchard Beach
Maine,Old Town
Maine,Orland
Maine,Orono
Maine,Orrington
Maine,Otisfield
Maine,Owls Head
Maine,Oxford
Maine,Palermo
Maine,Palmyra
Maine,Paris
Maine,Parkertown Township
Maine,Parkman
Maine,Parsonsfield
Maine,Passadumkeag
Maine,Patten
Maine,Pembroke
Maine,Perham
Maine,Peru
Maine,Phillips
Maine,Phippsburg
Maine,Pittsfield
Maine,Pittston
Maine,Plymouth
Maine,Poland
Maine,Portage Lake
Maine,Portland
Maine,Pownal
Maine,Presque Isle
Maine,Princeton
Maine,Randolph
Maine,Rangeley
Maine,Raymond
Maine,Readfield
Maine,Richmond
Maine,Robbinston
Maine,Rockland
Maine,Rockport
Maine,Rockwood T1 R1 Nbkp
Maine,Rome
Maine,Roque Bluffs
Maine,Rumford
Maine,Sabattus
Maine,Saco
Maine,Saint Agatha
Maine,Saint Albans
Maine,Saint Francis
Maine,Saint George
Maine,Saint John Plt
Maine,Sandy River Plt
Maine,Sanford
Maine,Scarborough
Maine,Searsport
Maine,Sebago
Maine,Sebec
Maine,Sedgwick
Maine,Shapleigh
Maine,Sherman
Maine,Shirley
Maine,Sidney
Maine,Sinclair
Maine,Skowhegan
Maine,Smyrna Mills
Maine,Solon
Maine,South Berwick
Maine,South Portland
Maine,South Thomaston
Maine,Southport
Maine,Southwest Harbor
Maine,Springfield
Maine,Stacyville
Maine,Standish
Maine,Starks
Maine,Stetson
Maine,Stetsontown Township
Maine,Steuben
Maine,Stockton Springs
Maine,Stoneham
Maine,Stonington
Maine,Strong
Maine,Sullivan
Maine,Sumner
Maine,Surry
Maine,Swans Island
Maine,Swanville
Maine,T1 R9 Wels
Maine,T11 R4 Wels
Maine,T3 Indian Purchase Township
Maine,T3 R12 Wels
Maine,T3 R4 Bkp Wkr
Maine,T5 R7 Wels
Maine,T6 R1 Nbpp
Maine,Thomaston
Maine,Topsfield
Maine,Topsham
Maine,Tremont
Maine,Trenton
Maine,Trescott Township
Maine,Troy
Maine,Turner
Maine,Union
Maine,Unity
Maine,Van Buren
Maine,Vassalboro
Maine,Veazie
Maine,Verona Island
Maine,Vienna
Maine,Vinalhaven
Maine,Wade
Maine,Waldoboro
Maine,Wallagrass
Maine,Warren
Maine,Washburn
Maine,Washington
Maine,Waterboro
Maine,Waterford
Maine,Waterville
Maine,Wayne
Maine,Weld
Maine,Wells
Maine,West Bath
Maine,West Gardiner
Maine,West Paris
Maine,Westbrook
Maine,Westfield
Maine,Weston
Maine,Whitefield
Maine,Whiting
Maine,Whitneyville
Maine,Wilton
Maine,Windham
Maine,Windsor
Maine,Winn
Maine,Winslow
Maine,Winter Harbor
Maine,Winterport
Maine,Winterville Plt
Maine,Winthrop
Maine,Wiscasset
Maine,Woodland
Maine,Woodville
Maine,Woolwich
Maine,Yarmouth
Maine,York
Maryland,Abell
Maryland,Aberdeen
Maryland,Abingdon
Maryland,Accident
Maryland,Accokeek
Maryland,Adamstown
Maryland,Adelphi
Maryland,Annapolis
Maryland,Aquasco
Maryland,Arbutus
Maryland,Arnold
Maryland,Ashton
Maryland,Avenue
Maryland,Baldwin
Maryland,Baltimore
Maryland,Barclay
Maryland,Barnesville
Maryland,Barton
Maryland,Bel Air
Maryland,Bel Alton
Maryland,Belcamp
Maryland,Beltsville
Maryland,Benedict
Maryland,Berlin
Maryland,Berwyn Heights
Maryland,Bethesda
Maryland,Betterton
Maryland,Big Pool
Maryland,Bishopville
Maryland,Bivalve
Maryland,Bladensburg
Maryland,Bloomington
Maryland,Boonsboro
Maryland,Bowie
Maryland,Boyds
Maryland,Bozman
Maryland,Brandywine
Maryland,Brentwood
Maryland,Brookeville
Maryland,Brooklyn
Maryland,Brooklyn Park
Maryland,Broomes Island
Maryland,Brunswick
Maryland,Bryans Road
Maryland,Bryantown
Maryland,Burtonsville
Maryland,Bushwood
Maryland,Cabin John
Maryland,California
Maryland,Callaway
Maryland,Cambridge
Maryland,Camp Springs
Maryland,Capitol Heights
Maryland,Carroll
Maryland,Carvel Beach
Maryland,Cascade
Maryland,Catonsville
Maryland,Cavetown
Maryland,Cecilton
Maryland,Centreville
Maryland,Chance
Maryland,Chaptico
Maryland,Charlestown
Maryland,Charlotte Hall
Maryland,Cheltenham
Maryland,Chesapeake Beach
Maryland,Chesapeake City
Maryland,Chester
Maryland,Chestertown
Maryland,Chestnut Hill Cove
Maryland,Cheverly
Maryland,Chevy Chase
Maryland,Childs
Maryland,Church Creek
Maryland,Church Hill
Maryland,Churchton
Maryland,Churchville
Maryland,Claiborne
Maryland,Clarksburg
Maryland,Clarksville
Maryland,Clear Spring
Maryland,Clearwater Beach
Maryland,Clements
Maryland,Clinton
Maryland,Cobb Island
Maryland,Cockeysville
Maryland,College Park
Maryland,Colora
Maryland,Coltons Point
Maryland,Columbia
Maryland,Conowingo
Maryland,Cooksville
Maryland,Cordova
Maryland,Corriganville
Maryland,Cottage City
Maryland,Crapo
Maryland,Cresaptown
Maryland,Crisfield
Maryland,Crofton
Maryland,Crownsville
Maryland,Crumpton
Maryland,Cumberland
Maryland,Curtis Bay
Maryland,Damascus
Maryland,Dameron
Maryland,Darlington
Maryland,Darnestown
Maryland,Davidsonville
Maryland,Dayton
Maryland,Deal Island
Maryland,Deale
Maryland,Delmar
Maryland,Denton
Maryland,Derwood
Maryland,Detour
Maryland,Dickerson
Maryland,District Heights
Maryland,Dowell
Maryland,Drayden
Maryland,Dundalk
Maryland,Dunkirk
Maryland,Earleville
Maryland,East New Market
Maryland,Easton
Maryland,Eckhart Mines
Maryland,Eden
Maryland,Edgemere
Maryland,Edgewater
Maryland,Edgewood
Maryland,Eldersburg
Maryland,Elk Mills
Maryland,Elkridge
Maryland,Elkton
Maryland,Ellerslie
Maryland,Ellicott City
Maryland,Emmitsburg
Maryland,Essex
Maryland,Ewell
Maryland,Fairmount Heights
Maryland,Fairplay
Maryland,Fallston
Maryland,Federalsburg
Maryland,Finksburg
Maryland,Fishing Creek
Maryland,Flintstone
Maryland,Forest Heights
Maryland,Forest Hill
Maryland,Fork
Maryland,Fort Howard
Maryland,Fort Washington
Maryland,Frederick
Maryland,Freeland
Maryland,Friendship
Maryland,Friendsville
Maryland,Frostburg
Maryland,Fruitland
Maryland,Fulton
Maryland,Funkstown
Maryland,Gaithersburg
Maryland,Galena
Maryland,Galesville
Maryland,Gambrills
Maryland,Garrett Park
Maryland,Georgetown
Maryland,Germantown
Maryland,Girdletree
Maryland,Glen Arm
Maryland,Glen Burnie
Maryland,Glen Echo
Maryland,Glenarden
Maryland,Glenelg
Maryland,Glenn Dale
Maryland,Glenwood
Maryland,Glyndon
Maryland,Goldsboro
Maryland,Golts
Maryland,Grantsville
Maryland,Grasonville
Maryland,Great Mills
Maryland,Greenbelt
Maryland,Greenland Beach
Maryland,Greensboro
Maryland,Gwynn Oak
Maryland,Hagerstown
Maryland,Halethorpe
Maryland,Hampstead
Maryland,Hancock
Maryland,Hanover
Maryland,Harwood
Maryland,Havre de Grace
Maryland,Hebron
Maryland,Henderson
Maryland,Highland
Maryland,Hollywood
Maryland,Hughesville
Maryland,Hunt Valley
Maryland,Huntingtown
Maryland,Hurlock
Maryland,Hyattsville
Maryland,Hydes
Maryland,Idlewylde
Maryland,Ijamsville
Maryland,Indian Head
Maryland,Ingleside
Maryland,Issue
Maryland,Jarrettsville
Maryland,Jefferson
Maryland,Jessup
Maryland,Joppa
Maryland,Keedysville
Maryland,Kennedyville
Maryland,Kensington
Maryland,Keymar
Maryland,Kingsville
Maryland,Kitzmiller
Maryland,Knoxville
Maryland,La Plata
Maryland,Landover
Maryland,Lanham
Maryland,Lanham Seabrook
Maryland,Laurel
Maryland,Lavale
Maryland,Laytonsville
Maryland,Leonardtown
Maryland,Lexington Park
Maryland,Linkwood
Maryland,Linthicum
Maryland,Linthicum Heights
Maryland,Little Orleans
Maryland,Loch Lynn Heights
Maryland,Lonaconing
Maryland,Lothian
Maryland,Loveville
Maryland,Lusby
Maryland,Lutherville Timonium
Maryland,Lynch
Maryland,Madison
Maryland,Manchester
Maryland,Marbury
Maryland,Mardela Springs
Maryland,Marion Station
Maryland,Marriottsville
Maryland,Marydel
Maryland,Massey
Maryland,Maugansville
Maryland,Mayo
Maryland,McCoole
Maryland,McDaniel
Maryland,McHenry
Maryland,Mechanicsville
Maryland,Middle River
Maryland,Middleburg
Maryland,Middletown
Maryland,Midland
Maryland,Millers
Maryland,Millersville
Maryland,Millington
Maryland,Mitchellville
Maryland,Monkton
Maryland,Monrovia
Maryland,Montgomery Village
Maryland,Morningside
Maryland,Mount Airy
Maryland,Mount Rainier
Maryland,Mount Savage
Maryland,Mountain Lake Park
Maryland,Myersville
Maryland,Nanjemoy
Maryland,Nanticoke
Maryland,Neavitt
Maryland,New Carrollton
Maryland,New Market
Maryland,New Windsor
Maryland,Newark
Maryland,Newburg
Maryland,Newcomb
Maryland,North Beach
Maryland,North Bethesda
Maryland,North Brentwood
Maryland,North East
Maryland,North Potomac
Maryland,Northwood
Maryland,Nottingham
Maryland,Oakland
Maryland,Ocean City
Maryland,Ocean Pines
Maryland,Odenton
Maryland,Oldtown
Maryland,Olney
Maryland,Orchard Beach
Maryland,Owings
Maryland,Owings Mills
Maryland,Oxford
Maryland,Oxon Hill
Maryland,Park Hall
Maryland,Parkton
Maryland,Parkville
Maryland,Parsonsburg
Maryland,Pasadena
Maryland,Perry Hall
Maryland,Perryville
Maryland,Phoenix
Maryland,Pikesville
Maryland,Piney Point
Maryland,Pittsville
Maryland,Pocomoke
Maryland,Pocomoke City
Maryland,Point of Rocks
Maryland,Pomfret
Maryland,Poolesville
Maryland,Port Deposit
Maryland,Port Republic
Maryland,Port Tobacco
Maryland,Potomac
Maryland,Powellville
Maryland,Preston
Maryland,Prince Frederick
Maryland,Princess Anne
Maryland,Pylesville
Maryland,Quantico
Maryland,Queen Anne
Maryland,Queenstown
Maryland,Randallstown
Maryland,Rawlings
Maryland,Reisterstown
Maryland,Rhodesdale
Maryland,Ridge
Maryland,Ridgely
Maryland,Rising Sun
Maryland,Riva
Maryland,Riverdale
Maryland,Rock Hall
Maryland,Rockville
Maryland,Rocky Ridge
Maryland,Rohrersville
Maryland,Roland Park
Maryland,Rosedale
Maryland,Royal Oak
Maryland,Sabillasville
Maryland,Saint Inigoes
Maryland,Saint Leonard
Maryland,Saint Michaels
Maryland,Salisbury
Maryland,Sandy Spring
Maryland,Savage
Maryland,Scotland
Maryland,Seat Pleasant
Maryland,Secretary
Maryland,Severn
Maryland,Severna Park
Maryland,Shady Side
Maryland,Sharpsburg
Maryland,Sharptown
Maryland,Silver Spring
Maryland,Smithsburg
Maryland,Snow Hill
Maryland,Solomons
Maryland,Sparks
Maryland,Sparks Glencoe
Maryland,Sparrows Point
Maryland,Spencerville
Maryland,Springdale
Maryland,Stevenson
Maryland,Stevensville
Maryland,Stockton
Maryland,Stoney Beach
Maryland,Street
Maryland,Sudlersville
Maryland,Suitland
Maryland,Sunderland
Maryland,Swan Point
Maryland,Swanton
Maryland,Sykesville
Maryland,Takoma Park
Maryland,Tall Timbers
Maryland,Taneytown
Maryland,Taylors Island
Maryland,Temple Hills
Maryland,Thurmont
Maryland,Tilghman
Maryland,Toddville
Maryland,Towson
Maryland,Tracys Landing
Maryland,Trappe
Maryland,Tyaskin
Maryland,Tylerton
Maryland,Union Bridge
Maryland,University Park
Maryland,Upper Falls
Maryland,Upper Marlboro
Maryland,Upperco
Maryland,Urbana
Maryland,Valley Lee
Maryland,Vienna
Maryland,Waldorf
Maryland,Walkersville
Maryland,Warwick
Maryland,Washington Grove
Maryland,Welcome
Maryland,West Friendship
Maryland,West River
Maryland,Westernport
Maryland,Westminster
Maryland,Westover
Maryland,Whaleyville
Maryland,Wheaton
Maryland,White Hall
Maryland,White Marsh
Maryland,White Plains
Maryland,Whiteford
Maryland,Willards
Maryland,Williamsport
Maryland,Windsor Mill
Maryland,Wittman
Maryland,Woodbine
Maryland,Woodlawn
Maryland,Woodsboro
Maryland,Woodstock
Maryland,Woolford
Maryland,Worton
Maryland,Wye Mills
Massachusetts,Abington
Massachusetts,Acton
Massachusetts,Acushnet
Massachusetts,Adams
Massachusetts,Agawam
Massachusetts,Alford
Massachusetts,Amesbury
Massachusetts,Amherst
Massachusetts,Andover
Massachusetts,Aquinnah
Massachusetts,Arlington
Massachusetts,Ashburnham
Massachusetts,Ashby
Massachusetts,Ashfield
Massachusetts,Ashland
Massachusetts,Athol
Massachusetts,Attleboro
Massachusetts,Auburn
Massachusetts,Avon
Massachusetts,Ayer
Massachusetts,Barnstable
Massachusetts,Barre
Massachusetts,Becket
Massachusetts,Bedford
Massachusetts,Belchertown
Massachusetts,Bellingham
Massachusetts,Belmont
Massachusetts,Berkley
Massachusetts,Berlin
Massachusetts,Bernardston
Massachusetts,Beverly
Massachusetts,Billerica
Massachusetts,Blackstone
Massachusetts,Blandford
Massachusetts,Bolton
Massachusetts,Boston
Massachusetts,Bourne
Massachusetts,Bournedale
Massachusetts,Boxborough
Massachusetts,Boxford
Massachusetts,Boylston
Massachusetts,Braintree
Massachusetts,Brewster
Massachusetts,Bridgewater
Massachusetts,Brimfield
Massachusetts,Brockton
Massachusetts,Brookfield
Massachusetts,Brookline
Massachusetts,Buckland
Massachusetts,Burlington
Massachusetts,Buzzards Bay
Massachusetts,Cambridge
Massachusetts,Canton
Massachusetts,Carlisle
Massachusetts,Carver
Massachusetts,Cataumet
Massachusetts,Cedarville
Massachusetts,Centerville
Massachusetts,Charlemont
Massachusetts,Charlton
Massachusetts,Chatham
Massachusetts,Chelmsford
Massachusetts,Chelsea
Massachusetts,Cheshire
Massachusetts,Chester
Massachusetts,Chesterfield
Massachusetts,Chicopee
Massachusetts,Clarksburg
Massachusetts,Clinton
Massachusetts,Cohasset
Massachusetts,Colrain
Massachusetts,Concord
Massachusetts,Conway
Massachusetts,Cotuit
Massachusetts,Cummaquid
Massachusetts,Cummington
Massachusetts,Dalton
Massachusetts,Danvers
Massachusetts,Dartmouth
Massachusetts,Dedham
Massachusetts,Deerfield
Massachusetts,Dennis
Massachusetts,Dennis Port
Massachusetts,Devens
Massachusetts,Dighton
Massachusetts,Douglas
Massachusetts,Dover
Massachusetts,Dracut
Massachusetts,Dudley
Massachusetts,Dunstable
Massachusetts,Duxbury
Massachusetts,East Bridgewater
Massachusetts,East Brookfield
Massachusetts,East Dennis
Massachusetts,East Falmouth
Massachusetts,East Harwich
Massachusetts,East Longmeadow
Massachusetts,East Sandwich
Massachusetts,East Wareham
Massachusetts,Eastham
Massachusetts,Easthampton
Massachusetts,Easton
Massachusetts,Edgartown
Massachusetts,Egremont
Massachusetts,Erving
Massachusetts,Essex
Massachusetts,Everett
Massachusetts,Fairhaven
Massachusetts,Fall River
Massachusetts,Falmouth
Massachusetts,Fitchburg
Massachusetts,Florida
Massachusetts,Forestdale
Massachusetts,Foxboro
Massachusetts,Framingham
Massachusetts,Framington
Massachusetts,Franklin
Massachusetts,Freetown
Massachusetts,Gardner
Massachusetts,Georgetown
Massachusetts,Gill
Massachusetts,Gloucester
Massachusetts,Goshen
Massachusetts,Gosnold
Massachusetts,Grafton
Massachusetts,Granby
Massachusetts,Granville
Massachusetts,Great Barrington
Massachusetts,Greenfield
Massachusetts,Groton
Massachusetts,Groveland
Massachusetts,Hadley
Massachusetts,Halifax
Massachusetts,Hamilton
Massachusetts,Hampden
Massachusetts,Hancock
Massachusetts,Hanover
Massachusetts,Hanson
Massachusetts,Hardwick
Massachusetts,Harvard
Massachusetts,Harwich
Massachusetts,Harwich Port
Massachusetts,Hatfield
Massachusetts,Haverhill
Massachusetts,Hawley
Massachusetts,Heath
Massachusetts,Hingham
Massachusetts,Hinsdale
Massachusetts,Holbrook
Massachusetts,Holden
Massachusetts,Holland
Massachusetts,Holliston
Massachusetts,Holyoke
Massachusetts,Hopedale
Massachusetts,Hopkinton
Massachusetts,Hubbardston
Massachusetts,Hudson
Massachusetts,Hull
Massachusetts,Huntington
Massachusetts,Hyannis
Massachusetts,Hyannis Port
Massachusetts,Hyde Park
Massachusetts,Ipswich
Massachusetts,Kingston
Massachusetts,Lakeville
Massachusetts,Lancaster
Massachusetts,Lanesborough
Massachusetts,Lawrence
Massachusetts,Lee
Massachusetts,Leicester
Massachusetts,Lenox
Massachusetts,Leominster
Massachusetts,Leverett
Massachusetts,Lexington
Massachusetts,Leyden
Massachusetts,Lincoln
Massachusetts,Littleton
Massachusetts,Longmeadow
Massachusetts,Lowell
Massachusetts,Ludlow
Massachusetts,Lunenburg
Massachusetts,Lynn
Massachusetts,Lynnfield
Massachusetts,Malden
Massachusetts,Manchester
Massachusetts,Mansfield
Massachusetts,Marblehead
Massachusetts,Marion
Massachusetts,Marlborough
Massachusetts,Marshfield
Massachusetts,Marstons Mills
Massachusetts,Mashpee
Massachusetts,Mattapoisett
Massachusetts,Maynard
Massachusetts,Medfield
Massachusetts,Medford
Massachusetts,Medway
Massachusetts,Melrose
Massachusetts,Mendon
Massachusetts,Merrimac
Massachusetts,Methuen
Massachusetts,Middleboro
Massachusetts,Middlefield
Massachusetts,Middleton
Massachusetts,Milford
Massachusetts,Millbury
Massachusetts,Millis
Massachusetts,Millville
Massachusetts,Milton
Massachusetts,Monson
Massachusetts,Montague
Massachusetts,Monterey
Massachusetts,Montgomery
Massachusetts,Monument Beach
Massachusetts,Nahant
Massachusetts,Nantucket
Massachusetts,Natick
Massachusetts,Needham
Massachusetts,New Ashford
Massachusetts,New Bedford
Massachusetts,New Braintree
Massachusetts,New Marlboro
Massachusetts,New Marlborough
Massachusetts,New Salem
Massachusetts,New Seabury
Massachusetts,Newbury
Massachusetts,Newburyport
Massachusetts,Newton
Massachusetts,Norfolk
Massachusetts,North Adams
Massachusetts,North Andover
Massachusetts,North Attleboro
Massachusetts,North Brookfield
Massachusetts,North Chatham
Massachusetts,North Eastham
Massachusetts,North Falmouth
Massachusetts,North Reading
Massachusetts,North Truro
Massachusetts,Northampton
Massachusetts,Northborough
Massachusetts,Northbridge
Massachusetts,Northfield
Massachusetts,Norton
Massachusetts,Norwell
Massachusetts,Norwood
Massachusetts,Oak Bluffs
Massachusetts,Oakham
Massachusetts,Onset
Massachusetts,Orange
Massachusetts,Orleans
Massachusetts,Osterville
Massachusetts,Otis
Massachusetts,Oxford
Massachusetts,Palmer
Massachusetts,Paxton
Massachusetts,Peabody
Massachusetts,Pelham
Massachusetts,Pembroke
Massachusetts,Pepperell
Massachusetts,Peru
Massachusetts,Petersham
Massachusetts,Phillipston
Massachusetts,Pittsfield
Massachusetts,Plainfield
Massachusetts,Plainville
Massachusetts,Plymouth
Massachusetts,Plympton
Massachusetts,Pocasset
Massachusetts,Popponesset
Massachusetts,Princeton
Massachusetts,Provincetown
Massachusetts,Quincy
Massachusetts,Randolph
Massachusetts,Raynham
Massachusetts,Reading
Massachusetts,Rehoboth
Massachusetts,Revere
Massachusetts,Richmond
Massachusetts,Rochester
Massachusetts,Rockland
Massachusetts,Rockport
Massachusetts,Rowe
Massachusetts,Rowley
Massachusetts,Royalston
Massachusetts,Russell
Massachusetts,Rutland
Massachusetts,Sagamore
Massachusetts,Sagamore Beach
Massachusetts,Salem
Massachusetts,Salisbury
Massachusetts,Sandisfield
Massachusetts,Sandwich
Massachusetts,Saugus
Massachusetts,Savoy
Massachusetts,Scituate
Massachusetts,Seekonk
Massachusetts,Sharon
Massachusetts,Sheffield
Massachusetts,Shelburne
Massachusetts,Sherborn
Massachusetts,Shirley
Massachusetts,Shrewsbury
Massachusetts,Shutesbury
Massachusetts,Somerset
Massachusetts,Somerville
Massachusetts,South Chatham
Massachusetts,South Dennis
Massachusetts,South Hadley
Massachusetts,South Yarmouth
Massachusetts,Southampton
Massachusetts,Southborough
Massachusetts,Southbridge
Massachusetts,Southwick
Massachusetts,Spencer
Massachusetts,Springfield
Massachusetts,Sterling
Massachusetts,Stockbridge
Massachusetts,Stoneham
Massachusetts,Stoughton
Massachusetts,Stow
Massachusetts,Sturbridge
Massachusetts,Sudbury
Massachusetts,Sunderland
Massachusetts,Sutton
Massachusetts,Swampscott
Massachusetts,Swansea
Massachusetts,Taunton
Massachusetts,Teaticket
Massachusetts,Templeton
Massachusetts,Tewksbury
Massachusetts,Tisbury
Massachusetts,Tolland
Massachusetts,Topsfield
Massachusetts,Townsend
Massachusetts,Truro
Massachusetts,Tyngsborough
Massachusetts,Tyringham
Massachusetts,Upton
Massachusetts,Uxbridge
Massachusetts,Vineyard Haven
Massachusetts,Wakefield
Massachusetts,Wales
Massachusetts,Walpole
Massachusetts,Waltham
Massachusetts,Ware
Massachusetts,Wareham
Massachusetts,Warren
Massachusetts,Warwick
Massachusetts,Washington
Massachusetts,Watertown
Massachusetts,Wayland
Massachusetts,Webster
Massachusetts,Wellesley
Massachusetts,Wellfleet
Massachusetts,Wendell
Massachusetts,Wenham
Massachusetts,West Barnstable
Massachusetts,West Boylston
Massachusetts,West Bridgewater
Massachusetts,West Brookfield
Massachusetts,West Dennis
Massachusetts,West Falmouth
Massachusetts,West Harwich
Massachusetts,West Newbury
Massachusetts,West Springfield
Massachusetts,West Stockbridge
Massachusetts,West Tisbury
Massachusetts,West Wareham
Massachusetts,West Yarmouth
Massachusetts,Westborough
Massachusetts,Westfield
Massachusetts,Westford
Massachusetts,Westhampton
Massachusetts,Westminster
Massachusetts,Weston
Massachusetts,Westport
Massachusetts,Westwood
Massachusetts,Weymouth
Massachusetts,Whately
Massachusetts,Whitman
Massachusetts,Wilbraham
Massachusetts,Williamsburg
Massachusetts,Williamstown
Massachusetts,Wilmington
Massachusetts,Winchendon
Massachusetts,Winchester
Massachusetts,Windsor
Massachusetts,Winthrop
Massachusetts,Woburn
Massachusetts,Woods Hole
Massachusetts,Worcester
Massachusetts,Worthington
Massachusetts,Wrentham
Massachusetts,Yarmouth
Massachusetts,Yarmouth Port
Michigan,Ada
Michigan,Adams Township
Michigan,Addison
Michigan,Addison Township
Michigan,Adrian
Michigan,Afton
Michigan,Akron
Michigan,Alanson
Michigan,Alba
Michigan,Albion
Michigan,Alcona
Michigan,Alden
Michigan,Algansee Township
Michigan,Alger
Michigan,Algonac
Michigan,Allegan
Michigan,Allen
Michigan,Allen Park
Michigan,Allendale
Michigan,Allenton
Michigan,Allouez
Michigan,Alma
Michigan,Almena Township
Michigan,Almer Township
Michigan,Almont
Michigan,Almont Township
Michigan,Almont Vlg
Michigan,Alpena
Michigan,Alto
Michigan,Ann Arbor
Michigan,Antrim Township
Michigan,Applegate
Michigan,Arbela Township
Michigan,Arcadia
Michigan,Argentine
Michigan,Argyle
Michigan,Armada
Michigan,Armada Township
Michigan,Arvon Township
Michigan,Ash Township
Michigan,Ashley
Michigan,Athens
Michigan,Atlanta
Michigan,Atlas
Michigan,Attica
Michigan,Au Gres
Michigan,Au Train
Michigan,Auburn
Michigan,Auburn Hills
Michigan,Augusta
Michigan,Aurelius Township
Michigan,Avoca
Michigan,Bad Axe
Michigan,Baldwin
Michigan,Bancroft
Michigan,Bancroft Vlg
Michigan,Bangor
Michigan,Bannister
Michigan,Baraga
Michigan,Barbeau
Michigan,Bark River
Michigan,Baroda
Michigan,Barryton
Michigan,Barton City
Michigan,Bates Township
Michigan,Bath
Michigan,Battle Creek
Michigan,Bay City
Michigan,Bay Port
Michigan,Bay de Noc Township
Michigan,Bear Lake
Michigan,Beaver Island
Michigan,Beaverton
Michigan,Bedford
Michigan,Belding
Michigan,Bellaire
Michigan,Bellaire Vlg
Michigan,Belleville
Michigan,Bellevue
Michigan,Belmont
Michigan,Bentley
Michigan,Benton Harbor
Michigan,Benton Township
Michigan,Benzonia
Michigan,Bergland
Michigan,Berkley
Michigan,Berlin
Michigan,Berlin Township
Michigan,Berrien Center
Michigan,Berrien Springs
Michigan,Bessemer
Michigan,Beulah
Michigan,Beverly Hills
Michigan,Big Creek Township
Michigan,Big Rapids
Michigan,Billings Township
Michigan,Birch Run
Michigan,Birmingham
Michigan,Bitely
Michigan,Black River
Michigan,Blackman Township
Michigan,Blanchard
Michigan,Blissfield
Michigan,Bloomfield Hills
Michigan,Bloomfield Township
Michigan,Bloomingdale
Michigan,Blue Lake Township
Michigan,Bois Blanc
Michigan,Boon
Michigan,Boyne City
Michigan,Bradley
Michigan,Branch
Michigan,Brandon
Michigan,Brant
Michigan,Breckenridge
Michigan,Breedsville
Michigan,Breen Township
Michigan,Breitung Township
Michigan,Brethren
Michigan,Bridgeport
Michigan,Bridgewater
Michigan,Bridgman
Michigan,Brighton
Michigan,Brighton Township
Michigan,Brimley Bay Mills
Michigan,Britton
Michigan,Brockway
Michigan,Brohman
Michigan,Bronson
Michigan,Brooklyn
Michigan,Brown City
Michigan,Brownstown
Michigan,Brownstown Township
Michigan,Bruce
Michigan,Bruce Township
Michigan,Buchanan
Michigan,Buckley
Michigan,Buena Vista
Michigan,Burlington
Michigan,Burns Township
Michigan,Burnside Township
Michigan,Burr Oak
Michigan,Burt
Michigan,Burtchville
Michigan,Burtchville Township
Michigan,Burton
Michigan,Byron
Michigan,Byron Center
Michigan,Byron Vlg
Michigan,Cadillac
Michigan,Caledonia
Michigan,Calumet
Michigan,Cambridge Township
Michigan,Camden
Michigan,Canadian Lakes
Michigan,Canton
Michigan,Capac
Michigan,Capac Vlg
Michigan,Carleton
Michigan,Carney
Michigan,Caro
Michigan,Carp Lake
Michigan,Carrollton
Michigan,Carson City
Michigan,Carsonville
Michigan,Cascade
Michigan,Casco
Michigan,Casco Township
Michigan,Caseville
Michigan,Caspian
Michigan,Cass City
Michigan,Cassopolis
Michigan,Cedar
Michigan,Cedar Springs
Michigan,Cedarville
Michigan,Cement City
Michigan,Center Line
Michigan,Central Lake
Michigan,Centreville
Michigan,Ceresco
Michigan,Champion
Michigan,Charlevoix
Michigan,Charlotte
Michigan,Chase
Michigan,Chassell
Michigan,Chatham
Michigan,Cheboygan
Michigan,Chelsea
Michigan,Chesaning
Michigan,Chesterfield
Michigan,Chesterfield Township
Michigan,China Township
Michigan,Chippewa Lake
Michigan,Chippewa Township
Michigan,Chocolay Township
Michigan,Churchill Township
Michigan,Clare
Michigan,Clarklake
Michigan,Clarkston
Michigan,Clarksville
Michigan,Clawson
Michigan,Clay
Michigan,Clay Township
Michigan,Clayton
Michigan,Clayton Township
Michigan,Clifford Vlg
Michigan,Climax
Michigan,Clinton
Michigan,Clinton Township
Michigan,Clinton Village
Michigan,Clio
Michigan,Clyde
Michigan,Clyde Township
Michigan,Coldwater
Michigan,Coleman
Michigan,Coloma
Michigan,Colon
Michigan,Columbia Township
Michigan,Columbiaville
Michigan,Columbus
Michigan,Columbus Township
Michigan,Comins
Michigan,Commerce Township
Michigan,Comstock
Michigan,Comstock Park
Michigan,Concord
Michigan,Conklin
Michigan,Constantine
Michigan,Conway
Michigan,Coopersville
Michigan,Copemish
Michigan,Coral
Michigan,Corunna
Michigan,Cottrellville
Michigan,Covert
Michigan,Croswell
Michigan,Crystal
Michigan,Crystal Falls
Michigan,Curran
Michigan,Curtis
Michigan,Custer
Michigan,Dafter
Michigan,Daggett
Michigan,Dansville
Michigan,Davison
Michigan,Dayton Township
Michigan,De Tour Village
Michigan,DeWitt
Michigan,Dearborn
Michigan,Dearborn Heights
Michigan,Decatur
Michigan,Decker
Michigan,Deckerville
Michigan,Deerfield
Michigan,Deford
Michigan,Delton
Michigan,Denton Township
Michigan,Detroit
Michigan,Dewitt
Michigan,Dexter
Michigan,Dexter Township
Michigan,Dimondale
Michigan,Dorr
Michigan,Douglas
Michigan,Dowagiac
Michigan,Dowling
Michigan,Doyle Township
Michigan,Drummond Island
Michigan,Dryden
Michigan,Duncan Township
Michigan,Dundee
Michigan,Durand
Michigan,E5086 Sunset Rd
Michigan,Eagle
Michigan,Eagle Harbor
Michigan,East China
Michigan,East Grand Rapids
Michigan,East Jordan
Michigan,East Lansing
Michigan,East Leroy
Michigan,East Tawas
Michigan,Eastlake
Michigan,Eastpointe
Michigan,Eaton Rapids
Michigan,Eau Claire
Michigan,Ecorse
Michigan,Edmore
Michigan,Edwardsburg
Michigan,Elba Township
Michigan,Elberta
Michigan,Elk Rapids
Michigan,Elkland Township
Michigan,Elkton
Michigan,Ellsworth
Michigan,Elm Hall
Michigan,Elmira
Michigan,Elsie
Michigan,Elwell
Michigan,Ely Township
Michigan,Emmett
Michigan,Emmett Township
Michigan,Empire
Michigan,Engadine
Michigan,Erie
Michigan,Escanaba
Michigan,Essexville
Michigan,Evart
Michigan,Exeter Township
Michigan,Fairfield Township
Michigan,Fairgrove
Michigan,Fairhaven Township
Michigan,Fairview
Michigan,Faithorn Township
Michigan,Falmouth
Michigan,Farmington
Michigan,Farmington Hills
Michigan,Farwell
Michigan,Fennville
Michigan,Fenton
Michigan,Fenwick
Michigan,Ferndale
Michigan,Fife Lake
Michigan,Flat Rock
Michigan,Flint
Michigan,Flushing
Michigan,Flynn Township
Michigan,Ford River Township
Michigan,Forest Township
Michigan,Forestville
Michigan,Forsyth Township
Michigan,Fort Gratiot
Michigan,Foster Township
Michigan,Fostoria
Michigan,Fountain
Michigan,Fowler
Michigan,Fowlerville
Michigan,Frankenmuth
Michigan,Frankfort
Michigan,Franklin
Michigan,Franklin Vlg
Michigan,Fraser
Michigan,Frederic
Michigan,Free Soil
Michigan,Freeland
Michigan,Freeport
Michigan,Fremont
Michigan,Frenchtown
Michigan,Fruitport
Michigan,Fulton
Michigan,Gagetown
Michigan,Gaines
Michigan,Galesburg
Michigan,Galien
Michigan,Garden
Michigan,Garden City
Michigan,Gaylord
Michigan,Genesee
Michigan,Genoa Township
Michigan,Germfask
Michigan,Gibraltar
Michigan,Gladstone
Michigan,Gladwin
Michigan,Glen Arbor
Michigan,Glennie
Michigan,Gobles
Michigan,Goetzville
Michigan,Goodland Township
Michigan,Goodrich
Michigan,Goodrich Vlg
Michigan,Gowen
Michigan,Grand Blanc
Michigan,Grand Haven
Michigan,Grand Junction
Michigan,Grand Ledge
Michigan,Grand Rapids
Michigan,Grandville
Michigan,Grant
Michigan,Grant Township
Michigan,Grass Lake
Michigan,Grawn
Michigan,Grayling
Michigan,Green Oak Township
Michigan,Greenbush
Michigan,Greenville
Michigan,Greenwood Township
Michigan,Gregory
Michigan,Grosse Ile
Michigan,Grosse Pointe
Michigan,Grosse Pointe Farms
Michigan,Grosse Pointe Park
Michigan,Grosse Pointe Shores
Michigan,Grosse Pointe Woods
Michigan,Groveland Township
Michigan,Gulliver
Michigan,Hadley
Michigan,Hale
Michigan,Hamburg
Michigan,Hamburg Township
Michigan,Hamilton
Michigan,Hamtramck
Michigan,Hancock
Michigan,Handy Township
Michigan,Hanover
Michigan,Harbor Beach
Michigan,Harbor Springs
Michigan,Harper Woods
Michigan,Harrietta
Michigan,Harris
Michigan,Harrison
Michigan,Harrison Township
Michigan,Harrisville
Michigan,Hart
Michigan,Hartford
Michigan,Hartland
Michigan,Hartland Township
Michigan,Haslett
Michigan,Hastings
Michigan,Hawks
Michigan,Hayes Township
Michigan,Hazel Park
Michigan,Hemlock
Michigan,Henderson
Michigan,Hermansville
Michigan,Herron
Michigan,Hersey
Michigan,Hesperia
Michigan,Hessel
Michigan,Hiawatha Township
Michigan,Hickory Corners
Michigan,Higgins Township
Michigan,Highland
Michigan,Highland Park
Michigan,Hillman
Michigan,Hillsdale
Michigan,Holland
Michigan,Holly
Michigan,Holly Vlg
Michigan,Holt
Michigan,Holton
Michigan,Homer
Michigan,Honor
Michigan,Hope
Michigan,Hopkins
Michigan,Horton
Michigan,Houghton
Michigan,Houghton Lake
Michigan,Houghton Lake Heights
Michigan,Howard City
Michigan,Howell
Michigan,Hubbard Lake
Michigan,Hubbardston
Michigan,Hudson
Michigan,Hudsonville
Michigan,Humboldt Township
Michigan,Huntington Woods
Michigan,Huron Township
Michigan,Ida
Michigan,Idlewild
Michigan,Imlay
Michigan,Imlay City
Michigan,Independence
Michigan,Indian River
Michigan,Indianfields Township
Michigan,Inkster
Michigan,Interior Township
Michigan,Interlochen
Michigan,Inwood Township
Michigan,Ionia
Michigan,Iosco Township
Michigan,Ira
Michigan,Iron Co
Michigan,Iron Mountain
Michigan,Iron River
Michigan,Irons
Michigan,Ironwood
Michigan,Ishpeming
Michigan,Ithaca
Michigan,Jackson
Michigan,Jeddo
Michigan,Jenison
Michigan,Jerome
Michigan,Johannesburg
Michigan,Jones
Michigan,Jonesfield Township
Michigan,Jonesville
Michigan,Juniata Township
Michigan,Kalamazoo
Michigan,Kaleva
Michigan,Kalkaska
Michigan,Kawkawlin
Michigan,Keego Harbor
Michigan,Kenockee Township
Michigan,Kent City
Michigan,Kentwood
Michigan,Kewadin
Michigan,Kimball
Michigan,Kimball Township
Michigan,Kincheloe
Michigan,Kinde
Michigan,Kingsford
Michigan,Kingsley
Michigan,Kingston
Michigan,Kinross
Michigan,Koylton Township
Michigan,L'Anse
Michigan,La Salle
Michigan,Lachine
Michigan,Lafayette Township
Michigan,Laingsburg
Michigan,Lake
Michigan,Lake Ann
Michigan,Lake City
Michigan,Lake Isabella
Michigan,Lake Leelanau
Michigan,Lake Odessa
Michigan,Lake Orion
Michigan,Lakeside
Michigan,Lakeview
Michigan,Lambertville
Michigan,Lansing
Michigan,Lapeer
Michigan,Larkin Township
Michigan,Lathrup Village
Michigan,Lawrence
Michigan,Lawton
Michigan,Leland
Michigan,Lennon
Michigan,Lennon Vlg
Michigan,Lenox
Michigan,Lenox Township
Michigan,Leonard
Michigan,Leonard Vlg
Michigan,Leoni Township
Michigan,Leonidas
Michigan,Leroy
Michigan,Leslie
Michigan,Levering
Michigan,Lewiston
Michigan,Lexington
Michigan,Liberty Township
Michigan,Lima Township
Michigan,Limestone
Michigan,Lincoln
Michigan,Lincoln Park
Michigan,Linden
Michigan,Linwood
Michigan,Litchfield
Michigan,Livonia
Michigan,Lodi Township
Michigan,London Township
Michigan,Lowell
Michigan,Ludington
Michigan,Luna Pier
Michigan,Lupton
Michigan,Luther
Michigan,Luzerne
Michigan,Lyndon Township
Michigan,Lyon Township
Michigan,Lyons
Michigan,Mackinac Island
Michigan,Mackinaw City
Michigan,Macomb
Michigan,Macomb Township
Michigan,Madison Heights
Michigan,Madison Township
Michigan,Mancelona
Michigan,Manchester
Michigan,Manistee
Michigan,Manistique
Michigan,Manitou Beach
Michigan,Manton
Michigan,Maple City
Michigan,Maple Grove
Michigan,Maple Rapids
Michigan,Maple Ridge Township
Michigan,Marathon Township
Michigan,Marcellus
Michigan,Marion
Michigan,Marion Township
Michigan,Markey Township
Michigan,Marlette
Michigan,Marquette
Michigan,Marshall
Michigan,Martin
Michigan,Marysville
Michigan,Mason
Michigan,Masonville Township
Michigan,Mastodon Township
Michigan,Mattawan
Michigan,Maybee
Michigan,Maybee Vlg
Michigan,Mayfield
Michigan,Mayville
Michigan,Mayville Vlg
Michigan,McBain
Michigan,McBride
Michigan,McMillan
Michigan,Mears
Michigan,Mecosta
Michigan,Melvindale
Michigan,Memphis
Michigan,Mendon
Michigan,Menominee
Michigan,Merrill
Michigan,Merritt
Michigan,Mesick
Michigan,Metamora
Michigan,Metamora Vlg
Michigan,Mi 48949
Michigan,Mi 49802
Michigan,Mi 49841
Michigan,Mi 49849
Michigan,Mi 49849 1624
Michigan,Mi 49911
Michigan,Michigan Center
Michigan,Middleton
Michigan,Middleville
Michigan,Midland
Michigan,Mikado
Michigan,Milan
Michigan,Milan Township
Michigan,Milford
Michigan,Milford Vlg
Michigan,Millersburg
Michigan,Millington
Michigan,Mio
Michigan,Monroe
Michigan,Montague
Michigan,Montgomery
Michigan,Montrose
Michigan,Moore Township
Michigan,Moran
Michigan,Morenci
Michigan,Morley
Michigan,Morrice
Michigan,Moscow
Michigan,Mount Clemens
Michigan,Mount Morris
Michigan,Mount Morris Township
Michigan,Mount Pleasant
Michigan,Muir
Michigan,Mulliken
Michigan,Mundy
Michigan,Mundy Township
Michigan,Munger
Michigan,Munising
Michigan,Munith
Michigan,Muskegon
Michigan,Muskegon Heights
Michigan,Mussey
Michigan,N8979 South Davis Rd
Michigan,Nahma
Michigan,Napoleon
Michigan,Nashville
Michigan,National City
Michigan,Naubinway
Michigan,Neebish Island
Michigan,Negaunee
Michigan,New Baltimore
Michigan,New Buffalo
Michigan,New Era
Michigan,New Haven
Michigan,New Lothrop
Michigan,New Troy
Michigan,Newaygo
Michigan,Newberry
Michigan,Newberry Vlg
Michigan,Newport
Michigan,Niles
Michigan,North Adams
Michigan,North Branch
Michigan,North Muskegon
Michigan,Northfield Township
Michigan,Northport
Michigan,Northville
Michigan,Northville Township
Michigan,Norton Shores
Michigan,Norvell
Michigan,Norway
Michigan,Novesta Township
Michigan,Novi
Michigan,Nunica
Michigan,Oak Park
Michigan,Oakland
Michigan,Oakland Township
Michigan,Oakley
Michigan,Oceola Township
Michigan,Ocqueoc
Michigan,Oden
Michigan,Ogemaw Township
Michigan,Okemos
Michigan,Oliver Township
Michigan,Olivet
Michigan,Omer
Michigan,Onaway
Michigan,Onekama
Michigan,Onondaga
Michigan,Onota Township
Michigan,Onsted
Michigan,Ontonagon
Michigan,Orchard Lake Village
Michigan,Oregon
Michigan,Orion
Michigan,Orleans
Michigan,Ortonville
Michigan,Osceola Township
Michigan,Oscoda
Michigan,Osseo
Michigan,Ossineke
Michigan,Otesgo
Michigan,Otisville
Michigan,Otisville Vlg
Michigan,Otsego
Michigan,Ottawa Lake
Michigan,Otter Lake
Michigan,Ovid
Michigan,Owendale
Michigan,Owosso
Michigan,Oxford
Michigan,Oxford Township
Michigan,Oxford Vlg
Michigan,Palms
Michigan,Palmyra
Michigan,Paradise
Michigan,Parchment
Michigan,Paris
Michigan,Parma
Michigan,Paw Paw
Michigan,Peck
Michigan,Pellston
Michigan,Pentland Township
Michigan,Pentwater
Michigan,Perrinton
Michigan,Perry
Michigan,Petersburg
Michigan,Petoskey
Michigan,Pickford
Michigan,Pierson
Michigan,Pigeon
Michigan,Pigeon Vlg
Michigan,Pinckney
Michigan,Pinckney Vlg
Michigan,Pinconning
Michigan,Pittsfield Township
Michigan,Pittsford
Michigan,Plainfield
Michigan,Plainwell
Michigan,Pleasant Lake
Michigan,Pleasant Ridge
Michigan,Plymouth
Michigan,Pompeii
Michigan,Pontiac
Michigan,Port Austin
Michigan,Port Hope
Michigan,Port Huron
Michigan,Port Sanilac
Michigan,Portage
Michigan,Portland
Michigan,Posen
Michigan,Potterville
Michigan,Powell Township
Michigan,Prescott
Michigan,Presque Isle
Michigan,Prudenville
Michigan,Pte Aux Pins
Michigan,Pullman
Michigan,Putnam Township
Michigan,Quincy
Michigan,Raisin Township
Michigan,Raisinville Township
Michigan,Ramsay
Michigan,Rapid City
Michigan,Rapid River
Michigan,Ravenna
Michigan,Ray Township
Michigan,Reading
Michigan,Redford
Michigan,Reed City
Michigan,Reese
Michigan,Remus
Michigan,Republic
Michigan,Rhodes
Michigan,Rich Township
Michigan,Richfield Township
Michigan,Richland
Michigan,Richmond
Michigan,Richmond Township
Michigan,Richville
Michigan,Riga
Michigan,Riley
Michigan,Riley Township
Michigan,River Rouge
Michigan,Riverdale
Michigan,Riverview
Michigan,Rives Junction
Michigan,Rives Township
Michigan,Rochester
Michigan,Rochester Hills
Michigan,Rock River Township
Michigan,Rockford
Michigan,Rockwood
Michigan,Rodney
Michigan,Rogers City
Michigan,Romeo
Michigan,Romeo Vlg
Michigan,Romulus
Michigan,Roscommon
Michigan,Rose City
Michigan,Rose Township
Michigan,Rosebush
Michigan,Roseville
Michigan,Rothbury
Michigan,Royal Oak
Michigan,Rudyard
Michigan,Ruth
Michigan,Saginaw
Michigan,Sagola
Michigan,Saint Charles
Michigan,Saint Clair
Michigan,Saint Clair Shores
Michigan,Saint Helen
Michigan,Saint Ignace
Michigan,Saint Johns
Michigan,Saint Joseph
Michigan,Saint Louis
Michigan,Salem
Michigan,Saline
Michigan,Samaria
Michigan,Sand Beach Township
Michigan,Sand Creek
Michigan,Sand Lake
Michigan,Sand Point
Michigan,Sands Township
Michigan,Sandusky
Michigan,Sanford
Michigan,Saranac
Michigan,Saugatuck
Michigan,Sault
Michigan,Sault Sainte Marie
Michigan,Sawyer
Michigan,Schoolcraft
Michigan,Scio Township
Michigan,Scotts
Michigan,Scottville
Michigan,Sears
Michigan,Sebewaing
Michigan,Shaftsburg
Michigan,Shelby
Michigan,Shelby Township
Michigan,Shelbyville
Michigan,Shepherd
Michigan,Sheridan
Michigan,Sherwood
Michigan,Shingleton
Michigan,Six Lakes
Michigan,Smiths Creek
Michigan,Snover
Michigan,Sodus
Michigan,Somerset
Michigan,Somerset Center
Michigan,South Boardman
Michigan,South Branch
Michigan,South Haven
Michigan,South Lyon
Michigan,South Rockwood
Michigan,Southfield
Michigan,Southgate
Michigan,Sparta
Michigan,Spaulding Township
Michigan,Speaker Township
Michigan,Spring Arbor
Michigan,Spring Lake
Michigan,Springfield
Michigan,Springfield Township
Michigan,Springport
Michigan,Spruce
Michigan,Stambaugh
Michigan,Standish
Michigan,Stannard Township
Michigan,Stanton
Michigan,Stanwood
Michigan,Star Township
Michigan,Stephenson
Michigan,Stephenson T Wi
Michigan,Sterling
Michigan,Sterling Heights
Michigan,Stevensville
Michigan,Stockbridge
Michigan,Sturgis
Michigan,Sugar Island
Michigan,Sugar Island Township
Michigan,Summerfield Township
Michigan,Summit Township
Michigan,Sumner
Michigan,Sumpter Township
Michigan,Sunfield
Michigan,Superior Township
Michigan,Suttons Bay
Michigan,Swan Creek Township
Michigan,Swartz Creek
Michigan,Sylvan Lake
Michigan,Sylvan Township
Michigan,Tawas City
Michigan,Taylor
Michigan,Tecumseh
Michigan,Tekonsha
Michigan,Temperance
Michigan,Thetford Township
Michigan,Thomas Township
Michigan,Thompson
Michigan,Thompsonville
Michigan,Three Oaks
Michigan,Three Rivers
Michigan,Tilden Township
Michigan,Tipton
Michigan,Tompkins
Michigan,Topinabee
Michigan,Torch Lake Township
Michigan,Traverse City
Michigan,Trenton
Michigan,Trout Lake
Michigan,Troy
Michigan,Turner
Michigan,Tuscola
Michigan,Tustin
Michigan,Twin Lake
Michigan,Twining
Michigan,Tyrone Township
Michigan,Ubly
Michigan,Unadilla
Michigan,Union
Michigan,Union City
Michigan,Union Pier
Michigan,Unionville
Michigan,Update
Michigan,Utica
Michigan,Van Buren
Michigan,Van Buren Township
Michigan,Vandalia
Michigan,Vanderbilt
Michigan,Vassar
Michigan,Venice Township
Michigan,Vermontville
Michigan,Vernon
Michigan,Vestaburg
Michigan,Vicksburg
Michigan,Vienna Township
Michigan,Village of Clarkston
Michigan,Village of Grosse Pointe Shores
Michigan,Vulcan
Michigan,Wakefield
Michigan,Waldron
Michigan,Wales
Michigan,Wales Township
Michigan,Walhalla
Michigan,Walker
Michigan,Walkerville
Michigan,Wallace
Michigan,Walled Lake
Michigan,Warren
Michigan,Washington
Michigan,Washington Township
Michigan,Waterford
Michigan,Waterford Township
Michigan,Watersmeet
Michigan,Watertown Township
Michigan,Watervliet
Michigan,Wayland
Michigan,Wayne
Michigan,Webberville
Michigan,Webster
Michigan,Weidman
Michigan,Wells
Michigan,Wellston
Michigan,West Bloomfield
Michigan,West Bloomfield Township
Michigan,West Branch
Michigan,West Olive
Michigan,Westland
Michigan,Weston
Michigan,Westphalia
Michigan,Wheeler
Michigan,White Cloud
Michigan,White Lake
Michigan,White Pigeon
Michigan,Whitehall
Michigan,Whitmore Lake
Michigan,Whittemore
Michigan,Williamsburg
Michigan,Williamston
Michigan,Willis
Michigan,Winn
Michigan,Wise Township
Michigan,Wixom
Michigan,Wolverine
Michigan,Wolverine Lake
Michigan,Woodhaven
Michigan,Woodland
Michigan,Worth Township
Michigan,Wyandotte
Michigan,Wyoming
Michigan,Yale
Michigan,York Township
Michigan,Ypsilanti
Michigan,Zeeland
Michigan,Zilwaukee
Minnesota,Ada
Minnesota,Adams
Minnesota,Adrian
Minnesota,Afton
Minnesota,Aitkin
Minnesota,Akeley
Minnesota,Albany
Minnesota,Albert Lea
Minnesota,Alberta
Minnesota,Albertville
Minnesota,Alborn
Minnesota,Alden
Minnesota,Alexandria
Minnesota,Altura
Minnesota,Alvarado
Minnesota,Amboy
Minnesota,Andover
Minnesota,Angle Inlet
Minnesota,Annandale
Minnesota,Anoka
Minnesota,Apple Valley
Minnesota,Appleton
Minnesota,Arco
Minnesota,Arden Hills
Minnesota,Argyle
Minnesota,Arlington
Minnesota,Ashby
Minnesota,Askov
Minnesota,Atwater
Minnesota,Audubon
Minnesota,Aurora
Minnesota,Austin
Minnesota,Avoca
Minnesota,Avon
Minnesota,Babbitt
Minnesota,Backus
Minnesota,Badger
Minnesota,Bagley
Minnesota,Barnesville
Minnesota,Barnum
Minnesota,Barrett
Minnesota,Battle Lake
Minnesota,Baudette
Minnesota,Baxter
Minnesota,Bayport
Minnesota,Beardsley
Minnesota,Beaver Bay
Minnesota,Becker
Minnesota,Belgrade
Minnesota,Belle Plaine
Minnesota,Bellingham
Minnesota,Belview
Minnesota,Bemidji
Minnesota,Benson
Minnesota,Beroun
Minnesota,Bertha
Minnesota,Bethel
Minnesota,Big Falls
Minnesota,Big Lake
Minnesota,Bigfork
Minnesota,Birchwood Village
Minnesota,Bird Island
Minnesota,Biwabik
Minnesota,Blackduck
Minnesota,Blaine
Minnesota,Blooming Prairie
Minnesota,Bloomington
Minnesota,Blue Earth
Minnesota,Bluffton
Minnesota,Bock
Minnesota,Bovey
Minnesota,Boyd
Minnesota,Braham
Minnesota,Brainerd
Minnesota,Brandon
Minnesota,Breckenridge
Minnesota,Breezy Point
Minnesota,Brewster
Minnesota,Bricelyn
Minnesota,Brimson
Minnesota,Britt
Minnesota,Brook Park
Minnesota,Brooklyn Center
Minnesota,Brooklyn Park
Minnesota,Brooten
Minnesota,Browerville
Minnesota,Browns Valley
Minnesota,Brownsdale
Minnesota,Brownsville
Minnesota,Brownton
Minnesota,Buffalo
Minnesota,Buffalo Lake
Minnesota,Buhl
Minnesota,Burnhamville Township
Minnesota,Burnsville
Minnesota,Burtrum
Minnesota,Butterfield
Minnesota,Byron
Minnesota,Caledonia
Minnesota,Callaway
Minnesota,Calumet
Minnesota,Cambridge
Minnesota,Canby
Minnesota,Cannon Falls
Minnesota,Carlos
Minnesota,Carlton
Minnesota,Carver
Minnesota,Cass Lake
Minnesota,Center City
Minnesota,Centerville
Minnesota,Champlin
Minnesota,Chandler
Minnesota,Chanhassen
Minnesota,Charlestown Township
Minnesota,Chaska
Minnesota,Chatfield
Minnesota,Chisago City
Minnesota,Chisholm
Minnesota,Chokio
Minnesota,Circle Pines
Minnesota,Clara City
Minnesota,Claremont
Minnesota,Clarissa
Minnesota,Clarkfield
Minnesota,Clarks Grove
Minnesota,Clear Lake
Minnesota,Clearbrook
Minnesota,Clearwater
Minnesota,Clements
Minnesota,Cleveland
Minnesota,Climax
Minnesota,Clinton
Minnesota,Clitherall
Minnesota,Cloquet
Minnesota,Cohasset
Minnesota,Cokato
Minnesota,Cold Spring
Minnesota,Coleraine
Minnesota,Cologne
Minnesota,Columbia Heights
Minnesota,Columbus
Minnesota,Conger
Minnesota,Cook
Minnesota,Coon Rapids
Minnesota,Corcoran
Minnesota,Cosmos
Minnesota,Cottage Grove
Minnesota,Cottonwood
Minnesota,Crane Lake
Minnesota,Cromwell
Minnesota,Crookston
Minnesota,Crosby
Minnesota,Crosslake
Minnesota,Crystal
Minnesota,Currie
Minnesota,Cushing
Minnesota,Cyrus
Minnesota,Dakota
Minnesota,Dalbo
Minnesota,Danube
Minnesota,Danvers
Minnesota,Darfur
Minnesota,Darwin
Minnesota,Dassel
Minnesota,Dawson
Minnesota,Dayton
Minnesota,Dead Lake Township
Minnesota,Deephaven
Minnesota,Deer Creek
Minnesota,Deer River
Minnesota,Deerwood
Minnesota,Delano
Minnesota,Dennison
Minnesota,Dent
Minnesota,Detroit Lakes
Minnesota,Dexter
Minnesota,Dilworth
Minnesota,Dodge Center
Minnesota,Dover
Minnesota,Duluth
Minnesota,Dundas
Minnesota,Dunnell
Minnesota,Eagan
Minnesota,Eagle Bend
Minnesota,Eagle Lake
Minnesota,East Bethel
Minnesota,East Grand Forks
Minnesota,East Gull Lake
Minnesota,Easton
Minnesota,Eden Prairie
Minnesota,Eden Valley
Minnesota,Edgerton
Minnesota,Edina
Minnesota,Effie
Minnesota,Elbow Lake
Minnesota,Elgin
Minnesota,Elk River
Minnesota,Elko New Market
Minnesota,Ellendale
Minnesota,Ellsworth
Minnesota,Elmore
Minnesota,Ely
Minnesota,Elysian
Minnesota,Embarrass
Minnesota,Emily
Minnesota,Emmons
Minnesota,Empire Township
Minnesota,Erskine
Minnesota,Esko
Minnesota,Evan
Minnesota,Evansville
Minnesota,Eveleth
Minnesota,Excelsior
Minnesota,Eyota
Minnesota,Fairfax
Minnesota,Fairmont
Minnesota,Falcon Heights
Minnesota,Faribault
Minnesota,Farmington
Minnesota,Farwell
Minnesota,Federal Dam
Minnesota,Fergus Falls
Minnesota,Fertile
Minnesota,Fifty Lakes
Minnesota,Finland
Minnesota,Finlayson
Minnesota,Fish Lake
Minnesota,Fisher
Minnesota,Flensburg
Minnesota,Floodwood
Minnesota,Foley
Minnesota,Forest Lake
Minnesota,Foreston
Minnesota,Fort Ripley
Minnesota,Fosston
Minnesota,Fountain
Minnesota,Franklin
Minnesota,Frazee
Minnesota,Freeborn
Minnesota,Freeport
Minnesota,Fridley
Minnesota,Frontenac
Minnesota,Fulda
Minnesota,Garden City
Minnesota,Garfield
Minnesota,Garrison
Minnesota,Garvin
Minnesota,Gaylord
Minnesota,Gem Lake
Minnesota,Ghent
Minnesota,Gibbon
Minnesota,Gilbert
Minnesota,Gilman
Minnesota,Glencoe
Minnesota,Glenville
Minnesota,Glenwood
Minnesota,Glyndon
Minnesota,Golden Valley
Minnesota,Gonvick
Minnesota,Good Thunder
Minnesota,Goodhue
Minnesota,Goodview
Minnesota,Graceville
Minnesota,Granada
Minnesota,Grand Marais
Minnesota,Grand Meadow
Minnesota,Grand Rapids
Minnesota,Granite Falls
Minnesota,Grant
Minnesota,Grasston
Minnesota,Green Isle
Minnesota,Greenbush
Minnesota,Greenfield
Minnesota,Greenwald
Minnesota,Grey Eagle
Minnesota,Grove City
Minnesota,Grygla
Minnesota,Hackensack
Minnesota,Hallock
Minnesota,Halstad
Minnesota,Ham Lake
Minnesota,Hamburg
Minnesota,Hampton
Minnesota,Hanover
Minnesota,Hanska
Minnesota,Hardwick
Minnesota,Harmony
Minnesota,Harris
Minnesota,Hartland
Minnesota,Hastings
Minnesota,Hawley
Minnesota,Hayfield
Minnesota,Hayward
Minnesota,Hector
Minnesota,Henderson
Minnesota,Hendricks
Minnesota,Henning
Minnesota,Herman
Minnesota,Hermantown
Minnesota,Heron Lake
Minnesota,Hewitt
Minnesota,Hibbing
Minnesota,Hill City
Minnesota,Hills
Minnesota,Hinckley
Minnesota,Hines
Minnesota,Hoffman
Minnesota,Hokah
Minnesota,Holdingford
Minnesota,Hollandale
Minnesota,Holyoke
Minnesota,Hope
Minnesota,Hopkins
Minnesota,Houston
Minnesota,Hovland
Minnesota,Howard Lake
Minnesota,Hoyt Lakes
Minnesota,Hugo
Minnesota,Hutchinson
Minnesota,Independence
Minnesota,International Falls
Minnesota,Inver Grove Heights
Minnesota,Iona
Minnesota,Iron
Minnesota,Ironton
Minnesota,Isabella
Minnesota,Isanti
Minnesota,Isle
Minnesota,Ivanhoe
Minnesota,Jackson
Minnesota,Janesville
Minnesota,Jasper
Minnesota,Jeffers
Minnesota,Jenkins
Minnesota,Jordan
Minnesota,Kandiyohi
Minnesota,Karlstad
Minnesota,Kasota
Minnesota,Kasson
Minnesota,Keewatin
Minnesota,Kellogg
Minnesota,Kelly Lake
Minnesota,Kenneth
Minnesota,Kensington
Minnesota,Kenyon
Minnesota,Kettle River
Minnesota,Kiester
Minnesota,Kilkenny
Minnesota,Kimball
Minnesota,Knife River
Minnesota,La Crescent
Minnesota,La Prairie
Minnesota,Lafayette
Minnesota,Lake Benton
Minnesota,Lake City
Minnesota,Lake Crystal
Minnesota,Lake Elmo
Minnesota,Lake George
Minnesota,Lake Lillian
Minnesota,Lake Park
Minnesota,Lake Saint Croix Beach
Minnesota,Lake Shore
Minnesota,Lakefield
Minnesota,Lakeland
Minnesota,Lakeville
Minnesota,Lamberton
Minnesota,Lanesboro
Minnesota,Laporte
Minnesota,Lastrup
Minnesota,Lauderdale
Minnesota,Le Center
Minnesota,Le Roy
Minnesota,Le Sueur
Minnesota,Lengby
Minnesota,Leonard
Minnesota,Leota
Minnesota,Lester Prairie
Minnesota,Lewiston
Minnesota,Lexington
Minnesota,Lindstrom
Minnesota,Lino Lakes
Minnesota,Linwood
Minnesota,Lismore
Minnesota,Litchfield
Minnesota,Little Canada
Minnesota,Little Falls
Minnesota,Littlefork
Minnesota,Long Beach
Minnesota,Long Lake
Minnesota,Long Prairie
Minnesota,Longville
Minnesota,Lonsdale
Minnesota,Loretto
Minnesota,Lowry
Minnesota,Luverne
Minnesota,Lyle
Minnesota,Lynd
Minnesota,Mabel
Minnesota,Madelia
Minnesota,Madison
Minnesota,Madison Lake
Minnesota,Magnolia
Minnesota,Mahnomen
Minnesota,Mahtomedi
Minnesota,Mahtowa
Minnesota,Makinen
Minnesota,Manhattan Beach
Minnesota,Mankato
Minnesota,Mantorville
Minnesota,Maple Grove
Minnesota,Maple Lake
Minnesota,Maple Plain
Minnesota,Mapleton
Minnesota,Maplewood
Minnesota,Marble
Minnesota,Marcell
Minnesota,Marietta
Minnesota,Marine on Saint Croix
Minnesota,Marshall
Minnesota,May Township
Minnesota,Mayer
Minnesota,McGrath
Minnesota,McGregor
Minnesota,McIntosh
Minnesota,Medford
Minnesota,Medina
Minnesota,Meire Grove
Minnesota,Melrose
Minnesota,Menahga
Minnesota,Mendota
Minnesota,Mendota Heights
Minnesota,Mentor
Minnesota,Meriden
Minnesota,Merrifield
Minnesota,Miesville
Minnesota,Milaca
Minnesota,Milan
Minnesota,Milroy
Minnesota,Miltona
Minnesota,Minneapolis
Minnesota,Minneiska
Minnesota,Minneota
Minnesota,Minnesota City
Minnesota,Minnesota Lake
Minnesota,Minnetonka
Minnesota,Minnetrista
Minnesota,Mizpah
Minnesota,Montevideo
Minnesota,Montgomery
Minnesota,Monticello
Minnesota,Montrose
Minnesota,Moorhead
Minnesota,Moose Lake
Minnesota,Mora
Minnesota,Morgan
Minnesota,Morris
Minnesota,Morristown
Minnesota,Morton
Minnesota,Motley
Minnesota,Mound
Minnesota,Mounds View
Minnesota,Mount Iron
Minnesota,Mountain Iron
Minnesota,Mountain Lake
Minnesota,Nashua
Minnesota,Nashwauk
Minnesota,Nelson
Minnesota,Nerstrand
Minnesota,Nevis
Minnesota,New Auburn
Minnesota,New Brighton
Minnesota,New Germany
Minnesota,New Hope
Minnesota,New London
Minnesota,New Prague
Minnesota,New Richland
Minnesota,New Ulm
Minnesota,New York Mills
Minnesota,Newburg Township
Minnesota,Newfolden
Minnesota,Newport
Minnesota,Nisswa
Minnesota,Norcross
Minnesota,North Branch
Minnesota,North Mankato
Minnesota,North Oaks
Minnesota,North Saint Paul
Minnesota,Northfield
Minnesota,Northrop
Minnesota,Norwood Young America
Minnesota,Nowthen
Minnesota,Oak Grove
Minnesota,Oak Island
Minnesota,Oak Park
Minnesota,Oak Park Heights
Minnesota,Oakdale
Minnesota,Ogilvie
Minnesota,Oklee
Minnesota,Olivia
Minnesota,Onamia
Minnesota,Orono
Minnesota,Oronoco
Minnesota,Orr
Minnesota,Ortonville
Minnesota,Osage
Minnesota,Osakis
Minnesota,Oslo
Minnesota,Osseo
Minnesota,Ostrander
Minnesota,Otsego
Minnesota,Ottertail
Minnesota,Outing
Minnesota,Owatonna
Minnesota,Oxford Township
Minnesota,Palisade
Minnesota,Park Rapids
Minnesota,Parkers Prairie
Minnesota,Paynesville
Minnesota,Pease
Minnesota,Pelican Rapids
Minnesota,Pemberton
Minnesota,Pengilly
Minnesota,Pennington
Minnesota,Pequot Lakes
Minnesota,Perham
Minnesota,Pierz
Minnesota,Pillager
Minnesota,Pine City
Minnesota,Pine Island
Minnesota,Pine River
Minnesota,Pipestone
Minnesota,Plainview
Minnesota,Plato
Minnesota,Plummer
Minnesota,Plymouth
Minnesota,Ponsford
Minnesota,Porter
Minnesota,Preston
Minnesota,Princeton
Minnesota,Prinsburg
Minnesota,Prior Lake
Minnesota,Proctor
Minnesota,Quamba
Minnesota,Racine
Minnesota,Ramsey
Minnesota,Randall
Minnesota,Randolph
Minnesota,Raymond
Minnesota,Reading
Minnesota,Reads Landing
Minnesota,Red Lake Falls
Minnesota,Red Wing
Minnesota,Redwood Falls
Minnesota,Remer
Minnesota,Renville
Minnesota,Rice
Minnesota,Rice Lake
Minnesota,Richfield
Minnesota,Richmond
Minnesota,Richville
Minnesota,Robbinsdale
Minnesota,Rochert
Minnesota,Rochester
Minnesota,Rock Creek
Minnesota,Rockford
Minnesota,Rockville
Minnesota,Rogers
Minnesota,Rollingstone
Minnesota,Rose Creek
Minnesota,Roseau
Minnesota,Rosemount
Minnesota,Roseville
Minnesota,Rothsay
Minnesota,Royalton
Minnesota,Rush City
Minnesota,Rushford
Minnesota,Russell
Minnesota,Rutledge
Minnesota,Sabin
Minnesota,Sacred Heart
Minnesota,Saginaw
Minnesota,Saint Anthony
Minnesota,Saint Augusta
Minnesota,Saint Bonifacius
Minnesota,Saint Charles
Minnesota,Saint Clair
Minnesota,Saint Cloud
Minnesota,Saint Francis
Minnesota,Saint Hilaire
Minnesota,Saint James
Minnesota,Saint Joseph
Minnesota,Saint Louis Park
Minnesota,Saint Martin
Minnesota,Saint Michael
Minnesota,Saint Paul
Minnesota,Saint Paul Park
Minnesota,Saint Peter
Minnesota,Salol
Minnesota,Sandstone
Minnesota,Sargeant
Minnesota,Sartell
Minnesota,Sauk Centre
Minnesota,Sauk Rapids
Minnesota,Savage
Minnesota,Scandia
Minnesota,Scanlon
Minnesota,Schroeder
Minnesota,Sebeka
Minnesota,Shafer
Minnesota,Shakopee
Minnesota,Sherburn
Minnesota,Shevlin
Minnesota,Shoreview
Minnesota,Shorewood
Minnesota,Silver Bay
Minnesota,Silver Lake
Minnesota,Slayton
Minnesota,Sleepy Eye
Minnesota,Sobieski
Minnesota,Solway
Minnesota,South Haven
Minnesota,South Saint Paul
Minnesota,Spicer
Minnesota,Spring Grove
Minnesota,Spring Lake Park
Minnesota,Spring Park
Minnesota,Spring Valley
Minnesota,Springfield
Minnesota,Stacy
Minnesota,Stanchfield
Minnesota,Staples
Minnesota,Starbuck
Minnesota,Stephen
Minnesota,Stewartville
Minnesota,Stillwater
Minnesota,Storden
Minnesota,Strathcona
Minnesota,Sturgeon Lake
Minnesota,Sunburg
Minnesota,Sunfish Lake
Minnesota,Swan River
Minnesota,Swatara
Minnesota,Taconite
Minnesota,Talmoon
Minnesota,Taylors Falls
Minnesota,Tenstrike
Minnesota,Thief River Falls
Minnesota,Tofte
Minnesota,Tonka Bay
Minnesota,Tower
Minnesota,Tracy
Minnesota,Trimont
Minnesota,Trosky
Minnesota,Truman
Minnesota,Twin Valley
Minnesota,Two Harbors
Minnesota,Tyler
Minnesota,Ulen
Minnesota,Underwood
Minnesota,Upsala
Minnesota,Utica
Minnesota,Vadnais Heights
Minnesota,Vergas
Minnesota,Vernon Center
Minnesota,Vesta
Minnesota,Victoria
Minnesota,Villard
Minnesota,Viola
Minnesota,Virginia
Minnesota,Wabasha
Minnesota,Wabasso
Minnesota,Waconia
Minnesota,Wadena
Minnesota,Wahkon
Minnesota,Waite Park
Minnesota,Waldorf
Minnesota,Walker
Minnesota,Walnut Grove
Minnesota,Waltham
Minnesota,Wanamingo
Minnesota,Wanda
Minnesota,Warba
Minnesota,Warren
Minnesota,Warroad
Minnesota,Waseca
Minnesota,Waskish
Minnesota,Watertown
Minnesota,Waterville
Minnesota,Watkins
Minnesota,Waubun
Minnesota,Waverly
Minnesota,Wayzata
Minnesota,Webster
Minnesota,Welch
Minnesota,Welcome
Minnesota,Wells
Minnesota,West Concord
Minnesota,West Lakeland
Minnesota,West Saint Paul
Minnesota,Westbrook
Minnesota,Wheaton
Minnesota,White Bear Lake
Minnesota,White Bear Township
Minnesota,Willernie
Minnesota,Williams
Minnesota,Willmar
Minnesota,Willow River
Minnesota,Windom
Minnesota,Winger
Minnesota,Winnebago
Minnesota,Winona
Minnesota,Winsted
Minnesota,Winthrop
Minnesota,Wood Lake
Minnesota,Woodbury
Minnesota,Woodstock
Minnesota,Workman
Minnesota,Worthington
Minnesota,Wrenshall
Minnesota,Wright
Minnesota,Wykoff
Minnesota,Wyoming
Minnesota,Zimmerman
Minnesota,Zumbro Falls
Minnesota,Zumbrota
Mississippi,Abbeville
Mississippi,Aberdeen
Mississippi,Ackerman
Mississippi,Amory
Mississippi,Anguilla
Mississippi,Ashland
Mississippi,Bailey
Mississippi,Baldwyn
Mississippi,Bassfield
Mississippi,Batesville
Mississippi,Bay Saint Louis
Mississippi,Bay Springs
Mississippi,Belden
Mississippi,Bellefontaine
Mississippi,Belmont
Mississippi,Belzoni
Mississippi,Benton
Mississippi,Bentonia
Mississippi,Biloxi
Mississippi,Blue Mountain
Mississippi,Blue Springs
Mississippi,Bogue Chitto
Mississippi,Bolton
Mississippi,Booneville
Mississippi,Brandon
Mississippi,Braxton
Mississippi,Brookhaven
Mississippi,Brooklyn
Mississippi,Brooksville
Mississippi,Bruce
Mississippi,Bude
Mississippi,Burnsville
Mississippi,Byhalia
Mississippi,Byram
Mississippi,Caledonia
Mississippi,Calhoun City
Mississippi,Camden
Mississippi,Canton
Mississippi,Carriere
Mississippi,Carrollton
Mississippi,Carson
Mississippi,Carthage
Mississippi,Cascilla
Mississippi,Cedarbluff
Mississippi,Centreville
Mississippi,Charleston
Mississippi,Chunky
Mississippi,Clarksdale
Mississippi,Cleveland
Mississippi,Clinton
Mississippi,Coahoma
Mississippi,Coffeeville
Mississippi,Coldwater
Mississippi,Collinsville
Mississippi,Columbia
Mississippi,Columbus
Mississippi,Como
Mississippi,Conehatta
Mississippi,Corinth
Mississippi,Corporate
Mississippi,Courtland
Mississippi,Crosby
Mississippi,Crystal Springs
Mississippi,D Lo
Mississippi,D'Iberville
Mississippi,DeKalb
Mississippi,Decatur
Mississippi,Dennis
Mississippi,Derma
Mississippi,Diamondhead
Mississippi,Duck Hill
Mississippi,Dumas
Mississippi,Dundee
Mississippi,Durant
Mississippi,Ecru
Mississippi,Edwards
Mississippi,Ellisville
Mississippi,Enterprise
Mississippi,Ethel
Mississippi,Eupora
Mississippi,Falkner
Mississippi,Fayette
Mississippi,Fernwood
Mississippi,Flora
Mississippi,Florence
Mississippi,Flowood
Mississippi,Forest
Mississippi,Foxworth
Mississippi,French Camp
Mississippi,Fulton
Mississippi,Gautier
Mississippi,Gloster
Mississippi,Golden
Mississippi,Gore Springs
Mississippi,Greenville
Mississippi,Greenwood
Mississippi,Greenwood Springs
Mississippi,Grenada
Mississippi,Gulfport
Mississippi,Guntown
Mississippi,Hamilton
Mississippi,Hattiesburg
Mississippi,Hazlehurst
Mississippi,Heidelberg
Mississippi,Henleyfield
Mississippi,Hernando
Mississippi,Hickory Flat
Mississippi,Holcomb
Mississippi,Hollandale
Mississippi,Holly Springs
Mississippi,Horn Lake
Mississippi,Houlka
Mississippi,Houston
Mississippi,Hurley
Mississippi,Indianola
Mississippi,Itta Bena
Mississippi,Iuka
Mississippi,Jackson
Mississippi,Jayess
Mississippi,Jonestown
Mississippi,Kilmichael
Mississippi,Kiln
Mississippi,Kokomo
Mississippi,Kosciusko
Mississippi,Lake Cormorant
Mississippi,Lamar
Mississippi,Lauderdale
Mississippi,Laurel
Mississippi,Laurel County
Mississippi,Leakesville
Mississippi,Leland
Mississippi,Lena
Mississippi,Lexington
Mississippi,Liberty
Mississippi,Long Beach
Mississippi,Louin
Mississippi,Louise
Mississippi,Louisville
Mississippi,Lucedale
Mississippi,Lumberton
Mississippi,Lyon
Mississippi,Maben
Mississippi,Macon
Mississippi,Madison
Mississippi,Magee
Mississippi,Magnolia
Mississippi,Mantachie
Mississippi,Mantee
Mississippi,Marietta
Mississippi,Marion
Mississippi,Marks
Mississippi,Mathiston
Mississippi,Mayersville
Mississippi,Mayhew
Mississippi,McCall Creek
Mississippi,McComb
Mississippi,McCool
Mississippi,McHenry
Mississippi,Meadville
Mississippi,Mendenhall
Mississippi,Meridian
Mississippi,Michigan City
Mississippi,Monticello
Mississippi,Mooreville
Mississippi,Morton
Mississippi,Moselle
Mississippi,Moss Point
Mississippi,Mount Olive
Mississippi,Myrtle
Mississippi,Natchez
Mississippi,Nesbit
Mississippi,Nettleton
Mississippi,New Albany
Mississippi,New Augusta
Mississippi,Newhebron
Mississippi,Newton
Mississippi,Noxapater
Mississippi,Oakland
Mississippi,Ocean Springs
Mississippi,Okolona
Mississippi,Olive Branch
Mississippi,Ovett
Mississippi,Oxford
Mississippi,Pachuta
Mississippi,Pascagoula
Mississippi,Pass Christian
Mississippi,Pattison
Mississippi,Paulding
Mississippi,Pearl
Mississippi,Pearl River
Mississippi,Pelahatchie
Mississippi,Perkinston
Mississippi,Petal
Mississippi,Philadelphia
Mississippi,Picayune
Mississippi,Pickens
Mississippi,Pinola
Mississippi,Pittsboro
Mississippi,Plantersville
Mississippi,Polkville
Mississippi,Pontotoc
Mississippi,Pope
Mississippi,Poplarville
Mississippi,Port Gibson
Mississippi,Potts Camp
Mississippi,Prentiss
Mississippi,Preston
Mississippi,Pulaski
Mississippi,Purvis
Mississippi,Quitman
Mississippi,Raleigh
Mississippi,Randolph
Mississippi,Raymond
Mississippi,Red Banks
Mississippi,Redwood
Mississippi,Richland
Mississippi,Richton
Mississippi,Ridgeland
Mississippi,Rienzi
Mississippi,Ripley
Mississippi,Rose Hill
Mississippi,Roxie
Mississippi,Rural Wayne County
Mississippi,Ruth
Mississippi,Saltillo
Mississippi,Sandersville
Mississippi,Sandy Hook
Mississippi,Sarah
Mississippi,Sardis
Mississippi,Saucier
Mississippi,Scobey
Mississippi,Scooba
Mississippi,Sebastopol
Mississippi,Seminary
Mississippi,Senatobia
Mississippi,Shannon
Mississippi,Sherman
Mississippi,Shubuta
Mississippi,Shuqualak
Mississippi,Sidon
Mississippi,Silver Creek
Mississippi,Smithdale
Mississippi,Smithville
Mississippi,Snow Lake Shores
Mississippi,Sontag
Mississippi,Soso
Mississippi,Southaven
Mississippi,Starkville
Mississippi,State Line
Mississippi,Steens
Mississippi,Stonewall
Mississippi,Sturgis
Mississippi,Summit
Mississippi,Sumrall
Mississippi,Taylor
Mississippi,Taylorsville
Mississippi,Terry
Mississippi,Thaxton
Mississippi,Tillatoba
Mississippi,Tishomingo
Mississippi,Toomsuba
Mississippi,Tremont
Mississippi,Tunica
Mississippi,Tupelo
Mississippi,Tylertown
Mississippi,Union
Mississippi,Union Church
Mississippi,Utica
Mississippi,Vaiden
Mississippi,Vancleave
Mississippi,Vardaman
Mississippi,Verona
Mississippi,Vicksburg
Mississippi,Walls
Mississippi,Walnut
Mississippi,Walnut Grove
Mississippi,Walthall
Mississippi,Water Valley
Mississippi,Waterford
Mississippi,Waveland
Mississippi,Waynesboro
Mississippi,Weir
Mississippi,Wesson
Mississippi,West Point
Mississippi,Wiggins
Mississippi,Winona
Mississippi,Woodland
Mississippi,Woodville
Mississippi,Yazoo City
Missouri,Adrian
Missouri,Advance
Missouri,Affton
Missouri,Alba
Missouri,Albany
Missouri,Alma
Missouri,Altamont
Missouri,Alton
Missouri,Amsterdam
Missouri,Anderson
Missouri,Annada
Missouri,Annapolis
Missouri,Appleton City
Missouri,Arab
Missouri,Arbela
Missouri,Arcadia
Missouri,Archie
Missouri,Arnold
Missouri,Arrow Rock
Missouri,Ash Grove
Missouri,Ashburn
Missouri,Ashland
Missouri,Augusta
Missouri,Aurora
Missouri,Auxvasse
Missouri,Ava
Missouri,Avondale
Missouri,Bakersfield
Missouri,Ballwin
Missouri,Barnett
Missouri,Barnhart
Missouri,Bates City
Missouri,Battlefield
Missouri,Beaufort
Missouri,Bel Nor
Missouri,Bel Ridge
Missouri,Belgrade
Missouri,Bell City
Missouri,Bella Villa
Missouri,Belle
Missouri,Bellefontaine Nghbrs
Missouri,Belleview
Missouri,Bellflower
Missouri,Belton
Missouri,Benton
Missouri,Berger
Missouri,Berkeley
Missouri,Bernie
Missouri,Bethany
Missouri,Bevier
Missouri,Big Lake
Missouri,Billings
Missouri,Birch Tree
Missouri,Bismarck
Missouri,Bixby
Missouri,Black
Missouri,Black Jack
Missouri,Blackwell
Missouri,Blairstown
Missouri,Bland
Missouri,Bloomfield
Missouri,Bloomsdale
Missouri,Blue Eye
Missouri,Blue Springs
Missouri,Bogard
Missouri,Bois D Arc
Missouri,Bolivar
Missouri,Bonne Terre
Missouri,Bonnots Mill
Missouri,Boonville
Missouri,Bourbon
Missouri,Bowling Green
Missouri,Bradleyville
Missouri,Branson
Missouri,Branson West
Missouri,Branson west
Missouri,Brashear
Missouri,Braymer
Missouri,Brazeau
Missouri,Breckenridge Hills
Missouri,Brentwood
Missouri,Bridgeton
Missouri,Brighton
Missouri,Brinktown
Missouri,Brixey
Missouri,Brookfield
Missouri,Broseley
Missouri,Bruner
Missouri,Bucklin
Missouri,Buckner
Missouri,Bucyrus
Missouri,Buffalo
Missouri,Bunceton
Missouri,Bunker
Missouri,Burfordville
Missouri,Burlington Jct
Missouri,Burlington Junction
Missouri,Butler
Missouri,Butterfield
Missouri,Byrnes Mill
Missouri,Cabool
Missouri,Cadet
Missouri,Cairo
Missouri,Caledonia
Missouri,Calhoun
Missouri,California
Missouri,Callao
Missouri,Calverton Park
Missouri,Camden Point
Missouri,Camdenton
Missouri,Cameron
Missouri,Campbell
Missouri,Canton
Missouri,Cape Fair
Missouri,Cape Girardeau
Missouri,Cardwell
Missouri,Carl Junction
Missouri,Carrollton
Missouri,Carterville
Missouri,Carthage
Missouri,Caruthersville
Missouri,Cassville
Missouri,Catawissa
Missouri,Caulfield
Missouri,Cedar Hill
Missouri,Cedarcreek
Missouri,Center
Missouri,Centerview
Missouri,Centerville
Missouri,Centralia
Missouri,Chadwick
Missouri,Chaffee
Missouri,Chamois
Missouri,Charlack
Missouri,Charleston
Missouri,Cherryville
Missouri,Chesterfield
Missouri,Chilhowee
Missouri,Chillicothe
Missouri,Clarence
Missouri,Clark
Missouri,Clarksburg
Missouri,Clarksdale
Missouri,Clarksville
Missouri,Clarkton
Missouri,Claycomo
Missouri,Clayton
Missouri,Cleveland
Missouri,Clever
Missouri,Climax Springs
Missouri,Clinton
Missouri,Clubb
Missouri,Cole Camp
Missouri,Collins
Missouri,Columbia
Missouri,Concordia
Missouri,Conway
Missouri,Cooter
Missouri,Corder
Missouri,Cottleville
Missouri,Couch
Missouri,Country Club
Missouri,Country Club Hills
Missouri,Cowgill
Missouri,Crane
Missouri,Crestwood
Missouri,Creve Coeur
Missouri,Crocker
Missouri,Cross Timbers
Missouri,Crystal City
Missouri,Cuba
Missouri,Curryville
Missouri,Dadeville
Missouri,Dardenne Prairie
Missouri,Davisville
Missouri,De Soto
Missouri,Dearborn
Missouri,Deepwater
Missouri,Deerfield
Missouri,Defiance
Missouri,Dellwood
Missouri,Delta
Missouri,Des Peres
Missouri,Desloge
Missouri,Dexter
Missouri,Diamond
Missouri,Dittmer
Missouri,Dixon
Missouri,Doe Run
Missouri,Doniphan
Missouri,Dora
Missouri,Dover
Missouri,Drexel
Missouri,Dudley
Missouri,Duenweg
Missouri,Dunnegan
Missouri,Duquesne
Missouri,Eagle Rock
Missouri,East Prairie
Missouri,Easton
Missouri,Edgar Springs
Missouri,Edina
Missouri,Edwards
Missouri,El Dorado Springs
Missouri,Eldon
Missouri,Elkland
Missouri,Ellington
Missouri,Ellisville
Missouri,Ellsinore
Missouri,Elsberry
Missouri,Eminence
Missouri,Emma
Missouri,Eolia
Missouri,Essex
Missouri,Eugene
Missouri,Eureka
Missouri,Everton
Missouri,Ewing
Missouri,Excelsior Springs
Missouri,Exeter
Missouri,Fair Grove
Missouri,Fair Play
Missouri,Fairdealing
Missouri,Fairfax
Missouri,Fairview
Missouri,Falcon
Missouri,Farber
Missouri,Farley
Missouri,Farmington
Missouri,Faucett
Missouri,Fayette
Missouri,Fenton
Missouri,Ferguson
Missouri,Ferrelview
Missouri,Festus
Missouri,Fisk
Missouri,Flemington
Missouri,Fletcher
Missouri,Florissant
Missouri,Foley
Missouri,Fordland
Missouri,Forest City
Missouri,Foristell
Missouri,Forsyth
Missouri,Four Seasons
Missouri,Frankford
Missouri,Fredericktown
Missouri,Freeman
Missouri,Freistatt
Missouri,Fremont
Missouri,French Village
Missouri,Frohna
Missouri,Frontenac
Missouri,Fulton
Missouri,Gainesville
Missouri,Galena
Missouri,Gallatin
Missouri,Galt
Missouri,Garden City
Missouri,Garrison
Missouri,Gatewood
Missouri,Gerald
Missouri,Gideon
Missouri,Gladstone
Missouri,Glasgow
Missouri,Glen Echo Park
Missouri,Glenallen
Missouri,Glencoe
Missouri,Glendale
Missouri,Glover
Missouri,Golden
Missouri,Golden City
Missouri,Goodman
Missouri,Goodson
Missouri,Gower
Missouri,Grain Valley
Missouri,Granby
Missouri,Grand Pass
Missouri,Grandin
Missouri,Grandview
Missouri,Grant City
Missouri,Gravois Mills
Missouri,Gray Summit
Missouri,Green City
Missouri,Green Park
Missouri,Green Ridge
Missouri,Greendale
Missouri,Greenfield
Missouri,Greentop
Missouri,Greenview
Missouri,Greenville
Missouri,Greenwood
Missouri,Grover
Missouri,Grovespring
Missouri,Grubville
Missouri,Halfway
Missouri,Hallsville
Missouri,Hamilton
Missouri,Hannibal
Missouri,Hardin
Missouri,Harris
Missouri,Harrisburg
Missouri,Harrisonville
Missouri,Hartsburg
Missouri,Hartville
Missouri,Harviell
Missouri,Hawk Point
Missouri,Hazelwood
Missouri,Helena
Missouri,Hematite
Missouri,Henley
Missouri,Henrietta
Missouri,Herculaneum
Missouri,Hermann
Missouri,Hermitage
Missouri,Higginsville
Missouri,High Hill
Missouri,High Ridge
Missouri,Highlandville
Missouri,Hillsboro
Missouri,Holcomb
Missouri,Holden
Missouri,Hollister
Missouri,Holt
Missouri,Holts Summit
Missouri,Hopkins
Missouri,House Springs
Missouri,Houston
Missouri,Houstonia
Missouri,Huggins
Missouri,Hughesville
Missouri,Humansville
Missouri,Huntsville
Missouri,Hurdland
Missouri,Hurley
Missouri,Iberia
Missouri,Imperial
Missouri,Independence
Missouri,Indian Point
Missouri,Innsbrook
Missouri,Irondale
Missouri,Ironton
Missouri,Isabella
Missouri,Jackson
Missouri,Jamesport
Missouri,Jamestown
Missouri,Jane
Missouri,Jasper
Missouri,Jefferson City
Missouri,Jennings
Missouri,Jerome
Missouri,Jonesburg
Missouri,Joplin
Missouri,Kahoka
Missouri,Kaiser
Missouri,Kansas City
Missouri,Kearney
Missouri,Kennett
Missouri,Keytesville
Missouri,Kidder
Missouri,Kimberling City
Missouri,King City
Missouri,Kingdom City
Missouri,Kingsville
Missouri,Kirbyville
Missouri,Kirksville
Missouri,Kirkwood
Missouri,Kissee Mills
Missouri,Knob Noster
Missouri,Koshkonong
Missouri,La Belle
Missouri,La Grange
Missouri,La Plata
Missouri,La Russell
Missouri,Labadie
Missouri,Ladue
Missouri,Lake Lotawana
Missouri,Lake Ozark
Missouri,Lake Saint Louis
Missouri,Lake Tapawingo
Missouri,Lake Waukomis
Missouri,Lamar
Missouri,Lampe
Missouri,Lanagan
Missouri,Lancaster
Missouri,Laquey
Missouri,Lathrop
Missouri,Laurie
Missouri,Lawson
Missouri,Leadwood
Missouri,Leasburg
Missouri,Lebanon
Missouri,Lee's Summit
Missouri,Leeton
Missouri,Lemay
Missouri,Leopold
Missouri,Leslie
Missouri,Lesterville
Missouri,Lewistown
Missouri,Lexington
Missouri,Liberal
Missouri,Liberty
Missouri,Licking
Missouri,Lilbourn
Missouri,Lincoln
Missouri,Linn
Missouri,Linn Creek
Missouri,Linneus
Missouri,Lockwood
Missouri,Loma Linda
Missouri,Lone Jack
Missouri,Lonedell
Missouri,Louisburg
Missouri,Louisiana
Missouri,Lowry City
Missouri,Lucerne
Missouri,Lynchburg
Missouri,Mack's Creek
Missouri,Macks Creek
Missouri,Macomb
Missouri,Macon
Missouri,Madison
Missouri,Malden
Missouri,Manchester
Missouri,Mansfield
Missouri,Maplewood
Missouri,Marble Hill
Missouri,Marceline
Missouri,Marionville
Missouri,Marquand
Missouri,Marshall
Missouri,Marshfield
Missouri,Marthasville
Missouri,Maryland Heights
Missouri,Maryville
Missouri,Matthews
Missouri,Maysville
Missouri,Maywood
Missouri,Mehlville
Missouri,Memphis
Missouri,Mercer
Missouri,Merriam Woods
Missouri,Mexico
Missouri,Middle Brook
Missouri,Milan
Missouri,Millard
Missouri,Miller
Missouri,Millersville
Missouri,Milo
Missouri,Mineral Point
Missouri,Moberly
Missouri,Mokane
Missouri,Moline Acres
Missouri,Monett
Missouri,Monroe City
Missouri,Montgomery
Missouri,Montgomery City
Missouri,Montreal
Missouri,Montrose
Missouri,Morehouse
Missouri,Morley
Missouri,Morrison
Missouri,Morrisville
Missouri,Moscow Mills
Missouri,Mound City
Missouri,Mount Sterling
Missouri,Mount Vernon
Missouri,Mountain Grove
Missouri,Mountain View
Missouri,Naylor
Missouri,Neelyville
Missouri,Neosho
Missouri,Nevada
Missouri,New Bloomfield
Missouri,New Florence
Missouri,New Franklin
Missouri,New Haven
Missouri,New London
Missouri,New Madrid
Missouri,Newburg
Missouri,Niangua
Missouri,Nixa
Missouri,Noble
Missouri,Noel
Missouri,Norborne
Missouri,Normandy
Missouri,North Kansas City
Missouri,Northmoor
Missouri,Norwood
Missouri,Novinger
Missouri,O Fallon
Missouri,O'Fallon
Missouri,Oak Grove
Missouri,Oak Ridge
Missouri,Oakland
Missouri,Oakview
Missouri,Oakville
Missouri,Odessa
Missouri,Old Monroe
Missouri,Oldfield
Missouri,Olivette
Missouri,Oran
Missouri,Oregon
Missouri,Oronogo
Missouri,Orrick
Missouri,Osage Beach
Missouri,Osborn
Missouri,Osceola
Missouri,Otterville
Missouri,Overland
Missouri,Owensville
Missouri,Ozark
Missouri,Pacific
Missouri,Pagedale
Missouri,Palmyra
Missouri,Paris
Missouri,Park Hills
Missouri,Parkville
Missouri,Parma
Missouri,Pasadena Hills
Missouri,Patterson
Missouri,Pattonsburg
Missouri,Peace Valley
Missouri,Peculiar
Missouri,Perry
Missouri,Perryville
Missouri,Pevely
Missouri,Philadelphia
Missouri,Phillipsburg
Missouri,Piedmont
Missouri,Pierce City
Missouri,Pilot Grove
Missouri,Pilot Knob
Missouri,Pine Lawn
Missouri,Pineville
Missouri,Pittsburg
Missouri,Plato
Missouri,Platte City
Missouri,Platte Woods
Missouri,Plattsburg
Missouri,Pleasant Hill
Missouri,Pleasant Hope
Missouri,Pleasant Valley
Missouri,Polk
Missouri,Pollock
Missouri,Polo
Missouri,Pomona
Missouri,Pontiac
Missouri,Poplar Bluff
Missouri,Portageville
Missouri,Porto Cima
Missouri,Potosi
Missouri,Pottersville
Missouri,Powell
Missouri,Powersite
Missouri,Powersville
Missouri,Prairie Home
Missouri,Preston
Missouri,Princeton
Missouri,Protem
Missouri,Purcell
Missouri,Purdy
Missouri,Puxico
Missouri,Queen City
Missouri,Qulin
Missouri,Racine
Missouri,Raymondville
Missouri,Raymore
Missouri,Raytown
Missouri,Rayville
Missouri,Reeds
Missouri,Reeds Spring
Missouri,Republic
Missouri,Revere
Missouri,Rhineland
Missouri,Rich Hill
Missouri,Richland
Missouri,Richmond
Missouri,Richmond Heights
Missouri,Richwoods
Missouri,Ridgedale
Missouri,Risco
Missouri,Riverside
Missouri,Riverview
Missouri,Roach
Missouri,Robertsville
Missouri,Rocheport
Missouri,Rock Hill
Missouri,Rock Port
Missouri,Rockaway Beach
Missouri,Rocky Mount
Missouri,Rogersville
Missouri,Rolla
Missouri,Rosebud
Missouri,Rushville
Missouri,Russellville
Missouri,Saint Ann
Missouri,Saint Charles
Missouri,Saint Clair
Missouri,Saint James
Missouri,Saint John
Missouri,Saint Joseph
Missouri,Saint Louis
Missouri,Saint Mary
Missouri,Saint Paul
Missouri,Saint Peters
Missouri,Saint Robert
Missouri,Salem
Missouri,Salisbury
Missouri,Sarcoxie
Missouri,Savannah
Missouri,Saverton
Missouri,Scott City
Missouri,Sedalia
Missouri,Seligman
Missouri,Seneca
Missouri,Seymour
Missouri,Shelbina
Missouri,Shelbyville
Missouri,Sheldon
Missouri,Shell Knob
Missouri,Shrewsbury
Missouri,Sikeston
Missouri,Silex
Missouri,Silva
Missouri,Skidmore
Missouri,Slater
Missouri,Smithton
Missouri,Smithville
Missouri,Southwest City
Missouri,Sparta
Missouri,Spokane
Missouri,Springfield
Missouri,Stanberry
Missouri,Stark City
Missouri,Ste Genevieve
Missouri,Steele
Missouri,Steelville
Missouri,Stella
Missouri,Stewartsville
Missouri,Stockton
Missouri,Stoutland
Missouri,Stoutsville
Missouri,Stover
Missouri,Strafford
Missouri,Sturgeon
Missouri,Success
Missouri,Sugar Creek
Missouri,Sullivan
Missouri,Summersville
Missouri,Sunrise Beach
Missouri,Sunset Hills
Missouri,Sweet Springs
Missouri,Sycamore Hills
Missouri,Taneyville
Missouri,Tarkio
Missouri,Taylor
Missouri,Tebbetts
Missouri,Tecumseh
Missouri,Thayer
Missouri,Theodosia
Missouri,Tipton
Missouri,Town and Country
Missouri,Trenton
Missouri,Trimble
Missouri,Troy
Missouri,Truesdale
Missouri,Truxton
Missouri,Tunas
Missouri,Tuscumbia
Missouri,Udall
Missouri,Ulman
Missouri,Union
Missouri,Union Star
Missouri,Uniontown
Missouri,Unionville
Missouri,University City
Missouri,Urbana
Missouri,Urich
Missouri,Valles Mines
Missouri,Valley Park
Missouri,Van Buren
Missouri,Vandalia
Missouri,Velda Village Hills
Missouri,Verona
Missouri,Versailles
Missouri,Viburnum
Missouri,Vichy
Missouri,Vienna
Missouri,Villa Ridge
Missouri,Walker
Missouri,Walnut Grove
Missouri,Walnut Shade
Missouri,Wappapello
Missouri,Wardsville
Missouri,Warrensburg
Missouri,Warrenton
Missouri,Warsaw
Missouri,Warson Woods
Missouri,Washburn
Missouri,Washington
Missouri,Wasola
Missouri,Waverly
Missouri,Wayland
Missouri,Waynesville
Missouri,Weatherby Lake
Missouri,Webb City
Missouri,Webster Groves
Missouri,Weldon Spring
Missouri,Wellington
Missouri,Wellston
Missouri,Wellsville
Missouri,Wentworth
Missouri,Wentzville
Missouri,Wesco
Missouri,West Plains
Missouri,Weston
Missouri,Westphalia
Missouri,Wheatland
Missouri,Wheaton
Missouri,Whitewater
Missouri,Wildwood
Missouri,Willard
Missouri,Williamsburg
Missouri,Williamsville
Missouri,Willow Springs
Missouri,Winchester
Missouri,Windsor
Missouri,Windyville
Missouri,Winfield
Missouri,Winona
Missouri,Wood Heights
Missouri,Woodson Terrace
Missouri,Worthington
Missouri,Wright City
Missouri,Wyatt
Missouri,Zalma
Montana,Absarokee
Montana,Alberton
Montana,Anaconda
Montana,Arlee
Montana,Augusta
Montana,Babb
Montana,Bainville
Montana,Baker
Montana,Belfry
Montana,Belgrade
Montana,Belt
Montana,Big Arm
Montana,Big Sandy
Montana,Big Sky
Montana,Big Timber
Montana,Bigfork
Montana,Billings
Montana,Black Eagle
Montana,Bonner
Montana,Boulder
Montana,Bozeman
Montana,Brady
Montana,Bridger
Montana,Browning
Montana,Butte
Montana,Cameron
Montana,Canyon Creek
Montana,Cardwell
Montana,Carter
Montana,Cascade
Montana,Charlo
Montana,Chinook
Montana,Choteau
Montana,Circle
Montana,Clancy
Montana,Clinton
Montana,Clyde Park
Montana,Colstrip
Montana,Columbia Falls
Montana,Columbus
Montana,Condon
Montana,Conrad
Montana,Cooke City
Montana,Coram
Montana,Corvallis
Montana,Culbertson
Montana,Custer
Montana,Cut Bank
Montana,Darby
Montana,Dayton
Montana,De Borgia
Montana,Deer Lodge
Montana,Dell
Montana,Dillon
Montana,Dodson
Montana,Drummond
Montana,Dupuyer
Montana,Dutton
Montana,East Helena
Montana,Ekalaka
Montana,Elmo
Montana,Emigrant
Montana,Ennis
Montana,Essex
Montana,Eureka
Montana,Fairfield
Montana,Fairview
Montana,Fishtail
Montana,Florence
Montana,Forsyth
Montana,Fort Benton
Montana,Fort Peck
Montana,Fort Shaw
Montana,Fort Smith
Montana,Frenchtown
Montana,Gallatin Gateway
Montana,Gardiner
Montana,Garrison
Montana,Georgetown Lake
Montana,Geraldine
Montana,Geyser
Montana,Glasgow
Montana,Glendive
Montana,Gold Creek
Montana,Great Falls
Montana,Hamilton
Montana,Hardin
Montana,Harlowton
Montana,Harrison
Montana,Haugan
Montana,Havre
Montana,Helena
Montana,Hell Creek Recreation
Montana,Helmville
Montana,Heron
Montana,Highwood
Montana,Hot Springs
Montana,Huntley
Montana,Huson
Montana,Hysham
Montana,Jefferson City
Montana,Joliet
Montana,Jordan
Montana,Judith Gap
Montana,Kalispell
Montana,Kila
Montana,Lakeside
Montana,Laurel
Montana,Lavina
Montana,Ledger
Montana,Lewistown
Montana,Libby
Montana,Lima
Montana,Lincoln
Montana,Livingston
Montana,Lolo
Montana,Malta
Montana,Manhattan
Montana,Marion
Montana,Martin City
Montana,Martinsdale
Montana,Marysville
Montana,McAllister
Montana,McLeod
Montana,Medicine Lake
Montana,Melrose
Montana,Miles City
Montana,Milltown
Montana,Missoula
Montana,Molt Rapelje
Montana,Monarch
Montana,Montana City
Montana,Nashua
Montana,Noxon
Montana,Nye
Montana,Outlook
Montana,Ovando
Montana,Pablo
Montana,Paradise
Montana,Park City
Montana,Philipsburg
Montana,Philipsburg Berehaven Ln
Montana,Plains
Montana,Plentywood
Montana,Polebridge
Montana,Polson
Montana,Potomac
Montana,Power
Montana,Pray
Montana,Ramsay
Montana,Ravalli
Montana,Raynesford
Montana,Red Lodge
Montana,Rexford
Montana,Richey
Montana,Roberts
Montana,Rollins
Montana,Ronan
Montana,Roscoe
Montana,Roundup
Montana,Roy
Montana,Rudyard
Montana,Ryegate
Montana,Saco
Montana,Saint Ignatius
Montana,Saint Regis
Montana,Saltese
Montana,Sand Coulee
Montana,Scobey
Montana,Seeley Lake
Montana,Seeley Lake River Watch Trl
Montana,Shawmut
Montana,Shelby
Montana,Shepherd
Montana,Sheridan
Montana,Sidney
Montana,Silver Gate
Montana,Silver Star
Montana,Simms
Montana,Somers
Montana,Stanford
Montana,Stevensville
Montana,Stockett
Montana,Sula
Montana,Sun River
Montana,Sunburst
Montana,Superior
Montana,Terry
Montana,Thompson Falls
Montana,Three Forks
Montana,Toston
Montana,Townsend
Montana,Trout Creek
Montana,Troy
Montana,Twin Bridges
Montana,Ulm
Montana,Valier
Montana,Vaughn
Montana,Victor
Montana,Virginia City
Montana,Walkerville
Montana,West Glacier
Montana,West Yellowstone
Montana,Westby
Montana,White Sulphur Springs
Montana,Whitefish
Montana,Whitehall
Montana,Wibaux
Montana,Willow Creek
Montana,Wilsall
Montana,Winston
Montana,Wisdom
Montana,Wolf Creek
Montana,Wolf Point
Montana,Worden
Montana,Yaak
Nebraska,Ainsworth
Nebraska,Albion
Nebraska,Allen
Nebraska,Alliance
Nebraska,Alma
Nebraska,Alvo
Nebraska,Ames
Nebraska,Ansley
Nebraska,Arapahoe
Nebraska,Arcadia
Nebraska,Arlington
Nebraska,Ashby
Nebraska,Ashland
Nebraska,Ashton
Nebraska,Atkinson
Nebraska,Auburn
Nebraska,Aurora
Nebraska,Axtell
Nebraska,Bancroft
Nebraska,Bartley
Nebraska,Bassett
Nebraska,Battle Creek
Nebraska,Bayard
Nebraska,Beatrice
Nebraska,Beaver City
Nebraska,Beaver Crossing
Nebraska,Beemer
Nebraska,Bellevue
Nebraska,Bellwood
Nebraska,Benkelman
Nebraska,Bennet
Nebraska,Bennington
Nebraska,Big Springs
Nebraska,Blair
Nebraska,Bloomfield
Nebraska,Blue Hill
Nebraska,Bradshaw
Nebraska,Brady
Nebraska,Broken Bow
Nebraska,Brownville
Nebraska,Brule
Nebraska,Bruning
Nebraska,Brunswick
Nebraska,Burwell
Nebraska,Bushnell
Nebraska,Cairo
Nebraska,Cambridge
Nebraska,Carroll
Nebraska,Cedar Bluffs
Nebraska,Central City
Nebraska,Ceresco
Nebraska,Chambers
Nebraska,Chappell
Nebraska,Clarks
Nebraska,Clay Center
Nebraska,Cody
Nebraska,Colu
Nebraska,Columbus
Nebraska,Concord
Nebraska,Cook
Nebraska,Cortland
Nebraska,Council Bluffs
Nebraska,Cozad
Nebraska,Craig
Nebraska,Creighton
Nebraska,Crete
Nebraska,Crofton
Nebraska,Culbertson
Nebraska,Curtis
Nebraska,Dakota City
Nebraska,Dalton
Nebraska,Davenport
Nebraska,David City
Nebraska,Decatur
Nebraska,Deshler
Nebraska,Dix
Nebraska,Dodge
Nebraska,Doniphan
Nebraska,Dorchester
Nebraska,Dunbar
Nebraska,Duncan
Nebraska,Dwight
Nebraska,Eagle
Nebraska,Elgin
Nebraska,Elkhorn
Nebraska,Elm Creek
Nebraska,Elmwood
Nebraska,Emerson
Nebraska,Ericson
Nebraska,Ericson Lakes
Nebraska,Fairbury
Nebraska,Fairfield
Nebraska,Falls City
Nebraska,Firth
Nebraska,Fordyce
Nebraska,Fort Calhoun
Nebraska,Franklin
Nebraska,Fremont
Nebraska,Friend
Nebraska,Fullerton
Nebraska,Funk
Nebraska,Geneva
Nebraska,Genoa
Nebraska,Gering
Nebraska,Gordon
Nebraska,Gothenburg
Nebraska,Grafton
Nebraska,Grand Island
Nebraska,Greenwood
Nebraska,Gresham
Nebraska,Gretna
Nebraska,Guide Rock
Nebraska,Gurley
Nebraska,Haigler
Nebraska,Hallam
Nebraska,Hampton
Nebraska,Hartington
Nebraska,Harvard
Nebraska,Hastings
Nebraska,Hay Springs
Nebraska,Hayes Center
Nebraska,Hebron
Nebraska,Hemingford
Nebraska,Henderson
Nebraska,Henry
Nebraska,Herman
Nebraska,Hershey
Nebraska,Hickman
Nebraska,Hildreth
Nebraska,Holdrege
Nebraska,Hooper
Nebraska,Humboldt
Nebraska,Inavale
Nebraska,Jackson
Nebraska,Johnson Lake
Nebraska,Juniata
Nebraska,Kearney
Nebraska,Kenesaw
Nebraska,Kennard
Nebraska,Keystone
Nebraska,Kimball
Nebraska,La Vista
Nebraska,Laurel
Nebraska,Lemoyne
Nebraska,Lewellen
Nebraska,Lexington
Nebraska,Lincoln
Nebraska,Lindsay
Nebraska,Lodgepole
Nebraska,Long Pine
Nebraska,Loomis
Nebraska,Louisville
Nebraska,Loup City
Nebraska,Lyman
Nebraska,Lynch
Nebraska,Lyons
Nebraska,Madison
Nebraska,Malcolm
Nebraska,Manley
Nebraska,Marquette
Nebraska,Maxwell
Nebraska,McCook
Nebraska,McGrew
Nebraska,Mead
Nebraska,Merna
Nebraska,Milford
Nebraska,Minatare
Nebraska,Minden
Nebraska,Mitchell
Nebraska,Morrill
Nebraska,Morse Bluff
Nebraska,Murdock
Nebraska,Murray
Nebraska,Nebraska City
Nebraska,Nehawka
Nebraska,Neligh
Nebraska,Nelson
Nebraska,Newcastle
Nebraska,Newman Grove
Nebraska,Nickerson
Nebraska,Niobrara
Nebraska,Norfolk
Nebraska,North Bend
Nebraska,North Platte
Nebraska,O'Neill
Nebraska,Oakland
Nebraska,Oconto
Nebraska,Odell
Nebraska,Odessa
Nebraska,Ogallala
Nebraska,Omaha
Nebraska,Oneill
Nebraska,Orchard
Nebraska,Ord
Nebraska,Osceola
Nebraska,Oshkosh
Nebraska,Osmond
Nebraska,Overton
Nebraska,Oxford
Nebraska,Palisade
Nebraska,Palmer
Nebraska,Palmyra
Nebraska,Papillion
Nebraska,Pawnee City
Nebraska,Pender
Nebraska,Peru
Nebraska,Phillips
Nebraska,Pickrell
Nebraska,Pierce
Nebraska,Plattsmouth
Nebraska,Pleasanton
Nebraska,Plymouth
Nebraska,Ponca
Nebraska,Potter
Nebraska,Ralston
Nebraska,Randolph
Nebraska,Ravenna
Nebraska,Raymond
Nebraska,Red Cloud
Nebraska,Republican City
Nebraska,Roca
Nebraska,Rosalie
Nebraska,Rushville
Nebraska,Ruskin
Nebraska,Saint Edward
Nebraska,Saint Helena
Nebraska,Saint Libory
Nebraska,Saint Paul
Nebraska,Scottsbluff
Nebraska,Scribner
Nebraska,Seward
Nebraska,Shelton
Nebraska,Shickley
Nebraska,Sidney
Nebraska,South Sioux City
Nebraska,Spencer
Nebraska,Springfield
Nebraska,Stanton
Nebraska,Staplehurst
Nebraska,Stapleton
Nebraska,Stella
Nebraska,Sterling
Nebraska,Strang
Nebraska,Stratton
Nebraska,Stromsburg
Nebraska,Stuart
Nebraska,Sumner
Nebraska,Superior
Nebraska,Sutherland
Nebraska,Sutton
Nebraska,Syracuse
Nebraska,Table Rock
Nebraska,Tamora
Nebraska,Taylor
Nebraska,Tecumseh
Nebraska,Tekamah
Nebraska,Tilden
Nebraska,Trenton
Nebraska,Uehling
Nebraska,Unadilla
Nebraska,Union
Nebraska,Utica
Nebraska,Valentine
Nebraska,Valley
Nebraska,Valparaiso
Nebraska,Venango
Nebraska,Verdigre
Nebraska,Waco
Nebraska,Wahoo
Nebraska,Wakefield
Nebraska,Wallace
Nebraska,Waterloo
Nebraska,Wauneta
Nebraska,Wausa
Nebraska,Waverly
Nebraska,Wayne
Nebraska,Weeping Water
Nebraska,West Point
Nebraska,Western
Nebraska,Weston
Nebraska,Wilber
Nebraska,Winside
Nebraska,Wisner
Nebraska,Wood River
Nebraska,Wymore
Nebraska,Wynot
Nebraska,York
Nebraska,Yutan
Nevada,Alamo
Nevada,Amargosa Valley
Nevada,Austin
Nevada,Battle Mountain
Nevada,Beatty
Nevada,Boulder City
Nevada,Caliente
Nevada,Carlin
Nevada,Carson City
Nevada,Crystal Bay
Nevada,Dayton
Nevada,Elko
Nevada,Ely
Nevada,Eureka
Nevada,Fallon
Nevada,Fernley
Nevada,Gardnerville
Nevada,Genoa
Nevada,Glenbrook
Nevada,Golconda
Nevada,Goldfield
Nevada,Hawthorne
Nevada,Henderson
Nevada,Imlay
Nevada,Incline Village
Nevada,Indian Hills
Nevada,Indian Springs
Nevada,Jackpot
Nevada,Jean
Nevada,Kingsbury
Nevada,Kingston
Nevada,Las Vegas
Nevada,Laughlin
Nevada,Logandale
Nevada,Lovelock
Nevada,McDermitt
Nevada,McGill
Nevada,Mesquite
Nevada,Minden
Nevada,Moapa
Nevada,Mound House
Nevada,Mount Charleston
Nevada,North Las Vegas
Nevada,Orovada
Nevada,Overton
Nevada,Pahrump
Nevada,Pioche
Nevada,Reno
Nevada,Round Mountain
Nevada,Ruth
Nevada,Sandy Valley
Nevada,Searchlight
Nevada,Silver City
Nevada,Silver Springs
Nevada,Smith
Nevada,South Lake Tahoe
Nevada,Sparks
Nevada,Spring Creek
Nevada,Stagecoach
Nevada,Stateline
Nevada,Sun Valley
Nevada,Tonopah
Nevada,Verdi
Nevada,Virginia City
Nevada,Wadsworth
Nevada,Walker Lake
Nevada,Washoe Valley
Nevada,Wellington
Nevada,Wells
Nevada,West Wendover
Nevada,Winnemucca
Nevada,Yerington
Nevada,Zephyr Cove
New Hampshire,Acworth
New Hampshire,Albany
New Hampshire,Alexandria
New Hampshire,Allenstown
New Hampshire,Alstead
New Hampshire,Alton
New Hampshire,Amherst
New Hampshire,Andover
New Hampshire,Antrim
New Hampshire,Ashland
New Hampshire,Auburn
New Hampshire,Barnstead
New Hampshire,Barrington
New Hampshire,Bartlett
New Hampshire,Bath
New Hampshire,Bedford
New Hampshire,Belmont
New Hampshire,Bennington
New Hampshire,Berlin
New Hampshire,Bethlehem
New Hampshire,Boscawen
New Hampshire,Bow
New Hampshire,Bradford
New Hampshire,Brentwood
New Hampshire,Bridgewater
New Hampshire,Bristol
New Hampshire,Brookfield
New Hampshire,Brookline
New Hampshire,Cambridge
New Hampshire,Campton
New Hampshire,Canaan
New Hampshire,Canterbury
New Hampshire,Carroll
New Hampshire,Charlestown
New Hampshire,Chester
New Hampshire,Chesterfield
New Hampshire,Chichester
New Hampshire,Claremont
New Hampshire,Clarksville
New Hampshire,Colebrook
New Hampshire,Columbia
New Hampshire,Concord
New Hampshire,Conway
New Hampshire,Cornish
New Hampshire,Croydon
New Hampshire,Dalton
New Hampshire,Danbury
New Hampshire,Danville
New Hampshire,Deerfield
New Hampshire,Deering
New Hampshire,Derry
New Hampshire,Dover
New Hampshire,Dublin
New Hampshire,Dummer
New Hampshire,Dunbarton
New Hampshire,Durham
New Hampshire,Eaton
New Hampshire,Effingham
New Hampshire,Enfield
New Hampshire,Epping
New Hampshire,Epsom
New Hampshire,Exeter
New Hampshire,Farmington
New Hampshire,Fitzwilliam
New Hampshire,Franconia
New Hampshire,Franklin
New Hampshire,Freedom
New Hampshire,Fremont
New Hampshire,Gilford
New Hampshire,Gilmanton
New Hampshire,Gilsum
New Hampshire,Goffstown
New Hampshire,Gorham
New Hampshire,Grafton
New Hampshire,Grantham
New Hampshire,Greenfield
New Hampshire,Greenville
New Hampshire,Groton
New Hampshire,Hampstead
New Hampshire,Hampton
New Hampshire,Hampton Falls
New Hampshire,Hancock
New Hampshire,Hanover
New Hampshire,Haverhill
New Hampshire,Henniker
New Hampshire,Hill
New Hampshire,Hillsborough
New Hampshire,Hinsdale
New Hampshire,Holderness
New Hampshire,Hooksett
New Hampshire,Hopkinton
New Hampshire,Hudson
New Hampshire,Jackson
New Hampshire,Jaffrey
New Hampshire,Jefferson
New Hampshire,Keene
New Hampshire,Kensington
New Hampshire,Kingston
New Hampshire,Laconia
New Hampshire,Lancaster
New Hampshire,Lebanon
New Hampshire,Lempster
New Hampshire,Lincoln
New Hampshire,Lisbon
New Hampshire,Litchfield
New Hampshire,Littleton
New Hampshire,Londonderry
New Hampshire,Loudon
New Hampshire,Lyme
New Hampshire,Madbury
New Hampshire,Madison
New Hampshire,Manchester
New Hampshire,Marlow
New Hampshire,Mason
New Hampshire,Meredith
New Hampshire,Merrimack
New Hampshire,Middleton
New Hampshire,Milan
New Hampshire,Milford
New Hampshire,Milton
New Hampshire,Monroe
New Hampshire,Mont Vernon
New Hampshire,Moultonborough
New Hampshire,Nashua
New Hampshire,Nelson
New Hampshire,New Boston
New Hampshire,New Durham
New Hampshire,New Hampton
New Hampshire,New Ipswich
New Hampshire,New London
New Hampshire,Newbury
New Hampshire,Newington
New Hampshire,Newmarket
New Hampshire,Newport
New Hampshire,Newton
New Hampshire,North Hampton
New Hampshire,Northfield
New Hampshire,Northumberland
New Hampshire,Northwood
New Hampshire,Nottingham
New Hampshire,Orford
New Hampshire,Ossipee
New Hampshire,Pelham
New Hampshire,Pembroke
New Hampshire,Peterborough
New Hampshire,Piermont
New Hampshire,Pittsburg
New Hampshire,Pittsfield
New Hampshire,Plaistow
New Hampshire,Plymouth
New Hampshire,Portsmouth
New Hampshire,Raymond
New Hampshire,Rindge
New Hampshire,Rochester
New Hampshire,Rollinsford
New Hampshire,Rumney
New Hampshire,Rye
New Hampshire,Salem
New Hampshire,Salisbury
New Hampshire,Sanbornton
New Hampshire,Sandown
New Hampshire,Sandwich
New Hampshire,Seabrook
New Hampshire,Shelburne
New Hampshire,Somersworth
New Hampshire,South Hampton
New Hampshire,Springfield
New Hampshire,Stark
New Hampshire,Stewartstown
New Hampshire,Stoddard
New Hampshire,Strafford
New Hampshire,Stratham
New Hampshire,Sugar Hill
New Hampshire,Sunapee
New Hampshire,Surry
New Hampshire,Sutton
New Hampshire,Swanzey
New Hampshire,Tamworth
New Hampshire,Temple
New Hampshire,Thornton
New Hampshire,Tilton
New Hampshire,Troy
New Hampshire,Tuftonboro
New Hampshire,Wakefield
New Hampshire,Walpole
New Hampshire,Warner
New Hampshire,Warren
New Hampshire,Washington
New Hampshire,Waterville Valley
New Hampshire,Weare
New Hampshire,Webster
New Hampshire,Wentworth
New Hampshire,Whitefield
New Hampshire,Wilmot
New Hampshire,Wilton
New Hampshire,Winchester
New Hampshire,Windham
New Hampshire,Wolfeboro
New Hampshire,Woodstock
New Jersey,Aberdeen
New Jersey,Absecon
New Jersey,Alexandria Township
New Jersey,Allamuchy Township
New Jersey,Allendale
New Jersey,Allenhurst
New Jersey,Allentown
New Jersey,Allenwood
New Jersey,Alloway
New Jersey,Alpha
New Jersey,Andover
New Jersey,Asbury Park
New Jersey,Atco
New Jersey,Atlantic City
New Jersey,Atlantic Highlands
New Jersey,Audubon
New Jersey,Avalon
New Jersey,Avalon Manor
New Jersey,Avenel
New Jersey,Avon By The Sea
New Jersey,Barnegat
New Jersey,Barnegat Light
New Jersey,Barnegat Township
New Jersey,Barrington
New Jersey,Bass River
New Jersey,Bay Head
New Jersey,Bayonne
New Jersey,Bayville
New Jersey,Beach Haven
New Jersey,Beach Haven West
New Jersey,Beachwood
New Jersey,Bedminster Twp
New Jersey,Beesleys Point
New Jersey,Belford
New Jersey,Belle Mead
New Jersey,Belleplain
New Jersey,Belleville
New Jersey,Bellmawr
New Jersey,Belmar
New Jersey,Belvidere
New Jersey,Bergenfield
New Jersey,Berkeley
New Jersey,Berkeley Heights
New Jersey,Berkeley Heights Twp
New Jersey,Berlin
New Jersey,Berlin Boro
New Jersey,Bernards Twp
New Jersey,Bernardsville
New Jersey,Bethlehem Township
New Jersey,Beverly
New Jersey,Blackwood
New Jersey,Blackwood Terrace
New Jersey,Blairstown
New Jersey,Bloomfield
New Jersey,Bloomingdale
New Jersey,Bloomsbury
New Jersey,Blue Anchor
New Jersey,Boonton
New Jersey,Boonton Township
New Jersey,Bordentown
New Jersey,Bound Brook
New Jersey,Bradley Beach
New Jersey,Branchburg
New Jersey,Branchburg Township
New Jersey,Branchville
New Jersey,Brick
New Jersey,Bridgeport
New Jersey,Bridgeton
New Jersey,Bridgewater
New Jersey,Bridgewater Twp
New Jersey,Brielle
New Jersey,Brigantine
New Jersey,Brigantine City
New Jersey,Brooklawn
New Jersey,Browns Mills
New Jersey,Budd Lake
New Jersey,Buena
New Jersey,Buena Vista Township
New Jersey,Burleigh
New Jersey,Burlington
New Jersey,Burlington City
New Jersey,Burlington Township
New Jersey,Butler
New Jersey,Byram Township
New Jersey,Califon
New Jersey,Camden
New Jersey,Cape May
New Jersey,Cape May Beach
New Jersey,Cape May Court House
New Jersey,Cape May Point
New Jersey,Carlstadt
New Jersey,Carneys Point
New Jersey,Carteret
New Jersey,Cedar Grove
New Jersey,Cedarville
New Jersey,Chatham
New Jersey,Chatham Township
New Jersey,Chatsworth
New Jersey,Cherry Hill
New Jersey,Chesilhurst
New Jersey,Chester
New Jersey,Chester Township
New Jersey,Chesterfield
New Jersey,Cinnaminson
New Jersey,City of Orange Township
New Jersey,Clark
New Jersey,Clarksboro
New Jersey,Clayton
New Jersey,Clementon
New Jersey,Clermont
New Jersey,Cliffside Park
New Jersey,Cliffwood
New Jersey,Cliffwood Beach
New Jersey,Clifton
New Jersey,Clinton
New Jersey,Clinton Township
New Jersey,Cold Spring
New Jersey,Collingswood
New Jersey,Colonia
New Jersey,Colts Neck
New Jersey,Columbus
New Jersey,Cookstown
New Jersey,Cranbury
New Jersey,Cranford
New Jersey,Cream Ridge
New Jersey,Crosswicks
New Jersey,Dayton
New Jersey,Deepwater
New Jersey,Del Haven
New Jersey,Delanco
New Jersey,Delaware
New Jersey,Delran
New Jersey,Demarest
New Jersey,Dennisville
New Jersey,Denville
New Jersey,Deptford
New Jersey,Dias Creek
New Jersey,Dorchester
New Jersey,Dorothy
New Jersey,Dover
New Jersey,Dumont
New Jersey,Dunellen
New Jersey,East Amwell
New Jersey,East Amwell Township
New Jersey,East Brunswick
New Jersey,East Hanover
New Jersey,East Orange
New Jersey,East Rutherford
New Jersey,East Windsor
New Jersey,Eastampton
New Jersey,Eatontown
New Jersey,Edgewater
New Jersey,Edgewater Park
New Jersey,Edison
New Jersey,Egg Harbor City
New Jersey,Egg Harbor Township
New Jersey,Elberon
New Jersey,Eldora
New Jersey,Elizabeth
New Jersey,Elizabeth City
New Jersey,Elmer
New Jersey,Elmwood Park
New Jersey,Emerson
New Jersey,Englewood
New Jersey,Englishtown
New Jersey,Erial
New Jersey,Erma
New Jersey,Essex Fells
New Jersey,Estell Manor
New Jersey,Evesham
New Jersey,Ewing
New Jersey,Ewing Township
New Jersey,Fair Haven
New Jersey,Fair Lawn
New Jersey,Fairfield
New Jersey,Fairfield Twp
New Jersey,Fairton
New Jersey,Fairview
New Jersey,Fanwood
New Jersey,Far Hills
New Jersey,Farmingdale
New Jersey,Flemington
New Jersey,Florence
New Jersey,Florham Park
New Jersey,Folsom
New Jersey,Fords
New Jersey,Forked River
New Jersey,Fort Lee
New Jersey,Fortescue
New Jersey,Franklin
New Jersey,Franklin Lakes
New Jersey,Franklin Park
New Jersey,Franklin Twp
New Jersey,Franklinville
New Jersey,Fredon Township
New Jersey,Freehold
New Jersey,Frelinghuysen
New Jersey,Frenchtown
New Jersey,Galloway
New Jersey,Galloway Township
New Jersey,Garfield
New Jersey,Garwood
New Jersey,Gibbsboro
New Jersey,Gibbstown
New Jersey,Glassboro
New Jersey,Glen Gardner
New Jersey,Glen Ridge Boro Township
New Jersey,Glen Rock
New Jersey,Glendora
New Jersey,Glenwood
New Jersey,Gloucester City
New Jersey,Goshen
New Jersey,Green Brook
New Jersey,Green Creek
New Jersey,Green Township
New Jersey,Greenwich
New Jersey,Hackensack
New Jersey,Hackettstown
New Jersey,Haddon Heights
New Jersey,Haddon Township
New Jersey,Haddonfield
New Jersey,Hainesport
New Jersey,Haledon
New Jersey,Hamburg
New Jersey,Hamilton
New Jersey,Hamilton Township
New Jersey,Hammonton
New Jersey,Hampton
New Jersey,Hanover Twp
New Jersey,Harding Township
New Jersey,Hardyston
New Jersey,Harmony Township
New Jersey,Harrison
New Jersey,Harvey Cedars
New Jersey,Hasbrouck Heights
New Jersey,Hawthorne
New Jersey,Hazlet
New Jersey,Hazlet Township
New Jersey,Heislerville
New Jersey,Helmetta
New Jersey,High Bridge
New Jersey,Highland Park
New Jersey,Highlands
New Jersey,Hightstown
New Jersey,Hillsborough
New Jersey,Hillsborough Twp
New Jersey,Hillsdale
New Jersey,Hillside
New Jersey,Ho Ho Kus
New Jersey,Holland Township
New Jersey,Holmdel
New Jersey,Hopatcong
New Jersey,Hope
New Jersey,Hopelawn
New Jersey,Hopewell
New Jersey,Hopewell Township
New Jersey,Howell
New Jersey,Independence Township
New Jersey,Interlaken
New Jersey,Irvington
New Jersey,Iselin
New Jersey,Island Heights
New Jersey,Jackson
New Jersey,Jackson Township
New Jersey,Jamesburg
New Jersey,Jefferson Township
New Jersey,Jersey City
New Jersey,Jobstown
New Jersey,Juliustown
New Jersey,Keansburg
New Jersey,Kearny
New Jersey,Keasbey
New Jersey,Kendall Park
New Jersey,Kenilworth
New Jersey,Keyport
New Jersey,Kingston
New Jersey,Kingwood
New Jersey,Kingwood Township
New Jersey,Kinnelon
New Jersey,Knowlton
New Jersey,Lacey
New Jersey,Lafayette
New Jersey,Lake Como
New Jersey,Lake Hopatcong
New Jersey,Lakehurst
New Jersey,Lakewood
New Jersey,Lambertville
New Jersey,Landing
New Jersey,Landisville
New Jersey,Lanoka Harbor
New Jersey,Laurel Springs
New Jersey,Laurence Harbor
New Jersey,Lavallette
New Jersey,Lawnside
New Jersey,Lawrence
New Jersey,Lawrence Township
New Jersey,Lawrenceville
New Jersey,Lebanon
New Jersey,Leesburg
New Jersey,Leonardo
New Jersey,Liberty Township
New Jersey,Lincoln Park
New Jersey,Lincroft
New Jersey,Linden
New Jersey,Lindenwold
New Jersey,Linwood
New Jersey,Little Egg Harbor
New Jersey,Little Egg Harbor Township
New Jersey,Little Falls
New Jersey,Little Ferry
New Jersey,Little Silver
New Jersey,Livingston
New Jersey,Lodi
New Jersey,Long Beach Township
New Jersey,Long Branch
New Jersey,Long Hill Township
New Jersey,Longport
New Jersey,Lopatcong
New Jersey,Lower Township
New Jersey,Lumberton
New Jersey,Lyndhurst
New Jersey,Madison
New Jersey,Magnolia
New Jersey,Mahwah
New Jersey,Malaga
New Jersey,Manahawkin
New Jersey,Manalapan
New Jersey,Manasquan
New Jersey,Manchester
New Jersey,Manchester Township
New Jersey,Mansfield
New Jersey,Mantoloking
New Jersey,Mantua
New Jersey,Manville
New Jersey,Maple Shade
New Jersey,Maplewood
New Jersey,Margate
New Jersey,Margate City
New Jersey,Marlboro
New Jersey,Marlton
New Jersey,Marmora
New Jersey,Matawan
New Jersey,Mauricetown
New Jersey,Mays Landing
New Jersey,Maywood
New Jersey,Medford
New Jersey,Medford Lakes
New Jersey,Mendham
New Jersey,Mendham Township
New Jersey,Menlo Park Terrace
New Jersey,Merchantville
New Jersey,Metuchen
New Jersey,Mickleton
New Jersey,Middlesex
New Jersey,Middletown
New Jersey,Midland Park
New Jersey,Milford
New Jersey,Millburn
New Jersey,Millstone
New Jersey,Millstone Township
New Jersey,Milltown
New Jersey,Millville
New Jersey,Milmay
New Jersey,Mine Hill
New Jersey,Minotola
New Jersey,Monmouth Beach
New Jersey,Monmouth Junction
New Jersey,Monroe
New Jersey,Monroe Township
New Jersey,Monroeville
New Jersey,Montague
New Jersey,Montclair
New Jersey,Montgomery
New Jersey,Montgomery Twp
New Jersey,Montvale
New Jersey,Montville Township
New Jersey,Moorestown
New Jersey,Morganville
New Jersey,Morris Plains
New Jersey,Morris Twp
New Jersey,Morristown
New Jersey,Mount Arlington
New Jersey,Mount Ephraim
New Jersey,Mount Holly
New Jersey,Mount Laurel
New Jersey,Mount Olive Township
New Jersey,Mount Royal
New Jersey,Mountain Lakes
New Jersey,Mountainside
New Jersey,Mullica
New Jersey,Mullica Hill
New Jersey,National Park
New Jersey,Neptune
New Jersey,Neptune City
New Jersey,Neptune Township
New Jersey,Netcong
New Jersey,New Brunswick
New Jersey,New Egypt
New Jersey,New Lisbon
New Jersey,New Milford
New Jersey,New Monmouth
New Jersey,New Providence
New Jersey,Newark
New Jersey,Newfield
New Jersey,Newport
New Jersey,Newton
New Jersey,Newtonville
New Jersey,Normandy Beach
New Jersey,North Arlington
New Jersey,North Bergen
New Jersey,North Brunswick
New Jersey,North Brunswick Township
New Jersey,North Caldwell
New Jersey,North Cape May
New Jersey,North Haledon
New Jersey,North Middletown
New Jersey,North Plainfield
New Jersey,North Wildwood
New Jersey,Northfield
New Jersey,Northvale
New Jersey,Nutley
New Jersey,Oakhurst
New Jersey,Oakland
New Jersey,Oaklyn
New Jersey,Ocean City
New Jersey,Ocean Gate
New Jersey,Ocean Grove
New Jersey,Ocean Township
New Jersey,Ocean View
New Jersey,Oceanport
New Jersey,Ogdensburg
New Jersey,Old Bridge
New Jersey,Old Bridge Township
New Jersey,Oldwick
New Jersey,Orange
New Jersey,Ortley Beach
New Jersey,Oxford
New Jersey,Palermo
New Jersey,Palmyra
New Jersey,Paramus
New Jersey,Park Ridge
New Jersey,Parlin
New Jersey,Parsippany Troy Hills
New Jersey,Parsippany Troy Hills Township
New Jersey,Passaic
New Jersey,Paterson
New Jersey,Paulsboro
New Jersey,Peapack Gladstone Boro
New Jersey,Pedricktown
New Jersey,Pemberton
New Jersey,Pennington
New Jersey,Penns Grove
New Jersey,Pennsauken
New Jersey,Pennsville
New Jersey,Pequannock Township
New Jersey,Perth Amboy
New Jersey,Petersburg
New Jersey,Phillipsburg
New Jersey,Pilesgrove
New Jersey,Pine Beach
New Jersey,Pine Hill
New Jersey,Piscataway
New Jersey,Piscataway Twp
New Jersey,Pitman
New Jersey,Pittsgrove
New Jersey,Pittstown
New Jersey,Plainfield
New Jersey,Plainsboro
New Jersey,Pleasantville
New Jersey,Plumsted
New Jersey,Pohatcong Township
New Jersey,Point Pleasant
New Jersey,Point Pleasant Beach
New Jersey,Point Pleasant Boro
New Jersey,Pompton Lakes
New Jersey,Port Monmouth
New Jersey,Port Norris
New Jersey,Port Reading
New Jersey,Port Republic
New Jersey,Princeton
New Jersey,Princeton Junction
New Jersey,Prospect Park
New Jersey,Quinton
New Jersey,Rahway
New Jersey,Ramsey
New Jersey,Randolph
New Jersey,Raritan
New Jersey,Readington
New Jersey,Readington Twp
New Jersey,Red Bank
New Jersey,Richland
New Jersey,Ridgefield Park Village
New Jersey,Ridgewood
New Jersey,Ridgewood Village
New Jersey,Ringoes
New Jersey,Ringwood
New Jersey,Rio Grande
New Jersey,River Edge
New Jersey,River Vale
New Jersey,Riverdale
New Jersey,Riverside
New Jersey,Riverton
New Jersey,Robbinsville
New Jersey,Rockaway
New Jersey,Rockaway Boro
New Jersey,Rocky Hill
New Jersey,Roebling
New Jersey,Roosevelt
New Jersey,Roseland
New Jersey,Roselle
New Jersey,Roselle Park
New Jersey,Roxbury Township
New Jersey,Rumson
New Jersey,Runnemede
New Jersey,Rutherford
New Jersey,Saddle Brook
New Jersey,Salem
New Jersey,Sandyston
New Jersey,Sayreville
New Jersey,Scotch Plains
New Jersey,Sea Bright
New Jersey,Sea Girt
New Jersey,Sea Isle City
New Jersey,Seaside Heights
New Jersey,Seaside Park
New Jersey,Seaville
New Jersey,Secaucus
New Jersey,Sewaren
New Jersey,Sewell
New Jersey,Shamong
New Jersey,Shiloh
New Jersey,Ship Bottom
New Jersey,Shrewsbury
New Jersey,Shrewsbury Township
New Jersey,Sicklerville
New Jersey,Skillman
New Jersey,Smithville
New Jersey,Somerdale
New Jersey,Somers Point
New Jersey,Somerset
New Jersey,Somerville
New Jersey,South Amboy
New Jersey,South Bound Brook
New Jersey,South Brunswick
New Jersey,South Dennis
New Jersey,South Harrison Township
New Jersey,South Orange
New Jersey,South Orange Village
New Jersey,South Orange Village Township
New Jersey,South Plainfield
New Jersey,South River
New Jersey,South Seaside Park
New Jersey,South Seaville
New Jersey,Southampton
New Jersey,Sparta
New Jersey,Spotswood
New Jersey,Spring Lake Heights
New Jersey,Springfield
New Jersey,Stafford Township
New Jersey,Stanhope
New Jersey,Stillwater
New Jersey,Stockton
New Jersey,Stone Harbor
New Jersey,Stratford
New Jersey,Strathmere
New Jersey,Summit
New Jersey,Surf City
New Jersey,Sussex
New Jersey,Swainton
New Jersey,Swedesboro
New Jersey,Sweetwater
New Jersey,Tabernacle
New Jersey,Teaneck
New Jersey,Tewksbury Township
New Jersey,Thorofare
New Jersey,Tinton Falls
New Jersey,Titusville
New Jersey,Toms River
New Jersey,Toms River Township
New Jersey,Totowa
New Jersey,Totowa Boro
New Jersey,Townbank
New Jersey,Trenton
New Jersey,Tuckahoe
New Jersey,Tuckerton
New Jersey,Turnersville
New Jersey,Union Beach
New Jersey,Union City
New Jersey,Union Twp
New Jersey,Upper Freehold
New Jersey,Ventnor
New Jersey,Ventnor City
New Jersey,Ventnor Heights
New Jersey,Vernon
New Jersey,Verona
New Jersey,Victory Gardens
New Jersey,Villas
New Jersey,Vincentown
New Jersey,Vineland
New Jersey,Voorhees
New Jersey,Waldwick
New Jersey,Wall
New Jersey,Wallington
New Jersey,Wanaque
New Jersey,Wantage Township
New Jersey,Waretown
New Jersey,Warren
New Jersey,Warren Twp
New Jersey,Washington
New Jersey,Washington Township
New Jersey,Watchung
New Jersey,Waterford Works
New Jersey,Wayne
New Jersey,Weehawken
New Jersey,Wenonah
New Jersey,West Allenhurst
New Jersey,West Amwell
New Jersey,West Belmar
New Jersey,West Berlin
New Jersey,West Caldwell
New Jersey,West Cape May
New Jersey,West Collingswood
New Jersey,West Collingswood Heights
New Jersey,West Creek
New Jersey,West Deptford
New Jersey,West Long Branch
New Jersey,West Milford
New Jersey,West New York
New Jersey,West Orange
New Jersey,West Wildwood
New Jersey,West Windsor
New Jersey,West Windsor Township
New Jersey,Westampton
New Jersey,Westfield
New Jersey,Westmont
New Jersey,Westville
New Jersey,Westwood
New Jersey,Weymouth
New Jersey,Wharton
New Jersey,White Township
New Jersey,Whitehouse Station
New Jersey,Whitesboro
New Jersey,Whiting
New Jersey,Wildwood
New Jersey,Wildwood Crest
New Jersey,Williamstown
New Jersey,Willingboro
New Jersey,Winslow
New Jersey,Wood Ridge
New Jersey,Woodbine
New Jersey,Woodbridge
New Jersey,Woodbridge Proper
New Jersey,Woodbury
New Jersey,Woodbury Heights
New Jersey,Woodland Park
New Jersey,Woodlynne
New Jersey,Woodstown
New Jersey,Woolwich Township
New Jersey,Wrightstown
New Jersey,Wyckoff
New Mexico,Abiquiu
New Mexico,Alamogordo
New Mexico,Albuquerque
New Mexico,Alcalde
New Mexico,Algodones
New Mexico,Alto
New Mexico,Amalia
New Mexico,Angel Fire
New Mexico,Animas
New Mexico,Anthony
New Mexico,Arenas Valley
New Mexico,Arroyo Hondo
New Mexico,Arroyo Seco
New Mexico,Artesia
New Mexico,Aztec
New Mexico,Bayard
New Mexico,Belen
New Mexico,Berino
New Mexico,Bernalillo
New Mexico,Blanco
New Mexico,Bloomfield
New Mexico,Bluewater
New Mexico,Bluewater Lake South
New Mexico,Bosque Farms
New Mexico,Buckhorn
New Mexico,Caballo
New Mexico,Candy Kitchen
New Mexico,Capitan
New Mexico,Capulin
New Mexico,Carlsbad
New Mexico,Carrizozo
New Mexico,Carson
New Mexico,Cebolla
New Mexico,Cedar Crest
New Mexico,Cedar Hill
New Mexico,Cerrillos
New Mexico,Chama
New Mexico,Chamisal
New Mexico,Chaparral
New Mexico,Chaves
New Mexico,Chimayo
New Mexico,Cimarron
New Mexico,Clayton
New Mexico,Cleveland
New Mexico,Cliff
New Mexico,Cloudcroft
New Mexico,Clovis
New Mexico,Cochiti Lake
New Mexico,Columbus
New Mexico,Conchas Dam
New Mexico,Corona
New Mexico,Corrales
New Mexico,Costilla
New Mexico,Coyote
New Mexico,Cuba
New Mexico,Datil
New Mexico,Deming
New Mexico,Des Moines
New Mexico,Dexter
New Mexico,Dixon
New Mexico,Dona Ana
New Mexico,Dora
New Mexico,Eagle Nest
New Mexico,Edgewood
New Mexico,El Llano
New Mexico,El Prado
New Mexico,Elephant Butte
New Mexico,Elida
New Mexico,Embudo
New Mexico,Ensenada
New Mexico,Espanola
New Mexico,Estancia
New Mexico,Eunice
New Mexico,Farmington
New Mexico,Flora Vista
New Mexico,Floyd
New Mexico,Fort Sumner
New Mexico,Gallup
New Mexico,Gamerco
New Mexico,Garfield
New Mexico,Gila
New Mexico,Glorieta
New Mexico,Grants
New Mexico,Grenville
New Mexico,Hagerman
New Mexico,Hanover
New Mexico,Hatch
New Mexico,Hernandez
New Mexico,High Rolls Mountain Park
New Mexico,Hobbs
New Mexico,Hurley
New Mexico,Ilfeld
New Mexico,Jal
New Mexico,Jamestown
New Mexico,Jarales
New Mexico,Jemez Springs
New Mexico,Kirtland
New Mexico,La Cienega
New Mexico,La Luz
New Mexico,La Mesa
New Mexico,La Mesilla
New Mexico,La Plata
New Mexico,La Union
New Mexico,Laguna
New Mexico,Lake Arthur
New Mexico,Lake Roberts
New Mexico,Lamy
New Mexico,Las Cruces
New Mexico,Las Palomas
New Mexico,Las Vegas
New Mexico,Lincoln
New Mexico,Logan
New Mexico,Lordsburg
New Mexico,Los Alamos
New Mexico,Los Chaves
New Mexico,Los Lunas
New Mexico,Los Ranchos
New Mexico,Loving
New Mexico,Lovington
New Mexico,Luna
New Mexico,Madrid
New Mexico,Magdalena
New Mexico,Malaga
New Mexico,Maxwell
New Mexico,Mayhill
New Mexico,McIntosh
New Mexico,Medanales
New Mexico,Melrose
New Mexico,Mesilla
New Mexico,Mesilla Park
New Mexico,Mesquite
New Mexico,Miami
New Mexico,Middle Mesa
New Mexico,Mimbres
New Mexico,Monument
New Mexico,Mora
New Mexico,Moriarty
New Mexico,Mountainair
New Mexico,Navajo Dam
New Mexico,Nogal
New Mexico,Ojo Caliente
New Mexico,Ojo Feliz
New Mexico,Ojo Sarco
New Mexico,Organ
New Mexico,Pecos
New Mexico,Pena Blanca
New Mexico,Penasco
New Mexico,Peralta
New Mexico,Pie Town
New Mexico,Pinos Altos
New Mexico,Placitas
New Mexico,Polvadera
New Mexico,Ponderosa
New Mexico,Portales
New Mexico,Prewitt
New Mexico,Quemado
New Mexico,Questa
New Mexico,Radium Springs
New Mexico,Ramah
New Mexico,Ranchos de Taos
New Mexico,Raton
New Mexico,Red River
New Mexico,Regina
New Mexico,Reserve
New Mexico,Ribera
New Mexico,Rio Communities
New Mexico,Rio Rancho
New Mexico,Rociada
New Mexico,Roswell
New Mexico,Ruidoso
New Mexico,Ruidoso Downs
New Mexico,Sacramento
New Mexico,San Acacia
New Mexico,San Antonio
New Mexico,San Cristobal
New Mexico,San Jon
New Mexico,San Jose
New Mexico,San Lorenzo
New Mexico,San Patricio
New Mexico,San Pedro
New Mexico,San Ysidro
New Mexico,Sandia Park
New Mexico,Santa Clara
New Mexico,Santa Cruz
New Mexico,Santa Fe
New Mexico,Santa Rosa
New Mexico,Santa Teresa
New Mexico,Serafina
New Mexico,Sierra Bonita
New Mexico,Silver City
New Mexico,Socorro
New Mexico,Springer
New Mexico,Stanley
New Mexico,Sunland Park
New Mexico,Sunshine
New Mexico,Tajique
New Mexico,Taos
New Mexico,Taos Ski Valley
New Mexico,Tatum
New Mexico,Tecolotito
New Mexico,Texico
New Mexico,Thoreau
New Mexico,Tijeras
New Mexico,Timberon
New Mexico,Torreon
New Mexico,Tres Piedras
New Mexico,Truth or Consequences
New Mexico,Tucumcari
New Mexico,Tularosa
New Mexico,Tyrone
New Mexico,Ute Park
New Mexico,Vado
New Mexico,Valdez
New Mexico,Vanderwagen
New Mexico,Veguita
New Mexico,Velarde
New Mexico,Villanueva
New Mexico,Wagon Mound
New Mexico,Waterflow
New Mexico,Weed
New Mexico,White Rock
New Mexico,Williamsburg
New Mexico,Yatahey
New York,Accord
New York,Acra
New York,Adams
New York,Adams Center
New York,Addisleigh Park
New York,Addison
New York,Adirondack
New York,Afton
New York,Airmont
New York,Akron
New York,Alabama
New York,Albany
New York,Albertson
New York,Albion
New York,Alden
New York,Alder Creek
New York,Alexander
New York,Alexandria Bay
New York,Alfred
New York,Alfred Station
New York,Allegany
New York,Alma
New York,Almond
New York,Alpine
New York,Altamont
New York,Altmar
New York,Altona
New York,Amagansett
New York,Amawalk
New York,Amenia
New York,Ames
New York,Amherst
New York,Amity Harbor
New York,Amityville
New York,Amsterdam
New York,Ancram
New York,Andes
New York,Andover
New York,Angelica
New York,Angola
New York,Antwerp
New York,Apalachin
New York,Appleton
New York,Apulia Station
New York,Aquebogue
New York,Arcade
New York,Arden
New York,Ardsley
New York,Argyle
New York,Arkport
New York,Arkville
New York,Armonk
New York,Arverne
New York,Ashland
New York,Ashville
New York,Astoria
New York,Athens
New York,Atlanta
New York,Atlantic Beach
New York,Attica
New York,Au Sable Forks
New York,Auburn
New York,Aurora
New York,Austerlitz
New York,Ava
New York,Averill Park
New York,Avoca
New York,Avon
New York,Babylon
New York,Bainbridge
New York,Baiting Hollow
New York,Baldwin
New York,Baldwin Harbor
New York,Baldwinsville
New York,Ballston Lake
New York,Ballston Spa
New York,Bangall
New York,Bardonia
New York,Barker
New York,Barneveld
New York,Barryville
New York,Barton
New York,Basom
New York,Batavia
New York,Bath
New York,Bath Village
New York,Bay Shore
New York,Bayport
New York,Bayside
New York,Bayville
New York,Beacon
New York,Bearsville
New York,Beaver Dams
New York,Bed Stuy
New York,Bedford
New York,Bedford Corners
New York,Bedford Hills
New York,Beechhurst
New York,Belfast
New York,Belle Harbor
New York,Belle Terre
New York,Bellerose
New York,Bellerose Manor
New York,Bellerose village
New York,Belleville
New York,Bellmore
New York,Bellport
New York,Bellport village
New York,Belmont
New York,Bemus Point
New York,Bergen
New York,Berkshire
New York,Berlin
New York,Berne
New York,Bernhards Bay
New York,Bethel
New York,Bethlehem
New York,Bethpage
New York,Big Flats
New York,Big Indian
New York,Binghamton
New York,Black Creek
New York,Black River
New York,Blasdell
New York,Blauvelt
New York,Blenheim
New York,Bliss
New York,Bloomfield
New York,Blooming Grove
New York,Bloomingburg
New York,Bloomingdale
New York,Bloomington
New York,Blossvale
New York,Blue Point
New York,Bluff Point
New York,Bohemia
New York,Boiceville
New York,Bolivar
New York,Bolton Landing
New York,Boonville
New York,Boston
New York,Bouckville
New York,Bovina Center
New York,Bowmansville
New York,Bradford
New York,Branchport
New York,Brant
New York,Brantingham
New York,Brasher Falls
New York,Breesport
New York,Brentwood
New York,Brewerton
New York,Brewster
New York,Briarcliff Manor
New York,Briarwood
New York,Bridgehampton
New York,Bridgeport
New York,Bridgewater
New York,Brighton
New York,Brightwaters
New York,Broad Channel
New York,Broadalbin
New York,Broadalbin Village
New York,Brockport
New York,Brocton
New York,Bronx
New York,Bronxville
New York,Brookfield
New York,Brookhaven
New York,Brookhaven Hamlet
New York,Brooklyn
New York,Brooktondale
New York,Brookville
New York,Broome
New York,Brownville
New York,Brunswick
New York,Brushton
New York,Buchanan
New York,Buffalo
New York,Bullville
New York,Burdett
New York,Burke
New York,Burlington
New York,Burlington Flats
New York,Burnt Hills
New York,Burt
New York,Butternuts
New York,Byron
New York,Cadyville
New York,Cairo
New York,Calcium
New York,Caledonia
New York,Callicoon
New York,Callicoon Center
New York,Calverton
New York,Cambria Heights
New York,Cambridge
New York,Cambridge Village
New York,Camden
New York,Cameron
New York,Camillus
New York,Campbell
New York,Campbell Hall
New York,Canaan
New York,Canajoharie
New York,Canajoharie Village
New York,Canandaigua
New York,Canaseraga
New York,Canastota
New York,Candor
New York,Caneadea
New York,Canisteo
New York,Canton
New York,Cape Vincent
New York,Carle Place
New York,Carlisle
New York,Carmel
New York,Carmel Hamlet
New York,Caroga
New York,Caroga Lake
New York,Carthage
New York,Cassadaga
New York,Cassville
New York,Castile
New York,Castle Creek
New York,Castleton
New York,Castleton On Hudson
New York,Castorland
New York,Cato
New York,Caton Town
New York,Catskill
New York,Cattaraugus
New York,Cayuga
New York,Cayuta
New York,Cazenovia
New York,Cedarhurst
New York,Center Moriches
New York,Centereach
New York,Centerport
New York,Central Islip
New York,Central Square
New York,Central Valley
New York,Ceres
New York,Chadwicks
New York,Chaffee
New York,Champlain
New York,Chappaqua
New York,Charlotteville
New York,Charlton
New York,Chase Mills
New York,Chateaugay
New York,Chatham
New York,Chatham Village
New York,Chaumont
New York,Chautauqua
New York,Chazy
New York,Cheektowaga
New York,Chelsea
New York,Chemung
New York,Chenango Bridge
New York,Chenango Forks
New York,Cherry Creek
New York,Cherry Plain
New York,Cherry Valley
New York,Chester
New York,Chestertown
New York,Chestnut Ridge
New York,Chichester
New York,Chittenango
New York,Churchville
New York,Churubusco
New York,Cicero
New York,Cincinnatus
New York,Circleville
New York,City Line
New York,Clarence
New York,Clarence Center
New York,Clarendon
New York,Clark Mills
New York,Clarksville
New York,Claverack
New York,Clay
New York,Clayton
New York,Clayville
New York,Cleveland
New York,Clifton
New York,Clifton Park
New York,Clifton Springs
New York,Climax
New York,Clinton
New York,Clinton Corners
New York,Clintondale
New York,Clintonville
New York,Clyde
New York,Clymer
New York,Cobleskill
New York,Cochecton
New York,Coeymans
New York,Coeymans Hollow
New York,Cohocton
New York,Cohoes
New York,Colchester
New York,Cold Brook
New York,Cold Spg Hbr
New York,Cold Spring
New York,Cold Spring Hrbr
New York,Colden
New York,Colesville
New York,College Point
New York,Collins
New York,Colonie
New York,Colonie Village
New York,Colton
New York,Columbia
New York,Columbus
New York,Commack
New York,Conesus
New York,Conesville
New York,Congers
New York,Conklin
New York,Constable
New York,Constableville
New York,Constantia
New York,Cooperstown
New York,Copake
New York,Copake Falls
New York,Copenhagen
New York,Copiague
New York,Coram
New York,Corfu
New York,Corinth
New York,Corinth Village
New York,Corning
New York,Cornwall
New York,Cornwall On Hudson
New York,Corona
New York,Cortland
New York,Cortlandt Manor
New York,Cottekill
New York,Coventry
New York,Cowlesville
New York,Coxsackie
New York,Coxsackie Village
New York,Cragsmoor
New York,Cranberry Lake
New York,Craryville
New York,Croghan
New York,Crompond
New York,Cropseyville
New York,Croton Falls
New York,Croton On Hudson
New York,Crown Heights
New York,Crown Point
New York,Cuba
New York,Cuddebackville
New York,Cutchogue
New York,Cuyler
New York,Cypress Hills
New York,Dalton
New York,Danby
New York,Dannemora
New York,Dansville
New York,Darien Center
New York,Davenport
New York,Day
New York,Dayton
New York,De Peyster
New York,DeKalb Junction
New York,DeRuyter
New York,Deansboro
New York,Decatur
New York,Deer Park
New York,Deerfield
New York,Deferiet
New York,Delanson
New York,Delaware
New York,Delevan
New York,Delhi
New York,Delmar
New York,Denver
New York,Depew
New York,Deposit
New York,Derby
New York,Dewittville
New York,Dexter
New York,Dickinson
New York,Dickinson Center
New York,Dix Hills
New York,Dobbs Ferry
New York,Dolgeville
New York,Douglaston
New York,Dover
New York,Dover Plains
New York,Downsville
New York,Dresden
New York,Dryden
New York,Duane
New York,Duanesburg
New York,Dundee
New York,Dunkirk
New York,Durham
New York,Durhamville
New York,Eagle Bay
New York,Earlton
New York,Earlville
New York,East Amherst
New York,East Atlantic Beach
New York,East Aurora
New York,East Berne
New York,East Bethany
New York,East Bloomfield
New York,East Branch
New York,East Branch Ny
New York,East Chatham
New York,East Concord
New York,East Durham
New York,East Elmhurst
New York,East Fishkill
New York,East Flatbush
New York,East Greenbush
New York,East Hampton
New York,East Hills
New York,East Islip
New York,East Jewett
New York,East Marion
New York,East Meadow
New York,East Moriches
New York,East Nassau
New York,East New York
New York,East Northport
New York,East Norwich
New York,East Otto
New York,East Patchogue
New York,East Quogue
New York,East Rochester
New York,East Rockaway
New York,East Setauket
New York,East Syracuse
New York,East Williston
New York,Eastchester
New York,Easton
New York,Eastport
New York,Eaton
New York,Eden
New York,Edinburg
New York,Edmeston
New York,Edwards
New York,Eggertsville
New York,Elba
New York,Elbridge
New York,Eldred
New York,Elizabethtown
New York,Elizaville
New York,Elka Park
New York,Ellenburg
New York,Ellenburg Center
New York,Ellenburg Depot
New York,Ellenville
New York,Ellicottville
New York,Ellington
New York,Ellisburg
New York,Elma
New York,Elmhurst
New York,Elmira
New York,Elmira Heights
New York,Elmont
New York,Elmsford
New York,Endicott
New York,Endwell
New York,Ephratah
New York,Erieville
New York,Erin
New York,Esopus
New York,Esperance
New York,Esperance Village
New York,Essex
New York,Evans Mills
New York,Exeter
New York,Fabius
New York,Fair Haven
New York,Fairport
New York,Falconer
New York,Fallsburg
New York,Far Rockaway
New York,Farmersville Station
New York,Farmingdale
New York,Farmington
New York,Farmingville
New York,Fayetteville
New York,Felts Mills
New York,Ferndale
New York,Feura Bush
New York,Fillmore
New York,Findley Lake
New York,Fine
New York,Fineview
New York,Fire Island Pine
New York,Fishkill
New York,Flanders
New York,Flatlands
New York,Fleischmanns
New York,Floral Park
New York,Florida
New York,Floyd
New York,Flushing
New York,Fonda
New York,Forest Hills
New York,Forestburgh
New York,Forestport
New York,Forestville
New York,Fort Ann
New York,Fort Ann Village
New York,Fort Covington
New York,Fort Edward
New York,Fort Edward Village
New York,Fort Hunter
New York,Fort Jackson
New York,Fort Johnson
New York,Fort Plain
New York,Fort Salonga
New York,Frankfort
New York,Franklin
New York,Franklin Square
New York,Franklinville
New York,Fredonia
New York,Freedom
New York,Freehold
New York,Freeport
New York,Freeville
New York,Fremont
New York,Fremont Center
New York,Fresh Meadows
New York,Frewsburg
New York,Friendship
New York,Frontenac
New York,Fulton
New York,Fultonville
New York,Gabriels
New York,Gainesville
New York,Gallatin
New York,Galway
New York,Galway Village
New York,Gansevoort
New York,Garden City
New York,Garden City Park
New York,Garden City South
New York,Gardiner
New York,Garnerville
New York,Garrison
New York,Gasport
New York,Gates
New York,Genesee
New York,Geneseo
New York,Geneva
New York,Genoa
New York,Georgetown
New York,German Flatts
New York,Germantown
New York,Gerry
New York,Getzville
New York,Ghent
New York,Gilbertsville
New York,Gilboa
New York,Gilgo Beach
New York,Glasco
New York,Glen
New York,Glen Aubrey
New York,Glen Cove
New York,Glen Head
New York,Glen Oaks
New York,Glen Park
New York,Glen Spey
New York,Glendale
New York,Glenfield
New York,Glenford
New York,Glenham
New York,Glenmont
New York,Glens Falls
New York,Glenville
New York,Glenwood
New York,Glenwood Landing
New York,Gloversville
New York,Godeffroy
New York,Goldens Bridge
New York,Goshen
New York,Gouverneur
New York,Gowanda
New York,Grafton
New York,Grahamsville
New York,Grand Island
New York,Granite Springs
New York,Granville
New York,Granville Village
New York,Great Bend
New York,Great Neck
New York,Great River
New York,Great Valley
New York,Greece
New York,Green Island
New York,Green Island Village
New York,Greene
New York,Greenfield
New York,Greenfield Center
New York,Greenfield Park
New York,Greenhurst
New York,Greenlawn
New York,Greenport
New York,Greenvale
New York,Greenvile Center
New York,Greenville
New York,Greenwich
New York,Greenwood
New York,Greenwood Lake
New York,Groton
New York,Groveland
New York,Guilderland
New York,Guilford
New York,Hadley
New York,Hagaman
New York,Hague
New York,Haines Falls
New York,Halcott Center
New York,Halfmoon
New York,Hall
New York,Hamburg
New York,Hamden
New York,Hamilton
New York,Hamlin
New York,Hammond
New York,Hammondsport
New York,Hampton
New York,Hampton Bays
New York,Hancock
New York,Hankins
New York,Hannacroix
New York,Hannawa Falls
New York,Hannibal
New York,Hardenburgh
New York,Harford
New York,Harpersfield
New York,Harpursville
New York,Harrietstown
New York,Harriman
New York,Harris
New York,Harrison
New York,Harrisville
New York,Hartford
New York,Hartsdale
New York,Hartwick
New York,Hastings
New York,Hastings On Hudson
New York,Hauppauge
New York,Haverstraw
New York,Hawthorne
New York,Head of Harbor
New York,Hebron
New York,Hector
New York,Helena
New York,Hemlock
New York,Hempstead
New York,Henderson
New York,Henderson Harbor
New York,Henrietta
New York,Hensonville
New York,Herkimer
New York,Hermon
New York,Heuvelton
New York,Hewlett
New York,Hewlett Harbor
New York,Hicksville
New York,High Falls
New York,Highland
New York,Highland Falls
New York,Highland Lake
New York,Highland Mills
New York,Highmount
New York,Hillcrest
New York,Hillsdale
New York,Hilton
New York,Hinsdale
New York,Hobart
New York,Hoffmeister
New York,Holbrook
New York,Holland
New York,Holland Patent
New York,Holley
New York,Hollis
New York,Hollis Hills
New York,Holmes
New York,Holtsville
New York,Homer
New York,Honeoye
New York,Honeoye Falls
New York,Hoosick
New York,Hoosick Falls
New York,Hope
New York,Hopewell Junction
New York,Horicon
New York,Hornell
New York,Horseheads
New York,Hortonville
New York,Houghton
New York,Howard Beach
New York,Howes Cave
New York,Hubbardsville
New York,Hudson
New York,Hudson Falls
New York,Huguenot
New York,Hunt
New York,Hunter
New York,Hunter Village
New York,Huntingtn Sta
New York,Huntington
New York,Huntington Sta
New York,Huntington Station
New York,Hurley
New York,Hurleyville
New York,Hyde Park
New York,Ilion
New York,Indian Lake
New York,Inlet
New York,Inside
New York,Interlaken
New York,Inwood
New York,Ionia
New York,Irondequoit
New York,Irving
New York,Irvington
New York,Ischua
New York,Island Park
New York,Islandia
New York,Islip
New York,Islip Terrace
New York,Ithaca
New York,Jackson Heights
New York,Jamaica
New York,Jamaica Estates
New York,Jamaica South
New York,Jamesport
New York,Jamestown
New York,Jamesville
New York,Jasper
New York,Java Center
New York,Jay
New York,Jefferson
New York,Jefferson Valley
New York,Jeffersonville
New York,Jericho
New York,Jewett
New York,Johnsburg
New York,Johnson City
New York,Johnsonville
New York,Johnstown
New York,Jordan
New York,Katonah
New York,Kattskill Bay
New York,Kauneonga Lake
New York,Keene
New York,Keene Valley
New York,Keeseville
New York,Kendall
New York,Kenmore
New York,Kennedy
New York,Kenoza Lake
New York,Kent
New York,Kerhonkson
New York,Keuka Park
New York,Kew Gardens
New York,Kew Gardens Hills
New York,Kiamesha Lake
New York,Kill Buck
New York,Kinderhook
New York,King Ferry
New York,Kings Park
New York,Kingsbury
New York,Kingston
New York,Kirkville
New York,Kirkwood
New York,Knowlesville
New York,Knox
New York,Knoxboro
New York,Kortright
New York,La Fargeville
New York,La Fayette
New York,Lackawanna
New York,Lacona
New York,Lagrangeville
New York,Lake Clear
New York,Lake George
New York,Lake George Village
New York,Lake Grove
New York,Lake Hill
New York,Lake Katrine
New York,Lake Luzerne
New York,Lake Peekskill
New York,Lake Placid
New York,Lake Pleasant
New York,Lake Ronkonkoma
New York,Lakeview
New York,Lakeville
New York,Lakewood
New York,Lancaster
New York,Lanesville
New York,Lansing
New York,Larchmont
New York,Latham
New York,Laurel
New York,Laurelton
New York,Laurens
New York,Lawrence
New York,Lawtons
New York,Le Roy
New York,Lebanon
New York,Lee Center
New York,Leeds
New York,Leicester
New York,Leonardsville
New York,Levittown
New York,Lewis
New York,Lewisboro
New York,Lewiston
New York,Lexington
New York,Liberty
New York,Lido Beach
New York,Lima
New York,Limestone
New York,Lincolndale
New York,Lindenhurst
New York,Lindley
New York,Linwood
New York,Lisbon
New York,Lisle
New York,Little Falls
New York,Little Genesee
New York,Little Neck
New York,Little Valley
New York,Little York
New York,Liverpool
New York,Livingston
New York,Livingston Manor
New York,Livonia
New York,Loch Sheldrake
New York,Locke
New York,Lockport
New York,Lockwood
New York,Locust Valley
New York,Lodi
New York,Long Beach
New York,Long Island City
New York,Long Lake
New York,Loon Lake
New York,Lorraine
New York,Loudonville
New York,Louisville
New York,Lowman
New York,Lowville
New York,Lynbrook
New York,Lyndonville
New York,Lyon Mountain
New York,Lyons
New York,Lyons Falls
New York,Lysander
New York,Macedon
New York,Machias
New York,Madison
New York,Madrid
New York,Mahopac
New York,Maine
New York,Malba
New York,Malden Bridge
New York,Malden On Hudson
New York,Malone
New York,Malta
New York,Malverne
New York,Mamakating
New York,Mamaroneck
New York,Manchester
New York,Manhasset
New York,Manhasset Hills
New York,Manlius
New York,Mannsville
New York,Manorville
New York,Maple Springs
New York,Marathon
New York,Marcellus
New York,Marcy
New York,Margaretville
New York,Marietta
New York,Marilla
New York,Marion
New York,Marlboro
New York,Martville
New York,Maryland
New York,Masonville
New York,Maspeth
New York,Massapequa
New York,Massapequa Park
New York,Massena
New York,Mastic
New York,Mastic Beach
New York,Mattituck
New York,Mattydale
New York,Maybrook
New York,Mayfield
New York,Mayfield Village
New York,Mayville
New York,McDonough
New York,McGraw
New York,McLean
New York,Mechanicville
New York,Medford
New York,Medina
New York,Medusa
New York,Melrose
New York,Melville
New York,Memphis
New York,Menands
New York,Mendon
New York,Meredith
New York,Merrick
New York,Merrill
New York,Mexico
New York,Middle Granville
New York,Middle Grove
New York,Middle Island
New York,Middle Village
New York,Middleburgh
New York,Middleburgh Village
New York,Middlefield
New York,Middleport
New York,Middlesex
New York,Middletown
New York,Middleville
New York,Milan
New York,Milford
New York,Millbrook
New York,Miller Place
New York,Millerton
New York,Millport
New York,Milton
New York,Minden
New York,Mineola
New York,Minerva
New York,Mineville
New York,Minoa
New York,Modena
New York,Mohawk
New York,Mohegan Lake
New York,Moira
New York,Mongaup Valley
New York,Monroe
New York,Monsey
New York,Montauk
New York,Montebello
New York,Montezuma
New York,Montgomery
New York,Monticello
New York,Montour Falls
New York,Montrose
New York,Mooers
New York,Mooers Forks
New York,Moravia
New York,Moreau
New York,Moriah
New York,Moriches
New York,Morris
New York,Morrisonville
New York,Morristown
New York,Morrisville
New York,Mount Kisco
New York,Mount Marion
New York,Mount Morris
New York,Mount Pleasant
New York,Mount Sinai
New York,Mount Tremper
New York,Mount Vernon
New York,Mountain Dale
New York,Mountain View
New York,Mountainville
New York,Mumford
New York,Munnsville
New York,Muttontown
New York,Nanuet
New York,Napanoch
New York,Naples
New York,Narrowsburg
New York,Nassau
New York,Nassau Village
New York,Natural Bridge
New York,Nedrow
New York,Nelliston
New York,Neponsit
New York,Nesconset
New York,Neversink
New York,New Baltimore
New York,New Berlin
New York,New City
New York,New Hamburg
New York,New Hampton
New York,New Hartford
New York,New Hyde Park
New York,New Kingston
New York,New Lebanon
New York,New Lisbon
New York,New Paltz
New York,New Rochelle
New York,New Scotland
New York,New Suffolk
New York,New Windsor
New York,New Woodstock
New York,New York
New York,New York City
New York,New York Mills
New York,Newark
New York,Newark Valley
New York,Newburgh
New York,Newcomb
New York,Newfane
New York,Newfield
New York,Newport
New York,Newtonville
New York,Niagara Falls
New York,Nichols
New York,Nineveh
New York,Niskayuna
New York,Nissequogue
New York,Niverville
New York,Norfolk
New York,North Babylon
New York,North Baldwin
New York,North Bangor
New York,North Bellmore
New York,North Branch
New York,North Chili
New York,North Collins
New York,North Creek
New York,North Granville
New York,North Greenbush
New York,North Hills
New York,North Hudson
New York,North Java
New York,North Lawrence
New York,North Massapequa
New York,North Merrick
New York,North Norwich
New York,North Rose
New York,North Salem
New York,North Syracuse
New York,North Tonawanda
New York,North Troy
New York,North Valley Stream
New York,North Woodmere
New York,Northampton
New York,Northeast
New York,Northport
New York,Northumberland
New York,Northville
New York,Norwich
New York,Norwood
New York,Nunda
New York,Ny
New York,Nyack
New York,Oakdale
New York,Oakfield
New York,Oakland Gardens
New York,Ocean Beach
New York,Oceanside
New York,Ogdensburg
New York,Olcott
New York,Old Bethpage
New York,Old Brookville
New York,Old Chatham
New York,Old Field
New York,Old Forge
New York,Old Mill Basin
New York,Olean
New York,Olive
New York,Olivebridge
New York,Onchiota
New York,Oneida
New York,Oneonta
New York,Ontario
New York,Oppenheim
New York,Orangeburg
New York,Orchard Park
New York,Orient
New York,Oriskany
New York,Oriskany Falls
New York,Orwell
New York,Ossining
New York,Oswegatchie
New York,Oswego
New York,Otego
New York,Otisville
New York,Otsego
New York,Otselic
New York,Oueens
New York,Ovid
New York,Owasco
New York,Owego
New York,Owls Head
New York,Oxford
New York,Oyster Bay
New York,Oyster Bay Cove
New York,Ozone Park
New York,Painted Post
New York,Palatine Bridge
New York,Palenville
New York,Palisades
New York,Palmyra
New York,Panama
New York,Paris
New York,Parish
New York,Parishville
New York,Parksville
New York,Patchogue
New York,Patterson
New York,Paul Smiths
New York,Pavilion
New York,Pawling
New York,Pearl River
New York,Peconic
New York,Peekskill
New York,Pelham
New York,Penfield
New York,Penn Yan
New York,Pennellville
New York,Perry
New York,Perrysburg
New York,Perth
New York,Peru
New York,Petersburgh
New York,Pharsalia
New York,Phelps
New York,Philadelphia
New York,Philmont
New York,Phoenicia
New York,Phoenix
New York,Piercefield
New York,Piermont
New York,Piffard
New York,Pine Bush
New York,Pine City
New York,Pine Hill
New York,Pine Island
New York,Pine Plains
New York,Piseco
New York,Pitcher
New York,Pittsfield
New York,Pittsford
New York,Pittstown
New York,Plainfield
New York,Plainview
New York,Plattekill
New York,Plattsburgh
New York,Pleasant Valley
New York,Pleasantville
New York,Plessis
New York,Plymouth
New York,Poestenkill
New York,Point Jefferson Vil
New York,Point Lookout
New York,Poland
New York,Pomona
New York,Pompey
New York,Pond Eddy
New York,Port Byron
New York,Port Chester
New York,Port Crane
New York,Port Ewen
New York,Port Gibson
New York,Port Henry
New York,Port Jefferson
New York,Port Jefferson Station
New York,Port Jervis
New York,Port Kent
New York,Port Leyden
New York,Port Washington
New York,Portageville
New York,Portland
New York,Portville
New York,Potsdam
New York,Pottersville
New York,Poughkeepsie
New York,Poughquag
New York,Pound Ridge
New York,Prattsburgh
New York,Prattsville
New York,Preble
New York,Preston Hollow
New York,Princetown
New York,Prosp Leff Gdns
New York,Providence
New York,Pulaski
New York,Pulteney
New York,Purchase
New York,Purdys
New York,Purling
New York,Putnam Station
New York,Putnam Valley
New York,Pyrites
New York,Queens
New York,Queens Village
New York,Queens Village Jamaica
New York,Queensbury
New York,Quogue
New York,Rainbow Lake
New York,Randolph
New York,Ransomville
New York,Ravena
New York,Ray Brook
New York,Red Creek
New York,Red Hook
New York,Redfield
New York,Redwood
New York,Rego Park
New York,Remsen
New York,Remsen Village
New York,Remsenburg
New York,Rensselaer
New York,Rensselaer Falls
New York,Rensselaerville
New York,Rexford
New York,Rhinebeck
New York,Rhinecliff
New York,Richfield
New York,Richfield Springs
New York,Richford
New York,Richland
New York,Richmond Hill
New York,Richmond Hill South
New York,Richmondville
New York,Richmondville Village
New York,Richville
New York,Ridge
New York,Ridgewood
New York,Rifton
New York,Ripley
New York,Riverhead
New York,Rochester
New York,Rock Hill
New York,Rock Stream
New York,Rock Tavern
New York,Rockaway Beach
New York,Rockaway Park
New York,Rockville Centre
New York,Rocky Point
New York,Rodman
New York,Rome
New York,Romulus
New York,Ronkonkoma
New York,Roosevelt
New York,Root
New York,Roscoe
New York,Roseboom
New York,Rosedale
New York,Rosendale
New York,Roslyn
New York,Roslyn Estates
New York,Roslyn Harbor
New York,Roslyn Heights
New York,Rotterdam
New York,Rotterdam Junction
New York,Round Lake
New York,Round Top
New York,Rouses Point
New York,Roxbury
New York,Ruby
New York,Rush
New York,Rushford
New York,Rushville
New York,Russell
New York,Rye
New York,Rye Brook
New York,Sackets Harbor
New York,Sag Harbor
New York,Sagaponack
New York,Saint Albans
New York,Saint James
New York,Saint Johnsville
New York,Saint Johnsville Village
New York,Saint Regis Falls
New York,Salamanca
New York,Salem
New York,Salisbury
New York,Salisbury Center
New York,Salisbury Mills
New York,Salt Point
New York,Sanborn
New York,Sand Lake
New York,Sands Point
New York,Sandy Creek
New York,Sanford
New York,Saranac
New York,Saranac Lake
New York,Saratoga
New York,Saratoga Springs
New York,Sardinia
New York,Saugerties
New York,Saugerties Village
New York,Sauquoit
New York,Savannah
New York,Savona
New York,Sayville
New York,Scarsdale
New York,Schaghticoke
New York,Schenectady
New York,Schenevus
New York,Schodack Landing
New York,Schoharie
New York,Schroon Lake
New York,Schuyler
New York,Schuyler Falls
New York,Schuylerville
New York,Scio
New York,Scipio Center
New York,Scotia
New York,Scottsville
New York,Sea Cliff
New York,Seaford
New York,Searingtown
New York,Selden
New York,Selkirk
New York,Seneca Falls
New York,Setauket
New York,Seward
New York,Shady
New York,Shandaken
New York,Sharon Springs
New York,Shelter Island
New York,Sherburne
New York,Sheridan
New York,Sherman
New York,Sherrill
New York,Shinnecock Hills
New York,Shirley
New York,Shokan
New York,Shoreham
New York,Shortsville
New York,Shrub Oak
New York,Shushan
New York,Sidney
New York,Sidney Center
New York,Silver Creek
New York,Silver Springs
New York,Sinclairville
New York,Skaneateles
New York,Skaneateles Falls
New York,Slate Hill
New York,Slaterville Springs
New York,Sleepy Hollow
New York,Slingerlands
New York,Sloan
New York,Sloansville
New York,Sloatsburg
New York,Smallwood
New York,Smithtown
New York,Smithville
New York,Smyrna
New York,Sodus
New York,Sodus Point
New York,Solvay
New York,Somers
New York,Sound Beach
New York,South Cairo
New York,South Cheektowaga
New York,South Colonie
New York,South Colton
New York,South Dayton
New York,South Fallsburg
New York,South Floral Park
New York,South Glens Falls
New York,South Hempstead
New York,South Huntington
New York,South Jamesport
New York,South New Berlin
New York,South Otselic
New York,South Ozone Park
New York,South Salem
New York,South Setauket
New York,South Wales
New York,Southampton
New York,Southold
New York,Southport
New York,Sparkill
New York,Sparrow Bush
New York,Speculator
New York,Spencer
New York,Spencerport
New York,Spencertown
New York,Speonk
New York,Speonk Remsenburg
New York,Sprakers
New York,Spring Valley
New York,Springfield Center
New York,Springfield Center New York
New York,Springfield Gardens
New York,Springville
New York,Springwater
New York,Staatsburg
New York,Stafford
New York,Stamford
New York,Standish
New York,Stanford
New York,Stanfordville
New York,Stanley
New York,Star Lake
New York,Staten Island
New York,Stephentown
New York,Sterling
New York,Stewart Manor
New York,Stillwater
New York,Stillwater Village
New York,Stittville
New York,Stockport
New York,Stockton
New York,Stone Ridge
New York,Stony Brook
New York,Stony Creek
New York,Stony Point
New York,Stormville
New York,Stratford
New York,Strykersville
New York,Stuyvesant
New York,Stuyvesant Hts
New York,Suffern
New York,Sugar Loaf
New York,Summit
New York,Sunnyside
New York,Swain
New York,Swan Lake
New York,Sylvan Beach
New York,Syosset
New York,Syracuse
New York,Taberg
New York,Taghkanic
New York,Tallman
New York,Tannersville
New York,Tappan
New York,Tarrytown
New York,Thendara
New York,Theresa
New York,Thiells
New York,Thompson Ridge
New York,Thornwood
New York,Three Mile Bay
New York,Thurman
New York,Ticonderoga
New York,Tillson
New York,Tioga Center
New York,Tivoli
New York,Tomkins Cove
New York,Tompkins
New York,Tonawanda
New York,Trenton
New York,Triangle
New York,Tribes Hill
New York,Troupsburg
New York,Troy
New York,Trumansburg
New York,Truxton
New York,Tuckahoe
New York,Tully
New York,Tupper Lake
New York,Turin
New York,Tusten
New York,Tuxedo Park
New York,Ulster Park
New York,Ulysses
New York,Unadilla
New York,Union Springs
New York,Uniondale
New York,Upper Jay
New York,Utica
New York,Valatie
New York,Valhalla
New York,Valley Cottage
New York,Valley Falls
New York,Valley Stream
New York,Van Etten
New York,Varysburg
New York,Venice Center
New York,Verbank
New York,Vermontville
New York,Vernon
New York,Vernon Center
New York,Verona
New York,Verona Beach
New York,Verplanck
New York,Vestal
New York,Victor
New York,Victory
New York,Vienna
New York,Villenova
New York,Voorheesville
New York,Waddington
New York,Wading River
New York,Wainscott
New York,Wakefield
New York,Walden
New York,Wales Center
New York,Wallkill
New York,Walton
New York,Walworth
New York,Wampsville
New York,Wantagh
New York,Wappingers Falls
New York,Warners
New York,Warnerville
New York,Warren
New York,Warrensburg
New York,Warsaw
New York,Warwick
New York,Washingtonville
New York,Wassaic
New York,Water Mill
New York,Waterford
New York,Waterford Village
New York,Waterloo
New York,Waterport
New York,Watertown
New York,Waterville
New York,Watervliet
New York,Watkins Glen
New York,Waverly
New York,Wawarsing
New York,Wayland
New York,Wayne
New York,Webster
New York,Weedsport
New York,Wellesley Island
New York,Wells
New York,Wellsburg
New York,Wellsville
New York,West Babylon
New York,West Camp
New York,West Chazy
New York,West Coxsackie
New York,West Edmeston
New York,West Falls
New York,West Fulton
New York,West Harrison
New York,West Haverstraw
New York,West Hempstead
New York,West Henrietta
New York,West Hurley
New York,West Islip
New York,West Kill
New York,West Leyden
New York,West Monroe
New York,West Nyack
New York,West Park
New York,West Sand Lake
New York,West Sayville
New York,West Seneca
New York,West Shokan
New York,West Valley
New York,West Winfield
New York,Westbrookville
New York,Westbury
New York,Westdale
New York,Westerlo
New York,Westernville
New York,Westfield
New York,Westford
New York,Westhampton
New York,Westhampton Beach
New York,Westmoreland
New York,Westport
New York,Westtown
New York,Westville
New York,Wheatley Heights
New York,White Creek
New York,White Lake
New York,White Plains
New York,White Sulphur Springs
New York,Whitehall
New York,Whitesboro
New York,Whitestone
New York,Whitesville
New York,Whitney Point
New York,Willet
New York,Williamson
New York,Williamstown
New York,Williamsville
New York,Williston Park
New York,Willow
New York,Willsboro
New York,Willseyville
New York,Wilmington
New York,Wilson
New York,Wilton
New York,Windham
New York,Windsor
New York,Wingdale
New York,Winthrop
New York,Witherbee
New York,Wolcott
New York,Woodbourne
New York,Woodbury
New York,Woodgate
New York,Woodhaven
New York,Woodhull
New York,Woodmere
New York,Woodridge
New York,Woodside
New York,Woodstock
New York,Worcester
New York,Wright
New York,Wurtsboro
New York,Wyandanch
New York,Wynantskill
New York,Wyoming
New York,Yaphank
New York,Yonkers
New York,York
New York,Yorkshire
New York,Yorktown Heights
New York,Yorkville
New York,Youngstown
New York,Youngsville
New York,Yulan
North Carolina,Aberdeen
North Carolina,Advance
North Carolina,Ahoskie
North Carolina,Albemarle
North Carolina,Albertson
North Carolina,Alexander
North Carolina,Alexis
North Carolina,Almond
North Carolina,Andrews
North Carolina,Angier
North Carolina,Apex
North Carolina,Arapahoe
North Carolina,Archer Lodge
North Carolina,Arden
North Carolina,Ash
North Carolina,Asheboro
North Carolina,Asheville
North Carolina,Atkinson
North Carolina,Atlantic
North Carolina,Atlantic Beach
North Carolina,Aulander
North Carolina,Aurora
North Carolina,Autryville
North Carolina,Avon
North Carolina,Ayden
North Carolina,Aydlett
North Carolina,Badin
North Carolina,Badin Lake
North Carolina,Bahama
North Carolina,Bailey
North Carolina,Bakersville
North Carolina,Bald Head Island
North Carolina,Balsam
North Carolina,Balsam Grove
North Carolina,Banner Elk
North Carolina,Barnardsville
North Carolina,Bath
North Carolina,Battleboro
North Carolina,Bayboro
North Carolina,Bear Creek
North Carolina,Bear Grass
North Carolina,Beaufort
North Carolina,Beech Mountain
North Carolina,Belhaven
North Carolina,Belmont
North Carolina,Belville
North Carolina,Bennett
North Carolina,Benson
North Carolina,Bessemer City
North Carolina,Bethel
North Carolina,Bettie
North Carolina,Beulaville
North Carolina,Biltmore Forest
North Carolina,Biltmore Lake
North Carolina,Biscoe
North Carolina,Black Creek
North Carolina,Black Mountain
North Carolina,Bladenboro
North Carolina,Blounts Creek
North Carolina,Blowing Rock
North Carolina,Boiling Spring Lakes
North Carolina,Boiling Springs
North Carolina,Bolivia
North Carolina,Bolton
North Carolina,Boomer
North Carolina,Boone
North Carolina,Bostic
North Carolina,Brasstown
North Carolina,Brevard
North Carolina,Bridgeton
North Carolina,Broadway
North Carolina,Bryson City
North Carolina,Bullock
North Carolina,Bunn
North Carolina,Bunnlevel
North Carolina,Burgaw
North Carolina,Burlington
North Carolina,Burnsville
North Carolina,Butner
North Carolina,Buxton
North Carolina,Calabash
North Carolina,Camden
North Carolina,Cameron
North Carolina,Canada
North Carolina,Candler
North Carolina,Candor
North Carolina,Canton
North Carolina,Cape Carteret
North Carolina,Carolina Beach
North Carolina,Carolina Shores
North Carolina,Carrboro
North Carolina,Carthage
North Carolina,Cary
North Carolina,Casar
North Carolina,Cashiers
North Carolina,Castalia
North Carolina,Castle Hayne
North Carolina,Catawba
North Carolina,Cedar Grove
North Carolina,Cedar Island
North Carolina,Cedar Mountain
North Carolina,Cedar Point
North Carolina,Cerro Gordo
North Carolina,Chadbourn
North Carolina,Chapel Hill
North Carolina,Charlotte
North Carolina,Cherokee
North Carolina,Cherryville
North Carolina,Chimney Rock
North Carolina,China Grove
North Carolina,Chinquapin
North Carolina,Chocowinity
North Carolina,Claremont
North Carolina,Clarendon
North Carolina,Clarkton
North Carolina,Clayton
North Carolina,Clemmons
North Carolina,Cleveland
North Carolina,Clinton
North Carolina,Clyde
North Carolina,Coats
North Carolina,Cofield
North Carolina,Coinjock
North Carolina,Colerain
North Carolina,Collettsville
North Carolina,Columbia
North Carolina,Columbus
North Carolina,Como
North Carolina,Concord
North Carolina,Connelly Springs
North Carolina,Conover
North Carolina,Conway
North Carolina,Cooleemee
North Carolina,Corapeake
North Carolina,Cordova
North Carolina,Cornelius
North Carolina,Corolla
North Carolina,Cove City
North Carolina,Cramerton
North Carolina,Creedmoor
North Carolina,Creston
North Carolina,Creswell
North Carolina,Crossnore
North Carolina,Crouse
North Carolina,Crumpler
North Carolina,Cullowhee
North Carolina,Currie
North Carolina,Currituck
North Carolina,Dallas
North Carolina,Danbury
North Carolina,Davidson
North Carolina,Davis
North Carolina,Deep Gap
North Carolina,Deep Run
North Carolina,Delco
North Carolina,Denton
North Carolina,Denver
North Carolina,Dillsboro
North Carolina,Dover
North Carolina,Drexel
North Carolina,Duck
North Carolina,Dudley
North Carolina,Dunn
North Carolina,Durham
North Carolina,Eagle Springs
North Carolina,East Bend
North Carolina,East Flat Rock
North Carolina,East Lake
North Carolina,East Spencer
North Carolina,Eastover
North Carolina,Eden
North Carolina,Edenton
North Carolina,Edward
North Carolina,Efland
North Carolina,Elizabeth City
North Carolina,Elizabethtown
North Carolina,Elk Park
North Carolina,Elkin
North Carolina,Ellenboro
North Carolina,Ellerbe
North Carolina,Elm City
North Carolina,Elon
North Carolina,Emerald Isle
North Carolina,Enfield
North Carolina,Engelhard
North Carolina,Ennice
North Carolina,Ernul
North Carolina,Erwin
North Carolina,Etowah
North Carolina,Eure
North Carolina,Everetts
North Carolina,Evergreen
North Carolina,Fair Bluff
North Carolina,Fairmont
North Carolina,Fairview
North Carolina,Faison
North Carolina,Fallston
North Carolina,Farmville
North Carolina,Fayetteville
North Carolina,Ferguson
North Carolina,Flat Rock
North Carolina,Fleetwood
North Carolina,Fletcher
North Carolina,Forest City
North Carolina,Fountain
North Carolina,Four Oaks
North Carolina,Foxfire village
North Carolina,Franklin
North Carolina,Franklinton
North Carolina,Fremont
North Carolina,Frisco
North Carolina,Fuquay Varina
North Carolina,Garland
North Carolina,Garner
North Carolina,Garysburg
North Carolina,Gaston
North Carolina,Gastonia
North Carolina,Gates
North Carolina,Gerton
North Carolina,Gibson
North Carolina,Gibsonville
North Carolina,Glade Valley
North Carolina,Glen Alpine
North Carolina,Glendale Springs
North Carolina,Glenville
North Carolina,Gloucester
North Carolina,Godwin
North Carolina,Gold Hill
North Carolina,Goldsboro
North Carolina,Graham
North Carolina,Grandy
North Carolina,Granite Falls
North Carolina,Granite Quarry
North Carolina,Grantsboro
North Carolina,Grassy Creek
North Carolina,Green Mountain
North Carolina,Greenevers
North Carolina,Greensboro
North Carolina,Greenville
North Carolina,Grifton
North Carolina,Grimesland
North Carolina,Grover
North Carolina,Halifax
North Carolina,Hallsboro
North Carolina,Hamilton
North Carolina,Hamlet
North Carolina,Hampstead
North Carolina,Hamptonville
North Carolina,Harbinger
North Carolina,Harkers Island
North Carolina,Harmony
North Carolina,Harrells
North Carolina,Harrellsville
North Carolina,Harrisburg
North Carolina,Hassell
North Carolina,Hatteras
North Carolina,Havelock
North Carolina,Haw River
North Carolina,Hayesville
North Carolina,Hays
North Carolina,Henderson
North Carolina,Hendersonville
North Carolina,Henrico
North Carolina,Hertford
North Carolina,Hickory
North Carolina,Hiddenite
North Carolina,High Point
North Carolina,High Shoals
North Carolina,Hildebran
North Carolina,Hillsborough
North Carolina,Hobbsville
North Carolina,Hobgood
North Carolina,Hobucken
North Carolina,Hoffman
North Carolina,Holden Beach
North Carolina,Hollister
North Carolina,Holly Ridge
North Carolina,Holly Springs
North Carolina,Hookerton
North Carolina,Hope Mills
North Carolina,Horse Shoe
North Carolina,Hot Springs
North Carolina,Hubert
North Carolina,Hudson
North Carolina,Huntersville
North Carolina,Hurdle Mills
North Carolina,Indian Beach
North Carolina,Indian Trail
North Carolina,Iron Station
North Carolina,Ivanhoe
North Carolina,Jackson
North Carolina,Jackson Springs
North Carolina,Jacksonville
North Carolina,Jamesville
North Carolina,Jarvisburg
North Carolina,Jefferson
North Carolina,Jonesville
North Carolina,Kannapolis
North Carolina,Kelford
North Carolina,Kelly
North Carolina,Kenansville
North Carolina,Kenly
North Carolina,Kill Devil Hills
North Carolina,Kings Mountain
North Carolina,Kinston
North Carolina,Kittrell
North Carolina,Kitty Hawk
North Carolina,Knightdale
North Carolina,Knotts Island
North Carolina,Kure Beach
North Carolina,La Grange
North Carolina,Lake Junaluska
North Carolina,Lake Lure
North Carolina,Lake Toxaway
North Carolina,Lake Waccamaw
North Carolina,Landis
North Carolina,Lansing
North Carolina,Laurel Hill
North Carolina,Laurel Park
North Carolina,Laurel Springs
North Carolina,Laurinburg
North Carolina,Lawndale
North Carolina,Leasburg
North Carolina,Leicester
North Carolina,Leland
North Carolina,Lenoir
North Carolina,Lewiston
North Carolina,Lexington
North Carolina,Lilesville
North Carolina,Lillington
North Carolina,Lincolnton
North Carolina,Linden
North Carolina,Linville
North Carolina,Linville Falls
North Carolina,Linwood
North Carolina,Little Switzerland
North Carolina,Littleton
North Carolina,Locust
North Carolina,Longwood
North Carolina,Louisburg
North Carolina,Lowell
North Carolina,Lowland
North Carolina,Lucama
North Carolina,Lumber Bridge
North Carolina,Lumberton
North Carolina,Macclesfield
North Carolina,Macon
North Carolina,Maggie Valley
North Carolina,Magnolia
North Carolina,Maiden
North Carolina,Manns Harbor
North Carolina,Manson
North Carolina,Manteo
North Carolina,Maple
North Carolina,Maple Hill
North Carolina,Marble
North Carolina,Marion
North Carolina,Mars Hill
North Carolina,Marshall
North Carolina,Marshallberg
North Carolina,Marshville
North Carolina,Marston
North Carolina,Marvin
North Carolina,Matthews
North Carolina,Maxton
North Carolina,Maysville
North Carolina,McAdenville
North Carolina,Mebane
North Carolina,Merritt
North Carolina,Merry Hill
North Carolina,Mesic
North Carolina,Micro
North Carolina,Middlesex
North Carolina,Midland
North Carolina,Midway Park
North Carolina,Mill Spring
North Carolina,Millers Creek
North Carolina,Mills River
North Carolina,Milton
North Carolina,Minneapolis
North Carolina,Minnesott Beach
North Carolina,Mint Hill
North Carolina,Mocksville
North Carolina,Moncure
North Carolina,Monroe
North Carolina,Montreat
North Carolina,Mooresboro
North Carolina,Mooresville
North Carolina,Moravian Falls
North Carolina,Morehead City
North Carolina,Morganton
North Carolina,Morrisville
North Carolina,Morven
North Carolina,Mount Airy
North Carolina,Mount Gilead
North Carolina,Mount Holly
North Carolina,Mount Olive
North Carolina,Mount Pleasant
North Carolina,Mount Ulla
North Carolina,Moyock
North Carolina,Murfreesboro
North Carolina,Murphy
North Carolina,Nags Head
North Carolina,Nakina
North Carolina,Nashville
North Carolina,Nebo
North Carolina,New Bern
North Carolina,New London
North Carolina,Newland
North Carolina,Newport
North Carolina,Newton
North Carolina,Newton Grove
North Carolina,Norlina
North Carolina,North Topsail Beach
North Carolina,North Wilkesboro
North Carolina,Norwood
North Carolina,Oak City
North Carolina,Oak Island
North Carolina,Oakboro
North Carolina,Ocean Isle Beach
North Carolina,Ocracoke
North Carolina,Old Fort
North Carolina,Olin
North Carolina,Oriental
North Carolina,Otto
North Carolina,Otway
North Carolina,Oxford
North Carolina,Pageland
North Carolina,Pantego
North Carolina,Parkton
North Carolina,Peachland
North Carolina,Peletier
North Carolina,Pembroke
North Carolina,Penrose
North Carolina,Pfafftown
North Carolina,Pikeville
North Carolina,Pine Knoll Shores
North Carolina,Pine Level
North Carolina,Pinebluff
North Carolina,Pinehurst
North Carolina,Pinetops
North Carolina,Pinetown
North Carolina,Pineville
North Carolina,Piney Creek
North Carolina,Pink Hill
North Carolina,Pisgah Forest
North Carolina,Pittsboro
North Carolina,Pleasant Hill
North Carolina,Plymouth
North Carolina,Polkton
North Carolina,Pollocksville
North Carolina,Poplar Branch
North Carolina,Powells Point
North Carolina,Princeton
North Carolina,Princeville
North Carolina,Providence
North Carolina,Purlear
North Carolina,Raeford
North Carolina,Raleigh
North Carolina,Randleman
North Carolina,Red Oak
North Carolina,Red Springs
North Carolina,Reidsville
North Carolina,Rich Square
North Carolina,Richfield
North Carolina,Richlands
North Carolina,Riegelwood
North Carolina,River Bend
North Carolina,Roanoke Rapids
North Carolina,Roaring Gap
North Carolina,Roaring River
North Carolina,Robbins
North Carolina,Robbinsville
North Carolina,Robersonville
North Carolina,Rockingham
North Carolina,Rockwell
North Carolina,Rocky Mount
North Carolina,Rocky Point
North Carolina,Rodanthe
North Carolina,Rolesville
North Carolina,Ronda
North Carolina,Roper
North Carolina,Rose Hill
North Carolina,Roseboro
North Carolina,Rosman
North Carolina,Rougemont
North Carolina,Rowland
North Carolina,Roxboro
North Carolina,Rutherford College
North Carolina,Rutherfordton
North Carolina,Saint Pauls
North Carolina,Salemburg
North Carolina,Salisbury
North Carolina,Salter Path
North Carolina,Saluda
North Carolina,Salvo
North Carolina,Sanford
North Carolina,Sapphire
North Carolina,Saratoga
North Carolina,Saxapahaw
North Carolina,Scaly Mountain
North Carolina,Scotland Neck
North Carolina,Scottville
North Carolina,Scranton
North Carolina,Sealevel
North Carolina,Selma
North Carolina,Semora
North Carolina,Seven Devils
North Carolina,Seven Springs
North Carolina,Shallotte
North Carolina,Shannon
North Carolina,Sharpsburg
North Carolina,Shawboro
North Carolina,Shelby
North Carolina,Sherrills Ford
North Carolina,Shiloh
North Carolina,Siler City
North Carolina,Simpson
North Carolina,Sims
North Carolina,Smithfield
North Carolina,Sneads Ferry
North Carolina,Snow Camp
North Carolina,Snow Hill
North Carolina,South Mills
North Carolina,Southern Pines
North Carolina,Southern Shores
North Carolina,Southport
North Carolina,Sparta
North Carolina,Spencer
North Carolina,Spindale
North Carolina,Spring Hope
North Carolina,Spring Lake
North Carolina,Spruce Pine
North Carolina,Stacy
North Carolina,Stallings
North Carolina,Stanfield
North Carolina,Stanley
North Carolina,Stantonsburg
North Carolina,Star
North Carolina,Statesville
North Carolina,Stedman
North Carolina,Stella
North Carolina,Stem
North Carolina,Stokes
North Carolina,Stonewall
North Carolina,Stony Point
North Carolina,Stovall
North Carolina,Stumpy Point
North Carolina,Sugar Grove
North Carolina,Sugar Mountain
North Carolina,Sunbury
North Carolina,Sunset Beach
North Carolina,Supply
North Carolina,Surf City
North Carolina,Swannanoa
North Carolina,Swanquarter
North Carolina,Swansboro
North Carolina,Sylva
North Carolina,Tabor City
North Carolina,Tar Heel
North Carolina,Tarboro
North Carolina,Taylorsville
North Carolina,Teachey
North Carolina,Terrell
North Carolina,Thomasville
North Carolina,Timberlake
North Carolina,Todd
North Carolina,Topsail Beach
North Carolina,Topton
North Carolina,Traphill
North Carolina,Trent Woods
North Carolina,Trenton
North Carolina,Troutman
North Carolina,Troy
North Carolina,Tryon
North Carolina,Tuckasegee
North Carolina,Turkey
North Carolina,Tyner
North Carolina,Tyro
North Carolina,Union Mills
North Carolina,Valdese
North Carolina,Vale
North Carolina,Vanceboro
North Carolina,Vandemere
North Carolina,Varnamtown
North Carolina,Vass
North Carolina,Vilas
North Carolina,Wade
North Carolina,Wadesboro
North Carolina,Wagram
North Carolina,Wake Forest
North Carolina,Wallace
North Carolina,Walstonburg
North Carolina,Wanchese
North Carolina,Warne
North Carolina,Warrensville
North Carolina,Warrenton
North Carolina,Warsaw
North Carolina,Washington
North Carolina,Watha
North Carolina,Waves
North Carolina,Waxhaw
North Carolina,Waynesville
North Carolina,Weaverville
North Carolina,Weddington
North Carolina,Weldon
North Carolina,Wendell
North Carolina,Wesley Chapel
North Carolina,West End
North Carolina,West Jefferson
North Carolina,Whispering Pines
North Carolina,Whitakers
North Carolina,White Lake
North Carolina,Whiteville
North Carolina,Whitsett
North Carolina,Whittier
North Carolina,Wilkesboro
North Carolina,Willard
North Carolina,Williamston
North Carolina,Williston
North Carolina,Willow Spring
North Carolina,Wilmington
North Carolina,Wilson
North Carolina,Windsor
North Carolina,Wingate
North Carolina,Winnabow
North Carolina,Winston Salem
North Carolina,Winterville
North Carolina,Winton
North Carolina,Woodfin
North Carolina,Woodland
North Carolina,Woodleaf
North Carolina,Wrightsville Beach
North Carolina,Yadkinville
North Carolina,Yanceyville
North Carolina,Youngsville
North Carolina,Zebulon
North Carolina,Zionville
North Carolina,Zirconia
North Dakota,Abercrombie
North Dakota,Alexander
North Dakota,Almont
North Dakota,Anamoose
North Dakota,Argusville
North Dakota,Arnegard
North Dakota,Arvilla
North Dakota,Barney
North Dakota,Beach
North Dakota,Belfield
North Dakota,Benedict
North Dakota,Beulah
North Dakota,Bismarck
North Dakota,Bottineau
North Dakota,Bowbells
North Dakota,Bowman
North Dakota,Braddock
North Dakota,Buchanan
North Dakota,Burlington
North Dakota,Butte
North Dakota,Buxton
North Dakota,Cando
North Dakota,Carpio
North Dakota,Carrington
North Dakota,Casselton
North Dakota,Cavalier
North Dakota,Center
North Dakota,Coleharbor
North Dakota,Colfax
North Dakota,Columbus
North Dakota,Cooperstown
North Dakota,Courtenay
North Dakota,Crosby
North Dakota,Dazey
North Dakota,Devils Lake
North Dakota,Dickinson
North Dakota,Dore
North Dakota,Douglas
North Dakota,Drake
North Dakota,Drayton
North Dakota,Edgeley
North Dakota,Edinburg
North Dakota,Ellendale
North Dakota,Epping
North Dakota,Fairview
North Dakota,Fargo
North Dakota,Fessenden
North Dakota,Fingal
North Dakota,Flasher
North Dakota,Forbes
North Dakota,Garrison
North Dakota,Gilby
North Dakota,Glen Ullin
North Dakota,Glenburn
North Dakota,Golden Valley
North Dakota,Golva
North Dakota,Goodrich
North Dakota,Grafton
North Dakota,Grand Forks
North Dakota,Grenora
North Dakota,Halliday
North Dakota,Hankinson
North Dakota,Harvey
North Dakota,Harwood
North Dakota,Hazelton
North Dakota,Hazen
North Dakota,Hebron
North Dakota,Hettinger
North Dakota,Hickson
North Dakota,Hillsboro
North Dakota,Hoople
North Dakota,Horace
North Dakota,Hunter
North Dakota,Jamestown
North Dakota,Kathryn
North Dakota,Kenmare
North Dakota,Killdeer
North Dakota,Kindred
North Dakota,Kulm
North Dakota,Lake Metigoshe
North Dakota,Lamoure
North Dakota,Langdon
North Dakota,Lansford
North Dakota,Larimore
North Dakota,Leonard
North Dakota,Lincoln
North Dakota,Linton
North Dakota,Lisbon
North Dakota,Litchville
North Dakota,Mandan
North Dakota,Mapleton
North Dakota,Max
North Dakota,Mayville
North Dakota,Menoken
North Dakota,Mercer
North Dakota,Milnor
North Dakota,Minot
North Dakota,Mohall
North Dakota,Mott
North Dakota,Mylo
North Dakota,New England
North Dakota,New Leipzig
North Dakota,New Rockford
North Dakota,New Salem
North Dakota,New Town
North Dakota,Newburg
North Dakota,Northwood
North Dakota,Oakes
North Dakota,Oriska
North Dakota,Oxbow
North Dakota,Page
North Dakota,Palermo
North Dakota,Park River
North Dakota,Parshall
North Dakota,Pembina
North Dakota,Pisek
North Dakota,Plaza
North Dakota,Portland
North Dakota,Powers Lake
North Dakota,Ray
North Dakota,Reeder
North Dakota,Reynolds
North Dakota,Richardton
North Dakota,Riverdale
North Dakota,Rogers
North Dakota,Rolette
North Dakota,Rolla
North Dakota,Ross
North Dakota,Rugby
North Dakota,Saint Michael
North Dakota,Sawyer
North Dakota,Selfridge
North Dakota,Sherwood
North Dakota,Sheyenne
North Dakota,South Heart
North Dakota,Stanley
North Dakota,Stanton
North Dakota,Steele
North Dakota,Sterling
North Dakota,Strasburg
North Dakota,Surrey
North Dakota,Taylor
North Dakota,Thompson
North Dakota,Tioga
North Dakota,Tolley
North Dakota,Tower City
North Dakota,Towner
North Dakota,Trenton
North Dakota,Turtle Lake
North Dakota,Underwood
North Dakota,Upham
North Dakota,Valley City
North Dakota,Velva
North Dakota,Wahpeton
North Dakota,Walcott
North Dakota,Walhalla
North Dakota,Washburn
North Dakota,Watford City
North Dakota,West Fargo
North Dakota,Westhope
North Dakota,Wildrose
North Dakota,Williston
North Dakota,Wilton
North Dakota,Wimbledon
North Dakota,Wing
North Dakota,Wishek
North Dakota,Wyndmere
North Dakota,Ypsilanti
Ohio,Aberdeen
Ohio,Ada
Ohio,Adams Township
Ohio,Adamsville
Ohio,Addyston
Ohio,Adena
Ohio,Akron
Ohio,Albany
Ohio,Alexandria
Ohio,Alger
Ohio,Alliance
Ohio,Alvada
Ohio,Alvordton
Ohio,Amanda
Ohio,Amberley
Ohio,Amherst
Ohio,Amsterdam
Ohio,Anderson Township
Ohio,Andover
Ohio,Anna
Ohio,Ansonia
Ohio,Antwerp
Ohio,Apple Creek
Ohio,Arcadia
Ohio,Arcanum
Ohio,Archbold
Ohio,Arlington
Ohio,Ashland
Ohio,Ashley
Ohio,Ashtabula
Ohio,Ashville
Ohio,Athens
Ohio,Attica
Ohio,Atwater
Ohio,Aurora
Ohio,Austinburg
Ohio,Austintown
Ohio,Avon
Ohio,Avon Lake
Ohio,Bainbridge
Ohio,Baltic
Ohio,Baltimore
Ohio,Barberton
Ohio,Barnesville
Ohio,Barton
Ohio,Bascom
Ohio,Batavia
Ohio,Batavia Township
Ohio,Bath
Ohio,Bay Village
Ohio,Bazetta
Ohio,Beach City
Ohio,Beachwood
Ohio,Beallsville
Ohio,Beaver
Ohio,Beavercreek
Ohio,Beavercreek Township
Ohio,Beaverdam
Ohio,Bedford
Ohio,Bedford Heights
Ohio,Bellaire
Ohio,Bellbrook
Ohio,Belle Center
Ohio,Bellefontaine
Ohio,Bellevue
Ohio,Bellville
Ohio,Belmont
Ohio,Beloit
Ohio,Belpre
Ohio,Benton Ridge
Ohio,Berea
Ohio,Bergholz
Ohio,Berkey
Ohio,Berlin Center
Ohio,Berlin Heights
Ohio,Bethel
Ohio,Bethel Township
Ohio,Bethesda
Ohio,Bettsville
Ohio,Beverly
Ohio,Bexley
Ohio,Bidwell
Ohio,Big Prairie
Ohio,Blacklick
Ohio,Blanchester
Ohio,Blissfield
Ohio,Bloomdale
Ohio,Bloomingburg
Ohio,Bloomingdale
Ohio,Bloomville
Ohio,Blue Ash
Ohio,Blue Creek
Ohio,Blue Rock
Ohio,Bluffton
Ohio,Boardman
Ohio,Bolivar
Ohio,Boston Heights
Ohio,Botkins
Ohio,Bowerston
Ohio,Bowersville Vlg
Ohio,Bowling Green
Ohio,Bradford
Ohio,Bradner
Ohio,Bratenahl
Ohio,Bratton Township
Ohio,Brecksville
Ohio,Bremen
Ohio,Brewster
Ohio,Brice
Ohio,Bridgeport
Ohio,Brilliant
Ohio,Brimfield
Ohio,Brinkhaven
Ohio,Bristolville
Ohio,Broadview Heights
Ohio,Broadway
Ohio,Brook Park
Ohio,Brookfield
Ohio,Brooklyn
Ohio,Brooklyn Heights
Ohio,Brookville
Ohio,Brownsville
Ohio,Brunswick
Ohio,Brunswick Hills
Ohio,Brushcreek Township
Ohio,Bryan
Ohio,Buckeye Lake
Ohio,Bucyrus
Ohio,Buffalo
Ohio,Burbank
Ohio,Burghill
Ohio,Burgoon
Ohio,Burton
Ohio,Butler
Ohio,Butler Township
Ohio,Byesville
Ohio,Byrd Township
Ohio,Cable
Ohio,Cadiz
Ohio,Caesarcreek Township
Ohio,Cairo
Ohio,Calcutta
Ohio,Caldwell
Ohio,Caledonia
Ohio,Cambridge
Ohio,Camden
Ohio,Cameron
Ohio,Campbell
Ohio,Canal Fulton
Ohio,Canal Winchester
Ohio,Canfield
Ohio,Canton
Ohio,Cardington
Ohio,Carey
Ohio,Carlisle
Ohio,Carroll
Ohio,Carrollton
Ohio,Casstown
Ohio,Castalia
Ohio,Castine
Ohio,Catawba
Ohio,Cecil
Ohio,Cedarville
Ohio,Celina
Ohio,Centerburg
Ohio,Centerville
Ohio,Chagrin Falls
Ohio,Champion
Ohio,Chandlersville
Ohio,Chardon
Ohio,Charlestown
Ohio,Chatfield
Ohio,Cherry Valley
Ohio,Chesapeake
Ohio,Chester Township
Ohio,Chesterhill
Ohio,Chesterland
Ohio,Cheviot
Ohio,Chickasaw
Ohio,Chillicothe
Ohio,Chilo
Ohio,Chippewa Lake
Ohio,Christiansburg
Ohio,Cincinnati
Ohio,Circle
Ohio,Circleville
Ohio,Clarington
Ohio,Clark Township
Ohio,Clarksburg
Ohio,Clay Center
Ohio,Clay Township
Ohio,Clayton
Ohio,Clearcreek Township
Ohio,Cleveland
Ohio,Cleveland Heights
Ohio,Cleves
Ohio,Clinton
Ohio,Cloverdale
Ohio,Clyde
Ohio,Coal Grove
Ohio,Coldwater
Ohio,Colerain
Ohio,Colerain Township
Ohio,College Corner
Ohio,Collins
Ohio,Columbia Station
Ohio,Columbia Township
Ohio,Columbiana
Ohio,Columbus
Ohio,Columbus Grove
Ohio,Commercial Point
Ohio,Concord
Ohio,Concord Township
Ohio,Conesville
Ohio,Conneaut
Ohio,Conover
Ohio,Continental
Ohio,Convoy
Ohio,Coolville
Ohio,Copley
Ohio,Corning
Ohio,Cortland
Ohio,Corwin Vlg
Ohio,Coshocton
Ohio,Coventry Township
Ohio,Covington
Ohio,Crestline
Ohio,Creston
Ohio,Cridersville
Ohio,Crooksville
Ohio,Crosby Township
Ohio,Croton
Ohio,Crown City
Ohio,Crystal Lakes
Ohio,Cumberland
Ohio,Curtice
Ohio,Custar
Ohio,Cutler
Ohio,Cuyahoga Falls
Ohio,Cygnet
Ohio,Dalton
Ohio,Danbury
Ohio,Danville
Ohio,Dayton
Ohio,De Graff
Ohio,Deer Park
Ohio,Deerfield
Ohio,Deerfield Township
Ohio,Defiance
Ohio,Delaware
Ohio,Delhi Township
Ohio,Dellroy
Ohio,Delphos
Ohio,Delta
Ohio,Dennison
Ohio,Deshler
Ohio,Dexter City
Ohio,Diamond
Ohio,Dillonvale
Ohio,Dodson Township
Ohio,Donnelsville
Ohio,Dorset
Ohio,Dover
Ohio,Doylestown
Ohio,Dresden
Ohio,Dublin
Ohio,Duncan Falls
Ohio,Dundee
Ohio,Dunkirk
Ohio,Eagle Township
Ohio,East Canton
Ohio,East Cleveland
Ohio,East Liberty
Ohio,East Liverpool
Ohio,East Palestine
Ohio,East Rochester
Ohio,East Sparta
Ohio,Eastlake
Ohio,Eaton
Ohio,Edgerton
Ohio,Edison
Ohio,Edon
Ohio,Eldorado
Ohio,Elida
Ohio,Elmore
Ohio,Elmwood Place
Ohio,Elyria
Ohio,Englewood
Ohio,Enon
Ohio,Enon Vlg
Ohio,Etna
Ohio,Euclid
Ohio,Evendale
Ohio,Fairborn
Ohio,Fairfax
Ohio,Fairfield
Ohio,Fairfield Township
Ohio,Fairlawn
Ohio,Fairport Harbor
Ohio,Fairview
Ohio,Fairview Park
Ohio,Farmdale
Ohio,Farmersville
Ohio,Fayette
Ohio,Felicity
Ohio,Findlay
Ohio,Flat Rock
Ohio,Fleming
Ohio,Fletcher
Ohio,Flushing
Ohio,Forest
Ohio,Forest Park
Ohio,Fort Jennings
Ohio,Fort Loramie
Ohio,Fort Recovery
Ohio,Fostoria
Ohio,Fowler
Ohio,Frankfort
Ohio,Franklin
Ohio,Franklin Furnace
Ohio,Franklin Township
Ohio,Frazeysburg
Ohio,Fredericksburg
Ohio,Fredericktown
Ohio,Freeport
Ohio,Fremont
Ohio,Fresno
Ohio,Fulton
Ohio,Gahanna
Ohio,Galena
Ohio,Galion
Ohio,Gallipolis
Ohio,Galloway
Ohio,Gambier
Ohio,Garfield Heights
Ohio,Garrettsville
Ohio,Gates Mills
Ohio,Geneva
Ohio,Geneva On The Lake
Ohio,Genoa
Ohio,Georgetown
Ohio,German Township
Ohio,Germantown
Ohio,Gettysburg
Ohio,Gibsonburg
Ohio,Girard
Ohio,Glencoe
Ohio,Glendale
Ohio,Glenford
Ohio,Glenmont
Ohio,Glenwillow
Ohio,Glouster
Ohio,Gnadenhutten
Ohio,Golf Manor
Ohio,Goshen Township
Ohio,Grafton
Ohio,Grand Rapids
Ohio,Grand River
Ohio,Grandview
Ohio,Grandview Heights
Ohio,Granville
Ohio,Gratiot
Ohio,Gratis
Ohio,Gratis Township
Ohio,Graysville
Ohio,Graytown
Ohio,Green
Ohio,Green Camp
Ohio,Green Springs
Ohio,Green Township
Ohio,Greenfield
Ohio,Greenhills
Ohio,Greenville
Ohio,Greenwich
Ohio,Grove City
Ohio,Groveport
Ohio,Grover Hill
Ohio,Gypsum
Ohio,Hamden
Ohio,Hamer Township
Ohio,Hamersville
Ohio,Hamilton
Ohio,Hamilton Township
Ohio,Hamler
Ohio,Hammondsville
Ohio,Hanover Township
Ohio,Hanoverton
Ohio,Harlan Township
Ohio,Harmony Township
Ohio,Harrisburg
Ohio,Harrison
Ohio,Harrison Township
Ohio,Harrod
Ohio,Hartville
Ohio,Harveysburg
Ohio,Haskins
Ohio,Haydenville
Ohio,Hayesville
Ohio,Heath
Ohio,Hebron
Ohio,Helena
Ohio,Hicksville
Ohio,Highland
Ohio,Highland Heights
Ohio,Highland Hills
Ohio,Hilliard
Ohio,Hillsboro
Ohio,Hinckley
Ohio,Hiram
Ohio,Holgate
Ohio,Holland
Ohio,Hollansburg
Ohio,Homerville
Ohio,Homeworth
Ohio,Hopedale
Ohio,Hopewell
Ohio,Houston
Ohio,Howard
Ohio,Howland
Ohio,Hubbard
Ohio,Huber Heights
Ohio,Hudson
Ohio,Huntsburg
Ohio,Huntsville
Ohio,Huron
Ohio,Independence
Ohio,Indian Hill
Ohio,Irondale
Ohio,Ironton
Ohio,Jackson
Ohio,Jackson Center
Ohio,Jackson Township
Ohio,Jacksontown
Ohio,Jacobsburg
Ohio,Jamestown
Ohio,Jefferson
Ohio,Jefferson Township
Ohio,Jeffersonville
Ohio,Jenera
Ohio,Jeromesville
Ohio,Jerry City
Ohio,Jerusalem
Ohio,Jewett
Ohio,Johnstown
Ohio,Junction City
Ohio,Kalida
Ohio,Kansas
Ohio,Kelleys Island
Ohio,Kensington
Ohio,Kent
Ohio,Kenton
Ohio,Kettering
Ohio,Kettlersville
Ohio,Kimbolton
Ohio,Kingston
Ohio,Kingsville
Ohio,Kinsman
Ohio,Kipton
Ohio,Kirtland
Ohio,Kitts Hill
Ohio,Kunkle
Ohio,La Rue
Ohio,Lafayette
Ohio,Lafferty
Ohio,Lagrange
Ohio,Lake Milton
Ohio,Lakemore
Ohio,Lakengren
Ohio,Lakeside
Ohio,Lakeside Marblehead
Ohio,Lakeview
Ohio,Lakeville
Ohio,Lakewood
Ohio,Lancaster
Ohio,Langsville
Ohio,Lanier Township
Ohio,Lansing
Ohio,Latham
Ohio,Laura
Ohio,Laurelville
Ohio,Leavittsburg
Ohio,Lebanon
Ohio,Leesburg
Ohio,Leesville
Ohio,Leetonia
Ohio,Leipsic
Ohio,Lemon Township
Ohio,Leroy
Ohio,Lewis Center
Ohio,Lewis Township
Ohio,Lewisburg
Ohio,Lewistown
Ohio,Lewisville
Ohio,Lexington
Ohio,Liberty Center
Ohio,Liberty Township
Ohio,Lima
Ohio,Limaville
Ohio,Lincoln Heights
Ohio,Lindsey
Ohio,Linndale
Ohio,Lisbon
Ohio,Litchfield
Ohio,Little Hocking
Ohio,Lockbourne
Ohio,Lockland
Ohio,Lodi
Ohio,Logan
Ohio,London
Ohio,Long Bottom
Ohio,Lorain
Ohio,Lordstown
Ohio,Lore City
Ohio,Loudonville
Ohio,Louisville
Ohio,Loveland
Ohio,Lowell
Ohio,Lowellville
Ohio,Lucas
Ohio,Lucasville
Ohio,Luckey
Ohio,Ludlow Falls
Ohio,Lynchburg
Ohio,Lyndhurst
Ohio,Lyons
Ohio,Macedonia
Ohio,Mad River Township
Ohio,Madeira
Ohio,Madison
Ohio,Madison Township
Ohio,Magnetic Springs
Ohio,Magnolia
Ohio,Maineville
Ohio,Malinta
Ohio,Malta
Ohio,Malvern
Ohio,Manchester
Ohio,Mansfield
Ohio,Mantua
Ohio,Maple Heights
Ohio,Maplewood
Ohio,Marble Cliff
Ohio,Marblehead
Ohio,Marengo
Ohio,Mariemont
Ohio,Marietta
Ohio,Marion
Ohio,Marion Township
Ohio,Marshallville
Ohio,Martins Ferry
Ohio,Marysville
Ohio,Mason
Ohio,Massie Township
Ohio,Massillon
Ohio,Masury
Ohio,Maumee
Ohio,Mayfield Heights
Ohio,Mayfield Village
Ohio,Mayfield village
Ohio,McArthur
Ohio,McClure
Ohio,McComb
Ohio,McConnelsville
Ohio,McCutchenville
Ohio,McDermott
Ohio,McDonald
Ohio,Mechanicsburg
Ohio,Mechanicstown
Ohio,Medina
Ohio,Medway
Ohio,Meigs Township
Ohio,Mendon
Ohio,Mentor
Ohio,Mentor On The Lake
Ohio,Metamora
Ohio,Miami Township
Ohio,Miamisburg
Ohio,Middle Bass Island
Ohio,Middle Point
Ohio,Middlebranch
Ohio,Middleburg
Ohio,Middleburg Heights
Ohio,Middlefield
Ohio,Middleport
Ohio,Middletown
Ohio,Milan
Ohio,Milford
Ohio,Milford Center
Ohio,Milford Township
Ohio,Millbury
Ohio,Millersburg
Ohio,Millersport
Ohio,Milton Center
Ohio,Mineral City
Ohio,Mineral Ridge
Ohio,Minerva
Ohio,Minford
Ohio,Mingo Junction
Ohio,Minster
Ohio,Mogadore
Ohio,Monclova
Ohio,Monroe
Ohio,Monroeville
Ohio,Montgomery
Ohio,Montpelier
Ohio,Montville
Ohio,Moorefield Township
Ohio,Moraine
Ohio,Moreland Hills
Ohio,Morgan Township
Ohio,Morristown
Ohio,Morrow
Ohio,Mount Cory
Ohio,Mount Gilead
Ohio,Mount Healthy
Ohio,Mount Orab
Ohio,Mount Perry
Ohio,Mount Pleasant
Ohio,Mount Sterling
Ohio,Mount Vernon
Ohio,Mount Victory
Ohio,Munroe Falls
Ohio,Munson
Ohio,Napoleon
Ohio,Nashport
Ohio,Nashville
Ohio,Navarre
Ohio,Neave Township
Ohio,Neffs
Ohio,Negley
Ohio,Nelsonville
Ohio,Nevada
Ohio,New Albany
Ohio,New Bloomington
Ohio,New Boston
Ohio,New Bremen
Ohio,New Carlisle
Ohio,New Concord
Ohio,New Franklin
Ohio,New Haven
Ohio,New Holland
Ohio,New Knoxville
Ohio,New Lebanon
Ohio,New Lexington
Ohio,New London
Ohio,New Madison
Ohio,New Market Township
Ohio,New Matamoras
Ohio,New Miami
Ohio,New Middletown
Ohio,New Paris
Ohio,New Philadelphia
Ohio,New Plymouth
Ohio,New Richmond
Ohio,New Riegel
Ohio,New Springfield
Ohio,New Straitsville
Ohio,New Washington
Ohio,New Waterford
Ohio,New Weston
Ohio,Newark
Ohio,Newburgh Heights
Ohio,Newbury
Ohio,Newcomerstown
Ohio,Newport
Ohio,Newton Falls
Ohio,Newtown
Ohio,Ney
Ohio,Nile Township
Ohio,Niles
Ohio,North Baltimore
Ohio,North Bend
Ohio,North Benton
Ohio,North Bloomfield
Ohio,North Canton
Ohio,North College Hill
Ohio,North Fairfield
Ohio,North Hampton
Ohio,North Jackson
Ohio,North Kingsville
Ohio,North Lawrence
Ohio,North Lewisburg
Ohio,North Lima
Ohio,North Olmsted
Ohio,North Ridgeville
Ohio,North Robinson
Ohio,North Royalton
Ohio,Northfield
Ohio,Northfield Center
Ohio,Northfield village
Ohio,Northwood
Ohio,Norton
Ohio,Norwalk
Ohio,Norwich
Ohio,Norwood
Ohio,Nova
Ohio,Novelty
Ohio,Oak Harbor
Ohio,Oak Hill
Ohio,Oakwood
Ohio,Oakwood Village
Ohio,Oberlin
Ohio,Obetz
Ohio,Oh
Ohio,Ohio City
Ohio,Ohio Township
Ohio,Old Fort
Ohio,Olmsted Falls
Ohio,Olmsted Township
Ohio,Ontario
Ohio,Orange
Ohio,Orange village
Ohio,Oregon
Ohio,Orient
Ohio,Orrville
Ohio,Orwell
Ohio,Ostrander
Ohio,Ottawa
Ohio,Ottawa Hills
Ohio,Ottoville
Ohio,Otway
Ohio,Owensville
Ohio,Oxford
Ohio,Oxford Township
Ohio,Painesville
Ohio,Paint Township
Ohio,Pandora
Ohio,Paris
Ohio,Park Layne
Ohio,Parkman
Ohio,Parma
Ohio,Parma Heights
Ohio,Pataskala
Ohio,Patriot
Ohio,Paulding
Ohio,Paxton Township
Ohio,Payne
Ohio,Pedro
Ohio,Peebles
Ohio,Pemberton
Ohio,Pemberville
Ohio,Peninsula
Ohio,Penn Township
Ohio,Pepper Pike
Ohio,Perry
Ohio,Perry Township
Ohio,Perrysburg
Ohio,Perrysville
Ohio,Petersburg
Ohio,Phillipsburg
Ohio,Philo
Ohio,Pickerington
Ohio,Piedmont
Ohio,Pierce Township
Ohio,Pierpont
Ohio,Pike Township
Ohio,Piketon
Ohio,Pioneer
Ohio,Piqua
Ohio,Plain City
Ohio,Pleasant City
Ohio,Pleasant Hill
Ohio,Pleasantville
Ohio,Plymouth
Ohio,Poland
Ohio,Polk
Ohio,Pomeroy
Ohio,Port Clinton
Ohio,Port Jefferson
Ohio,Port Washington
Ohio,Port William
Ohio,Portland
Ohio,Portsmouth
Ohio,Powell
Ohio,Powhatan Point
Ohio,Proctorville
Ohio,Prospect
Ohio,Put in Bay
Ohio,Quaker City
Ohio,Quincy
Ohio,Racine
Ohio,Radnor
Ohio,Ravenna
Ohio,Rawson
Ohio,Ray
Ohio,Rayland
Ohio,Raymond
Ohio,Reading
Ohio,Reedsville
Ohio,Reily Township
Ohio,Reminderville
Ohio,Reno
Ohio,Republic
Ohio,Reynoldsburg
Ohio,Richfield
Ohio,Richmond
Ohio,Richmond Heights
Ohio,Richwood
Ohio,Ripley
Ohio,Risingsun
Ohio,Rittman
Ohio,Riverside
Ohio,Roaming Shores
Ohio,Rock Creek
Ohio,Rockbridge
Ohio,Rockford
Ohio,Rocky Ridge
Ohio,Rocky River
Ohio,Rogers
Ohio,Rome
Ohio,Rootstown
Ohio,Roseville
Ohio,Rosewood
Ohio,Ross Township
Ohio,Rossburg
Ohio,Rossford
Ohio,Roundhead
Ohio,Rudolph
Ohio,Rushsylvania
Ohio,Rushville
Ohio,Russell
Ohio,Russells Point
Ohio,Russia
Ohio,Sabina
Ohio,Sagamore Hills
Ohio,Saint Bernard
Ohio,Saint Clair
Ohio,Saint Clairsville
Ohio,Saint Henry
Ohio,Saint Louisville
Ohio,Saint Marys
Ohio,Saint Ottoville
Ohio,Saint Paris
Ohio,Salem
Ohio,Salem Township
Ohio,Salesville
Ohio,Salineville
Ohio,Sandusky
Ohio,Sandyville
Ohio,Sardinia
Ohio,Sardis
Ohio,Savannah
Ohio,Saybrook
Ohio,Scio
Ohio,Scioto Township
Ohio,Sciotoville
Ohio,Scott
Ohio,Scott Township
Ohio,Seaman
Ohio,Sebring
Ohio,Senecaville
Ohio,Seven Hills
Ohio,Seven Mile
Ohio,Seville
Ohio,Shadyside
Ohio,Shaker Heights
Ohio,Sharonville
Ohio,Sheffield
Ohio,Sheffield Lake
Ohio,Sheffield village
Ohio,Shelby
Ohio,Sherrodsville
Ohio,Sherwood
Ohio,Shiloh
Ohio,Shreve
Ohio,Sidney
Ohio,Silver Lake
Ohio,Silverton
Ohio,Smithfield
Ohio,Smithville
Ohio,Solon
Ohio,Somerdale
Ohio,Somerset
Ohio,Somerville
Ohio,South Amherst
Ohio,South Bloomfield
Ohio,South Bloomingville
Ohio,South Charleston
Ohio,South Euclid
Ohio,South Lebanon
Ohio,South Point
Ohio,South Russell
Ohio,South Salem
Ohio,South Vienna
Ohio,South Webster
Ohio,Southington
Ohio,Spencer
Ohio,Spencerville
Ohio,Sprigg Township
Ohio,Spring Valley
Ohio,Spring Valley Township
Ohio,Springboro
Ohio,Springdale
Ohio,Springfield
Ohio,Springfield Township
Ohio,Sterling
Ohio,Sterling Township
Ohio,Steubenville
Ohio,Stewartsville
Ohio,Stockport
Ohio,Stone Creek
Ohio,Stonelick Township
Ohio,Stout
Ohio,Stoutsville
Ohio,Stow
Ohio,Strasburg
Ohio,Stratton
Ohio,Streetsboro
Ohio,Strongsville
Ohio,Struthers
Ohio,Stryker
Ohio,Sugar Grove
Ohio,Sugarcreek
Ohio,Sugarcreek Township
Ohio,Sullivan
Ohio,Summerfield
Ohio,Sunbury
Ohio,Swanton
Ohio,Sycamore
Ohio,Sycamore Township
Ohio,Sylvania
Ohio,Symmes Township
Ohio,Syracuse
Ohio,Tallmadge
Ohio,Tate Township
Ohio,Terrace Park
Ohio,The Plains
Ohio,Thompson
Ohio,Thornville
Ohio,Thurston
Ohio,Tiffin
Ohio,Tiffin Township
Ohio,Tiltonsville
Ohio,Timberlake
Ohio,Tipp City
Ohio,Tippecanoe
Ohio,Toledo
Ohio,Tontogany
Ohio,Toronto
Ohio,Tremont City
Ohio,Trenton
Ohio,Trinway
Ohio,Trotwood
Ohio,Troy
Ohio,Trumbull
Ohio,Tuppers Plains
Ohio,Turtle Creek Township
Ohio,Tuscarawas
Ohio,Twin Township
Ohio,Twinsburg
Ohio,Uhrichsville
Ohio,Union
Ohio,Union City
Ohio,Union Township
Ohio,Uniontown
Ohio,University Heights
Ohio,Upper Arlington
Ohio,Upper Sandusky
Ohio,Urbana
Ohio,Urbancrest
Ohio,Utica
Ohio,Valley City
Ohio,Valleyview
Ohio,Van Buren
Ohio,Van Wert
Ohio,Vandalia
Ohio,Vermilion
Ohio,Vernon Township
Ohio,Verona
Ohio,Versailles
Ohio,Vickery
Ohio,Vienna
Ohio,Vincent
Ohio,Vinton
Ohio,Wadsworth
Ohio,Waite Hill
Ohio,Wakeman
Ohio,Walbridge
Ohio,Waldo
Ohio,Walhonding
Ohio,Walton Hills
Ohio,Wapakoneta
Ohio,Warren
Ohio,Warrensville Heights
Ohio,Warsaw
Ohio,Washington Court House
Ohio,Washington Township
Ohio,Washingtonville
Ohio,Waterford
Ohio,Waterville
Ohio,Wauseon
Ohio,Waverly
Ohio,Wayland
Ohio,Wayne
Ohio,Wayne Township
Ohio,Waynesburg
Ohio,Waynesfield
Ohio,Waynesville
Ohio,Wellington
Ohio,Wellston
Ohio,Wellsville
Ohio,West Alexandria
Ohio,West Carrollton
Ohio,West Chester
Ohio,West Farmington
Ohio,West Jefferson
Ohio,West Lafayette
Ohio,West Leipsic
Ohio,West Liberty
Ohio,West Manchester
Ohio,West Mansfield
Ohio,West Milton
Ohio,West Portsmouth
Ohio,West Salem
Ohio,West Union
Ohio,West Unity
Ohio,Westerville
Ohio,Westfield Center
Ohio,Westlake
Ohio,Weston
Ohio,Wharton
Ohio,Wheelersburg
Ohio,Whipple
Ohio,Whitehall
Ohio,Whitehouse
Ohio,Whitewater Township
Ohio,Wickliffe
Ohio,Wilkesville
Ohio,Willard
Ohio,Williamsburg
Ohio,Williamsburg Township
Ohio,Williamsfield
Ohio,Williamsport
Ohio,Williston
Ohio,Willoughby
Ohio,Willoughby Hills
Ohio,Willowick
Ohio,Willshire
Ohio,Wilmington
Ohio,Wilmot
Ohio,Winchester
Ohio,Winchester Township
Ohio,Windham
Ohio,Windsor
Ohio,Wingett Run
Ohio,Wintersville
Ohio,Woodlawn
Ohio,Woodmere
Ohio,Woodsfield
Ohio,Woodstock
Ohio,Woodville
Ohio,Wooster
Ohio,Worthington
Ohio,Wyoming
Ohio,Xenia
Ohio,Xenia Township
Ohio,Yellow Springs
Ohio,Yorkville
Ohio,Youngstown
Ohio,Zanesfield
Ohio,Zanesville
Ohio,Zoar
Ohio,Zoarville
Oklahoma,Achille
Oklahoma,Ada
Oklahoma,Adair
Oklahoma,Addington
Oklahoma,Afton
Oklahoma,Agra
Oklahoma,Albion
Oklahoma,Alex
Oklahoma,Aline
Oklahoma,Allen
Oklahoma,Altus
Oklahoma,Alva
Oklahoma,Amber
Oklahoma,Ames
Oklahoma,Anadarko
Oklahoma,Antlers
Oklahoma,Apache
Oklahoma,Arapaho
Oklahoma,Arcadia
Oklahoma,Ardmore
Oklahoma,Arkoma
Oklahoma,Arnett
Oklahoma,Atoka
Oklahoma,Barnsdall
Oklahoma,Bartlesville
Oklahoma,Beaver
Oklahoma,Beggs
Oklahoma,Bennington
Oklahoma,Bernice
Oklahoma,Bessie
Oklahoma,Bethany
Oklahoma,Big Cabin
Oklahoma,Billings
Oklahoma,Binger
Oklahoma,Bixby
Oklahoma,Blackwell
Oklahoma,Blair
Oklahoma,Blanchard
Oklahoma,Blue
Oklahoma,Bluejacket
Oklahoma,Bokchito
Oklahoma,Bokoshe
Oklahoma,Boley
Oklahoma,Boswell
Oklahoma,Bowlegs
Oklahoma,Boynton
Oklahoma,Bradley
Oklahoma,Braggs
Oklahoma,Braman
Oklahoma,Bristow
Oklahoma,Broken Arrow
Oklahoma,Broken Bow
Oklahoma,Buffalo
Oklahoma,Bunch
Oklahoma,Burbank
Oklahoma,Burlington
Oklahoma,Burneyville
Oklahoma,Burns Flat
Oklahoma,Butler
Oklahoma,Byars
Oklahoma,Cache
Oklahoma,Caddo
Oklahoma,Calera
Oklahoma,Cameron
Oklahoma,Canadian
Oklahoma,Caney
Oklahoma,Canute
Oklahoma,Carlton Landing
Oklahoma,Carnegie
Oklahoma,Carney
Oklahoma,Carrier
Oklahoma,Carter
Oklahoma,Cartwright
Oklahoma,Cashion
Oklahoma,Castle
Oklahoma,Catoosa
Oklahoma,Cement
Oklahoma,Chandler
Oklahoma,Chattanooga
Oklahoma,Checotah
Oklahoma,Chelsea
Oklahoma,Cherokee
Oklahoma,Chester
Oklahoma,Cheyenne
Oklahoma,Chickasha
Oklahoma,Choctaw
Oklahoma,Chouteau
Oklahoma,Claremore
Oklahoma,Clayton
Oklahoma,Cleo Springs
Oklahoma,Cleora
Oklahoma,Cleveland
Oklahoma,Clinton
Oklahoma,Coalgate
Oklahoma,Colbert
Oklahoma,Colcord
Oklahoma,Coleman
Oklahoma,Collinsville
Oklahoma,Colony
Oklahoma,Comanche
Oklahoma,Commerce
Oklahoma,Connerville
Oklahoma,Cookson
Oklahoma,Copan
Oklahoma,Cordell
Oklahoma,Corn
Oklahoma,Council Hill
Oklahoma,Coweta
Oklahoma,Coyle
Oklahoma,Crescent
Oklahoma,Crowder
Oklahoma,Cushing
Oklahoma,Custer City
Oklahoma,Cyril
Oklahoma,Dale
Oklahoma,Davenport
Oklahoma,Davis
Oklahoma,Del City
Oklahoma,Delaware
Oklahoma,Depew
Oklahoma,Dewar
Oklahoma,Dewey
Oklahoma,Dill City
Oklahoma,Disney
Oklahoma,Dougherty
Oklahoma,Dover
Oklahoma,Drummond
Oklahoma,Drumright
Oklahoma,Duke
Oklahoma,Duncan
Oklahoma,Durant
Oklahoma,Dustin
Oklahoma,Earlsboro
Oklahoma,Edmond
Oklahoma,El Reno
Oklahoma,Eldorado
Oklahoma,Elgin
Oklahoma,Elk City
Oklahoma,Elmore City
Oklahoma,Empire City
Oklahoma,Enid
Oklahoma,Erick
Oklahoma,Eucha
Oklahoma,Eufaula
Oklahoma,Fairfax
Oklahoma,Fairland
Oklahoma,Fairmont
Oklahoma,Fairview
Oklahoma,Fanshawe
Oklahoma,Faxon
Oklahoma,Fay
Oklahoma,Fittstown
Oklahoma,Fitzhugh
Oklahoma,Fletcher
Oklahoma,Forgan
Oklahoma,Fort Cobb
Oklahoma,Fort Gibson
Oklahoma,Fort Supply
Oklahoma,Fort Towson
Oklahoma,Foss
Oklahoma,Foss Lake
Oklahoma,Foster
Oklahoma,Francis
Oklahoma,Frederick
Oklahoma,Freedom
Oklahoma,Gage
Oklahoma,Gans
Oklahoma,Garber
Oklahoma,Garvin
Oklahoma,Geary
Oklahoma,Geronimo
Oklahoma,Glencoe
Oklahoma,Glenpool
Oklahoma,Goldsby
Oklahoma,Goltry
Oklahoma,Gore
Oklahoma,Gracemont
Oklahoma,Graham
Oklahoma,Granite
Oklahoma,Grant
Oklahoma,Grove
Oklahoma,Guthrie
Oklahoma,Guymon
Oklahoma,Haileyville
Oklahoma,Hallett
Oklahoma,Hammon
Oklahoma,Hanna
Oklahoma,Harrah
Oklahoma,Hartshorne
Oklahoma,Haskell
Oklahoma,Hastings
Oklahoma,Haworth
Oklahoma,Healdton
Oklahoma,Heavener
Oklahoma,Helena
Oklahoma,Hendrix
Oklahoma,Hennepin
Oklahoma,Hennessey
Oklahoma,Henryetta
Oklahoma,Hinton
Oklahoma,Hitchita
Oklahoma,Hobart
Oklahoma,Hodgen
Oklahoma,Holdenville
Oklahoma,Hollis
Oklahoma,Hominy
Oklahoma,Hooker
Oklahoma,Howe
Oklahoma,Hoyt
Oklahoma,Hugo
Oklahoma,Hulbert
Oklahoma,Hunter
Oklahoma,Hydro
Oklahoma,Idabel
Oklahoma,Indiahoma
Oklahoma,Indianola
Oklahoma,Inola
Oklahoma,Jay
Oklahoma,Jenks
Oklahoma,Jennings
Oklahoma,Jones
Oklahoma,Kansas
Oklahoma,Kellyville
Oklahoma,Kenefic
Oklahoma,Keota
Oklahoma,Ketchum
Oklahoma,Kiamichi Wilderness Moyers
Oklahoma,Kiefer
Oklahoma,Kingfisher
Oklahoma,Kingston
Oklahoma,Kinta
Oklahoma,Kiowa
Oklahoma,Konawa
Oklahoma,Krebs
Oklahoma,Kremlin
Oklahoma,Lahoma
Oklahoma,Lamar
Oklahoma,Lamont
Oklahoma,Lane
Oklahoma,Langley
Oklahoma,Langston
Oklahoma,Laverne
Oklahoma,Lawton
Oklahoma,Lebanon
Oklahoma,Leedey
Oklahoma,Leflore
Oklahoma,Leon
Oklahoma,Lexington
Oklahoma,Lindsay
Oklahoma,Locust Grove
Oklahoma,Lone Grove
Oklahoma,Lone Wolf
Oklahoma,Longdale
Oklahoma,Lucien
Oklahoma,Luther
Oklahoma,Macomb
Oklahoma,Madill
Oklahoma,Mangum
Oklahoma,Manitou
Oklahoma,Mannford
Oklahoma,Mannsville
Oklahoma,Maramec
Oklahoma,Marble City
Oklahoma,Marietta
Oklahoma,Marland
Oklahoma,Marlow
Oklahoma,Martha
Oklahoma,Maud
Oklahoma,Maysville
Oklahoma,McAlester
Oklahoma,McCurtain
Oklahoma,McLoud
Oklahoma,Mead
Oklahoma,Medford
Oklahoma,Medicine Park
Oklahoma,Meeker
Oklahoma,Miami
Oklahoma,Midwest City
Oklahoma,Milburn
Oklahoma,Millerton
Oklahoma,Minco
Oklahoma,Monkey Island
Oklahoma,Monroe
Oklahoma,Moore
Oklahoma,Mooreland
Oklahoma,Morris
Oklahoma,Mounds
Oklahoma,Mountain Park
Oklahoma,Mountain View
Oklahoma,Moyers
Oklahoma,Muldrow
Oklahoma,Mulhall
Oklahoma,Muse
Oklahoma,Muskogee
Oklahoma,Mustang
Oklahoma,Mutual
Oklahoma,Nardin
Oklahoma,Nash
Oklahoma,Newalla
Oklahoma,Newcastle
Oklahoma,Newkirk
Oklahoma,Nichols Hills
Oklahoma,Nicoma Park
Oklahoma,Ninnekah
Oklahoma,Noble
Oklahoma,Norman
Oklahoma,North Enid
Oklahoma,Nowata
Oklahoma,Oakland
Oklahoma,Oaks
Oklahoma,Oakwood
Oklahoma,Ochelata
Oklahoma,Oilton
Oklahoma,Ok
Oklahoma,Okarche
Oklahoma,Okay
Oklahoma,Okc
Oklahoma,Okeene
Oklahoma,Okemah
Oklahoma,Oklahoma City
Oklahoma,Okmulgee
Oklahoma,Oktaha
Oklahoma,Olustee
Oklahoma,Omega
Oklahoma,Oologah
Oklahoma,Orlando
Oklahoma,Overbrook
Oklahoma,Owasso
Oklahoma,Paden
Oklahoma,Panama
Oklahoma,Paoli
Oklahoma,Park Hill
Oklahoma,Pauls Valley
Oklahoma,Pawhuska
Oklahoma,Pawnee
Oklahoma,Perkins
Oklahoma,Perry
Oklahoma,Phillips
Oklahoma,Piedmont
Oklahoma,Pink
Oklahoma,Pittsburg
Oklahoma,Pocasset
Oklahoma,Pocola
Oklahoma,Ponca City
Oklahoma,Porter
Oklahoma,Porum
Oklahoma,Poteau
Oklahoma,Prague
Oklahoma,Proctor
Oklahoma,Prue
Oklahoma,Pryor
Oklahoma,Purcell
Oklahoma,Quapaw
Oklahoma,Quinton
Oklahoma,Ralston
Oklahoma,Ramona
Oklahoma,Randlett
Oklahoma,Ratliff City
Oklahoma,Rattan
Oklahoma,Ravia
Oklahoma,Red Oak
Oklahoma,Rentiesville
Oklahoma,Reydon
Oklahoma,Ringling
Oklahoma,Ringwood
Oklahoma,Ripley
Oklahoma,Rocky
Oklahoma,Roff
Oklahoma,Roland
Oklahoma,Rose
Oklahoma,Rush Springs
Oklahoma,Ryan
Oklahoma,Salina
Oklahoma,Sallisaw
Oklahoma,Sand Springs
Oklahoma,Sapulpa
Oklahoma,Sasakwa
Oklahoma,Savanna
Oklahoma,Sawyer
Oklahoma,Sayre
Oklahoma,Schulter
Oklahoma,Seiling
Oklahoma,Seminole
Oklahoma,Sentinel
Oklahoma,Shady Point
Oklahoma,Sharon
Oklahoma,Shattuck
Oklahoma,Shawnee
Oklahoma,Shidler
Oklahoma,Silo
Oklahoma,Skiatook
Oklahoma,Slaughterville
Oklahoma,Smithville
Oklahoma,Snyder
Oklahoma,So Coffeyville
Oklahoma,Soper
Oklahoma,South Coffeyville
Oklahoma,Sparks
Oklahoma,Spavinaw
Oklahoma,Spencer
Oklahoma,Spencerville
Oklahoma,Sperry
Oklahoma,Spiro
Oklahoma,Springer
Oklahoma,Sterling
Oklahoma,Stidham
Oklahoma,Stigler
Oklahoma,Stillwater
Oklahoma,Stilwell
Oklahoma,Stonewall
Oklahoma,Strang
Oklahoma,Stratford
Oklahoma,Stringtown
Oklahoma,Stroud
Oklahoma,Stuart
Oklahoma,Sulphur
Oklahoma,Tahlequah
Oklahoma,Talala
Oklahoma,Talihina
Oklahoma,Taloga
Oklahoma,Tecumseh
Oklahoma,Temple
Oklahoma,Terlton
Oklahoma,Test Oklahoma Township
Oklahoma,Thackerville
Oklahoma,The Village
Oklahoma,Thomas
Oklahoma,Tipton
Oklahoma,Tishomingo
Oklahoma,Tonkawa
Oklahoma,Tryon
Oklahoma,Tulsa
Oklahoma,Tupelo
Oklahoma,Turpin
Oklahoma,Tuskahoma
Oklahoma,Tuttle
Oklahoma,Union City
Oklahoma,Valliant
Oklahoma,Vanoss
Oklahoma,Vera
Oklahoma,Verdigris
Oklahoma,Vian
Oklahoma,Vici
Oklahoma,Vinita
Oklahoma,Wagoner
Oklahoma,Wainwright
Oklahoma,Walters
Oklahoma,Wanette
Oklahoma,Wann
Oklahoma,Wapanucka
Oklahoma,Warner
Oklahoma,Warr Acres
Oklahoma,Washington
Oklahoma,Watonga
Oklahoma,Watson
Oklahoma,Watts
Oklahoma,Waukomis
Oklahoma,Waurika
Oklahoma,Wayne
Oklahoma,Waynoka
Oklahoma,Weatherford
Oklahoma,Webbers Falls
Oklahoma,Welch
Oklahoma,Weleetka
Oklahoma,Welling
Oklahoma,Wellston
Oklahoma,Westville
Oklahoma,Wetumka
Oklahoma,Wewoka
Oklahoma,Whitefield
Oklahoma,Wilburton
Oklahoma,Willow
Oklahoma,Wilson
Oklahoma,Wister
Oklahoma,Woodward
Oklahoma,Wyandotte
Oklahoma,Wynnewood
Oklahoma,Yale
Oklahoma,Yukon
Oregon,Adams
Oregon,Adrian
Oregon,Agness
Oregon,Albany
Oregon,Aloha
Oregon,Alsea
Oregon,Amity
Oregon,Applegate
Oregon,Arch Cape
Oregon,Arlington
Oregon,Ashland
Oregon,Astoria
Oregon,Athena
Oregon,Aumsville
Oregon,Aurora
Oregon,Azalea
Oregon,Baker City
Oregon,Bandon
Oregon,Banks
Oregon,Bay City
Oregon,Beatty
Oregon,Beaver
Oregon,Beavercreek
Oregon,Beaverton
Oregon,Bend
Oregon,Birkenfeld
Oregon,Black Butte Ranch
Oregon,Blodgett
Oregon,Blue River
Oregon,Bly
Oregon,Boardman
Oregon,Bonanza
Oregon,Boring
Oregon,Brightwood
Oregon,Brogan
Oregon,Brookings
Oregon,Brownsville
Oregon,Burns
Oregon,Butte Falls
Oregon,Buxton
Oregon,Camas Valley
Oregon,Camp Sherman
Oregon,Canby
Oregon,Cannon Beach
Oregon,Canyon City
Oregon,Canyonville
Oregon,Carlton
Oregon,Cascade Locks
Oregon,Cave Junction
Oregon,Central Point
Oregon,Chemult
Oregon,Cheshire
Oregon,Chiloquin
Oregon,Christmas Valley
Oregon,Clackamas
Oregon,Clatskanie
Oregon,Cloverdale
Oregon,Coburg
Oregon,Colton
Oregon,Columbia City
Oregon,Condon
Oregon,Coos Bay
Oregon,Coquille
Oregon,Corbett
Oregon,Cornelius
Oregon,Corvallis
Oregon,Cottage Grove
Oregon,Cove
Oregon,Crabtree
Oregon,Crescent
Oregon,Crescent Lake
Oregon,Creswell
Oregon,Culver
Oregon,Dallas
Oregon,Damascus
Oregon,Days Creek
Oregon,Dayton
Oregon,Dayville
Oregon,Deer Island
Oregon,Depoe Bay
Oregon,Detroit
Oregon,Dexter
Oregon,Donald
Oregon,Dorena
Oregon,Drain
Oregon,Drewsey
Oregon,Dufur
Oregon,Dundee
Oregon,Eagle Creek
Oregon,Eagle Point
Oregon,Echo
Oregon,Elgin
Oregon,Elkton
Oregon,Elmira
Oregon,Elsie
Oregon,Enterprise
Oregon,Estacada
Oregon,Eugene
Oregon,Fairview
Oregon,Fall Creek
Oregon,Falls City
Oregon,Fields
Oregon,Florence
Oregon,Forest Grove
Oregon,Forest Heights
Oregon,Fossil
Oregon,Foster
Oregon,Gales Creek
Oregon,Gardiner
Oregon,Garibaldi
Oregon,Gaston
Oregon,Gates
Oregon,Gearhart
Oregon,Gervais
Oregon,Gilchrist
Oregon,Gladstone
Oregon,Glendale
Oregon,Gleneden Beach
Oregon,Glide
Oregon,Gold Beach
Oregon,Gold Hill
Oregon,Government Camp
Oregon,Grand Ronde
Oregon,Grants Pass
Oregon,Grass Valley
Oregon,Gresham
Oregon,Haines
Oregon,Halfway
Oregon,Halsey
Oregon,Hammond
Oregon,Happy Valley
Oregon,Harper
Oregon,Harrisburg
Oregon,Hebo
Oregon,Helix
Oregon,Heppner
Oregon,Hermiston
Oregon,Hillsboro
Oregon,Hines
Oregon,Hood River
Oregon,Hubbard
Oregon,Huntington
Oregon,Idleyld Park
Oregon,Imbler
Oregon,Imnaha
Oregon,Independence
Oregon,Ione
Oregon,Irrigon
Oregon,Island City
Oregon,Jacksonville
Oregon,Jefferson
Oregon,John Day
Oregon,Jordan Valley
Oregon,Joseph
Oregon,Junction City
Oregon,Keizer
Oregon,Keno
Oregon,Kerby
Oregon,King City
Oregon,Klamath Falls
Oregon,La Grande
Oregon,La Pine
Oregon,Lafayette
Oregon,Lake Oswego
Oregon,Lakeside
Oregon,Lakeview
Oregon,Langlois
Oregon,Leaburg
Oregon,Lebanon
Oregon,Lincoln City
Oregon,Logsden
Oregon,Long Creek
Oregon,Lostine
Oregon,Lowell
Oregon,Lyons
Oregon,Madras
Oregon,Malin
Oregon,Manning
Oregon,Manzanita
Oregon,Mapleton
Oregon,Marcola
Oregon,Maupin
Oregon,McKenzie Bridge
Oregon,McMinnville
Oregon,Medford
Oregon,Merlin
Oregon,Merrill
Oregon,Metolius
Oregon,Midland
Oregon,Mill City
Oregon,Milton Freewater
Oregon,Milwaukie
Oregon,Mitchell
Oregon,Molalla
Oregon,Monmouth
Oregon,Monroe
Oregon,Moro
Oregon,Mosier
Oregon,Mount Angel
Oregon,Mount Hood Prkdl
Oregon,Mount Vernon
Oregon,Mulino
Oregon,Myrtle Creek
Oregon,Myrtle Point
Oregon,Neahkahnie
Oregon,Nehalem
Oregon,Neotsu
Oregon,Neskowin
Oregon,Netarts
Oregon,Newberg
Oregon,Newport
Oregon,North Bend
Oregon,North Plains
Oregon,North Powder
Oregon,Noti
Oregon,Nyssa
Oregon,O'Brien
Oregon,Oakland
Oregon,Oakridge
Oregon,Oceanside
Oregon,Ontario
Oregon,Oregon City
Oregon,Otis
Oregon,Pacific City
Oregon,Paisley
Oregon,Pendleton
Oregon,Philomath
Oregon,Phoenix
Oregon,Pilot Rock
Oregon,Pleasant Hill
Oregon,Port Orford
Oregon,Portland
Oregon,Powell Butte
Oregon,Powers
Oregon,Prairie City
Oregon,Princeton
Oregon,Prineville
Oregon,Prospect
Oregon,Rainier
Oregon,Redmond
Oregon,Reedsport
Oregon,Rhododendron
Oregon,Richland
Oregon,Rickreall
Oregon,Riddle
Oregon,Rockaway Beach
Oregon,Rogue River
Oregon,Roseburg
Oregon,Rufus
Oregon,Saint Helens
Oregon,Saint Paul
Oregon,Salem
Oregon,Sandy
Oregon,Scappoose
Oregon,Scio
Oregon,Scotts Mills
Oregon,Scottsburg
Oregon,Seal Rock
Oregon,Seaside
Oregon,Selma
Oregon,Shady Cove
Oregon,Shedd
Oregon,Sheridan
Oregon,Sherwood
Oregon,Siletz
Oregon,Silverton
Oregon,Sisters
Oregon,Sixes
Oregon,South Beach
Oregon,Sprague River
Oregon,Spray
Oregon,Springfield
Oregon,Stanfield
Oregon,Stayton
Oregon,Sublimity
Oregon,Summerville
Oregon,Sumpter
Oregon,Sunny Valley
Oregon,Sunriver
Oregon,Sutherlin
Oregon,Sweet Home
Oregon,Swisshome
Oregon,Talent
Oregon,Tangent
Oregon,Tenmile
Oregon,Terrebonne
Oregon,The Dalles
Oregon,Tidewater
Oregon,Tigard
Oregon,Tillamook
Oregon,Tiller
Oregon,Timber
Oregon,Toledo
Oregon,Trail
Oregon,Troutdale
Oregon,Tualatin
Oregon,Turner
Oregon,Tygh Valley
Oregon,Umatilla
Oregon,Umpqua
Oregon,Union
Oregon,Unity
Oregon,Vale
Oregon,Veneta
Oregon,Vernonia
Oregon,Vida
Oregon,Waldport
Oregon,Walla Walla
Oregon,Wallowa
Oregon,Walton
Oregon,Wamic
Oregon,Warm Springs
Oregon,Warren
Oregon,Warrenton
Oregon,Wasco
Oregon,Welches
Oregon,West Linn
Oregon,Westfir
Oregon,Westlake
Oregon,Weston
Oregon,Westport
Oregon,Wheeler
Oregon,White City
Oregon,Wilderville
Oregon,Willamina
Oregon,Williams
Oregon,Wilsonville
Oregon,Winchester
Oregon,Winston
Oregon,Wolf Creek
Oregon,Wood Village
Oregon,Woodburn
Oregon,Yachats
Oregon,Yamhill
Oregon,Yoncalla
Pennsylvania,Aaronsburg
Pennsylvania,Abbottstown
Pennsylvania,Abington
Pennsylvania,Acme
Pennsylvania,Adah
Pennsylvania,Adamstown
Pennsylvania,Adamsville
Pennsylvania,Addison
Pennsylvania,Airville
Pennsylvania,Akron
Pennsylvania,Albany
Pennsylvania,Albion
Pennsylvania,Albrightsville
Pennsylvania,Alburtis
Pennsylvania,Aldan
Pennsylvania,Alexandria
Pennsylvania,Aliquippa
Pennsylvania,Allen Township
Pennsylvania,Allenport
Pennsylvania,Allentown
Pennsylvania,Allenwood
Pennsylvania,Allison Park
Pennsylvania,Allport
Pennsylvania,Altoona
Pennsylvania,Alum Bank
Pennsylvania,Amberson
Pennsylvania,Ambler
Pennsylvania,Ambridge
Pennsylvania,Amity
Pennsylvania,Andreas
Pennsylvania,Annville
Pennsylvania,Apollo
Pennsylvania,Archbald
Pennsylvania,Ardara
Pennsylvania,Ardmore
Pennsylvania,Armagh
Pennsylvania,Armbrust
Pennsylvania,Ashland
Pennsylvania,Ashley
Pennsylvania,Aspers
Pennsylvania,Aston
Pennsylvania,Atglen
Pennsylvania,Athens
Pennsylvania,Atlas
Pennsylvania,Atlasburg
Pennsylvania,Auburn
Pennsylvania,Audubon
Pennsylvania,Austin
Pennsylvania,Avella
Pennsylvania,Avis
Pennsylvania,Avoca
Pennsylvania,Avondale
Pennsylvania,Avonmore
Pennsylvania,Baden
Pennsylvania,Bainbridge
Pennsylvania,Bakerstown
Pennsylvania,Bala Cynwyd
Pennsylvania,Bally
Pennsylvania,Bangor
Pennsylvania,Barnesville
Pennsylvania,Barto
Pennsylvania,Bartonsville
Pennsylvania,Bath
Pennsylvania,Beach Lake
Pennsylvania,Beallsville
Pennsylvania,Bear Creek
Pennsylvania,Beaver
Pennsylvania,Beaver Falls
Pennsylvania,Beaver Meadows
Pennsylvania,Beaver Springs
Pennsylvania,Beaverdale
Pennsylvania,Beavertown
Pennsylvania,Bechtelsville
Pennsylvania,Bedford
Pennsylvania,Beech Creek
Pennsylvania,Belle Vernon
Pennsylvania,Bellefonte
Pennsylvania,Belleville
Pennsylvania,Bellwood
Pennsylvania,Belsano
Pennsylvania,Bendersville
Pennsylvania,Benezette
Pennsylvania,Bensalem
Pennsylvania,Bentleyville
Pennsylvania,Benton
Pennsylvania,Berlin
Pennsylvania,Bernville
Pennsylvania,Berrysburg
Pennsylvania,Berwick
Pennsylvania,Berwyn
Pennsylvania,Bessemer
Pennsylvania,Bethany
Pennsylvania,Bethel
Pennsylvania,Bethel Park
Pennsylvania,Bethlehem
Pennsylvania,Beyer
Pennsylvania,Big Run
Pennsylvania,Bigler
Pennsylvania,Biglerville
Pennsylvania,Bird In Hand
Pennsylvania,Birdsboro
Pennsylvania,Blairs Mills
Pennsylvania,Blairsville
Pennsylvania,Blakely
Pennsylvania,Blakeslee
Pennsylvania,Blanchard
Pennsylvania,Blandon
Pennsylvania,Blooming Grove
Pennsylvania,Bloomsburg
Pennsylvania,Blossburg
Pennsylvania,Blue Bell
Pennsylvania,Blue Ridge Summit
Pennsylvania,Boalsburg
Pennsylvania,Boiling Springs
Pennsylvania,Bolivar
Pennsylvania,Boothwyn
Pennsylvania,Boswell
Pennsylvania,Bowmanstown
Pennsylvania,Boyertown
Pennsylvania,Brackenridge
Pennsylvania,Brackney
Pennsylvania,Braddock
Pennsylvania,Bradford
Pennsylvania,Bradford Pa
Pennsylvania,Bradfordwoods
Pennsylvania,Breezewood
Pennsylvania,Breinigsville
Pennsylvania,Bridgeport
Pennsylvania,Bridgeville
Pennsylvania,Brisbin
Pennsylvania,Bristol
Pennsylvania,Brockway
Pennsylvania,Brodheadsville
Pennsylvania,Brogue
Pennsylvania,Brookhaven
Pennsylvania,Brooklyn
Pennsylvania,Brookville
Pennsylvania,Broomall
Pennsylvania,Browndale
Pennsylvania,Brownstown
Pennsylvania,Brownsville
Pennsylvania,Bruin
Pennsylvania,Bryn Mawr
Pennsylvania,Buck Hill Falls
Pennsylvania,Buffalo Mills
Pennsylvania,Bulger
Pennsylvania,Burgettstown
Pennsylvania,Burnham
Pennsylvania,Burnside
Pennsylvania,Bushkill
Pennsylvania,Butler
Pennsylvania,Byrnedale
Pennsylvania,Cabot
Pennsylvania,Cairnbrook
Pennsylvania,California
Pennsylvania,Cambridge Springs
Pennsylvania,Camp Hill
Pennsylvania,Campbelltown
Pennsylvania,Canadensis
Pennsylvania,Canadohta Lake
Pennsylvania,Canonsburg
Pennsylvania,Canton
Pennsylvania,Carbondale
Pennsylvania,Cardale
Pennsylvania,Carlisle
Pennsylvania,Carlton
Pennsylvania,Carmichaels
Pennsylvania,Carnegie
Pennsylvania,Carrolltown
Pennsylvania,Catasauqua
Pennsylvania,Catawissa
Pennsylvania,Cecil
Pennsylvania,Center Valley
Pennsylvania,Centerville
Pennsylvania,Central City
Pennsylvania,Centre Hall
Pennsylvania,Chadds Ford
Pennsylvania,Chalfont
Pennsylvania,Chambersburg
Pennsylvania,Champion
Pennsylvania,Charleroi
Pennsylvania,Cheltenham
Pennsylvania,Cherry Tree
Pennsylvania,Chester
Pennsylvania,Chester Heights
Pennsylvania,Chester Springs
Pennsylvania,Chesterbrook
Pennsylvania,Chestnuthill Township
Pennsylvania,Cheswick
Pennsylvania,Cheyney
Pennsylvania,Chicora
Pennsylvania,Christiana
Pennsylvania,Churchville
Pennsylvania,Clairton
Pennsylvania,Clarence
Pennsylvania,Claridge
Pennsylvania,Clarington
Pennsylvania,Clarion
Pennsylvania,Clarks Green
Pennsylvania,Clarks Summit
Pennsylvania,Clarksburg
Pennsylvania,Clarksville
Pennsylvania,Claysburg
Pennsylvania,Claysville
Pennsylvania,Clearfield
Pennsylvania,Clearville
Pennsylvania,Cleona
Pennsylvania,Clifford Township
Pennsylvania,Clifton Heights
Pennsylvania,Clifton Township
Pennsylvania,Clinton
Pennsylvania,Clymer
Pennsylvania,Coal Center
Pennsylvania,Coal Township
Pennsylvania,Coaldale
Pennsylvania,Coatesville
Pennsylvania,Cochranton
Pennsylvania,Cochranville
Pennsylvania,Cogan Station
Pennsylvania,Cokeburg
Pennsylvania,Collegeville
Pennsylvania,Collingdale
Pennsylvania,Colmar
Pennsylvania,Columbia
Pennsylvania,Columbia Cross Roads
Pennsylvania,Columbus
Pennsylvania,Conestoga
Pennsylvania,Confluence
Pennsylvania,Conneaut Lake
Pennsylvania,Conneautville
Pennsylvania,Connellsville
Pennsylvania,Connoquenessing
Pennsylvania,Conshohocken
Pennsylvania,Conway
Pennsylvania,Conyngham
Pennsylvania,Coolbaugh Township
Pennsylvania,Coopersburg
Pennsylvania,Cooperstown
Pennsylvania,Coplay
Pennsylvania,Coral
Pennsylvania,Coraopolis
Pennsylvania,Corry
Pennsylvania,Corsica
Pennsylvania,Coudersport
Pennsylvania,Covington
Pennsylvania,Covington Township
Pennsylvania,Cranberry
Pennsylvania,Cranberry Township
Pennsylvania,Cranesville
Pennsylvania,Creekside
Pennsylvania,Crescent
Pennsylvania,Cresco
Pennsylvania,Cresson
Pennsylvania,Cressona
Pennsylvania,Crosby
Pennsylvania,Cross Fork
Pennsylvania,Crown
Pennsylvania,Croydon
Pennsylvania,Crum Lynne
Pennsylvania,Cuddy
Pennsylvania,Cumbola
Pennsylvania,Curwensville
Pennsylvania,Custer City
Pennsylvania,Daisytown
Pennsylvania,Dallas
Pennsylvania,Dallastown
Pennsylvania,Dalmatia
Pennsylvania,Dalton
Pennsylvania,Damascus
Pennsylvania,Danville
Pennsylvania,Darby
Pennsylvania,Darlington
Pennsylvania,Dauphin
Pennsylvania,Davidsville
Pennsylvania,Dawson
Pennsylvania,Dayton
Pennsylvania,Delaware Water Gap
Pennsylvania,Delmont
Pennsylvania,Delta
Pennsylvania,Denbo
Pennsylvania,Denver
Pennsylvania,Derry
Pennsylvania,Devon
Pennsylvania,Dickson City
Pennsylvania,Dilliner
Pennsylvania,Dillsburg
Pennsylvania,Dilltown
Pennsylvania,Dingmans Ferry
Pennsylvania,District
Pennsylvania,Donora
Pennsylvania,Dornsife
Pennsylvania,Douglass
Pennsylvania,Douglassville
Pennsylvania,Dover
Pennsylvania,Downingtown
Pennsylvania,Doylesburg
Pennsylvania,Doylestown
Pennsylvania,Dravosburg
Pennsylvania,Dresher
Pennsylvania,Drexel Hill
Pennsylvania,Drifting
Pennsylvania,Drumore
Pennsylvania,Drums
Pennsylvania,DuBois
Pennsylvania,Dublin
Pennsylvania,Dubois
Pennsylvania,Duboistown
Pennsylvania,Duke Center
Pennsylvania,Dunbar
Pennsylvania,Duncannon
Pennsylvania,Duncansville
Pennsylvania,Dunlo
Pennsylvania,Dunmore
Pennsylvania,Dupont
Pennsylvania,Duquesne
Pennsylvania,Durham
Pennsylvania,Duryea
Pennsylvania,Dushore
Pennsylvania,Eagles Mere
Pennsylvania,Eagleville
Pennsylvania,East Bangor
Pennsylvania,East Berlin
Pennsylvania,East Brady
Pennsylvania,East Butler
Pennsylvania,East Earl
Pennsylvania,East Fallowfield Township
Pennsylvania,East Freedom
Pennsylvania,East Greenville
Pennsylvania,East Lansdowne
Pennsylvania,East McKeesport
Pennsylvania,East Millsboro
Pennsylvania,East Norriton
Pennsylvania,East Penn Township
Pennsylvania,East Petersburg
Pennsylvania,East Pittsburgh
Pennsylvania,East Springfield
Pennsylvania,East Stroudsburg
Pennsylvania,East Vandergrift
Pennsylvania,East Waterford
Pennsylvania,East York
Pennsylvania,Easton
Pennsylvania,Eau Claire
Pennsylvania,Ebensburg
Pennsylvania,Eddystone
Pennsylvania,Edinboro
Pennsylvania,Edinburg
Pennsylvania,Edwardsville
Pennsylvania,Effort
Pennsylvania,Eighty Four
Pennsylvania,Elco
Pennsylvania,Elderton
Pennsylvania,Eldred
Pennsylvania,Elizabeth
Pennsylvania,Elizabethtown
Pennsylvania,Elizabethville
Pennsylvania,Elkins Park
Pennsylvania,Elkland
Pennsylvania,Elliottsburg
Pennsylvania,Ellsworth
Pennsylvania,Ellwood City
Pennsylvania,Elton
Pennsylvania,Elverson
Pennsylvania,Elysburg
Pennsylvania,Emigsville
Pennsylvania,Emlenton
Pennsylvania,Emmaus
Pennsylvania,Emporium
Pennsylvania,Emporium Pa
Pennsylvania,Enola
Pennsylvania,Enon Valley
Pennsylvania,Ephrata
Pennsylvania,Equinunk
Pennsylvania,Erdenheim
Pennsylvania,Erie
Pennsylvania,Erie Pa
Pennsylvania,Ernest
Pennsylvania,Espyville
Pennsylvania,Essington
Pennsylvania,Etters
Pennsylvania,Evans City
Pennsylvania,Everett
Pennsylvania,Everson
Pennsylvania,Exeter
Pennsylvania,Export
Pennsylvania,Exton
Pennsylvania,Eynon
Pennsylvania,Factoryville
Pennsylvania,Fairchance
Pennsylvania,Fairfield
Pennsylvania,Fairhope
Pennsylvania,Fairless Hills
Pennsylvania,Fairmount City
Pennsylvania,Fairview
Pennsylvania,Fallentimber
Pennsylvania,Falls
Pennsylvania,Falls Creek
Pennsylvania,Fallsington
Pennsylvania,Fannettsburg
Pennsylvania,Farmington
Pennsylvania,Fawn Grove
Pennsylvania,Fayette City
Pennsylvania,Fayetteville
Pennsylvania,Feasterville
Pennsylvania,Feasterville Trevose
Pennsylvania,Fell Twp
Pennsylvania,Felton
Pennsylvania,Finleyville
Pennsylvania,Fleetwood
Pennsylvania,Fleming
Pennsylvania,Flemington
Pennsylvania,Flinton
Pennsylvania,Flourtown
Pennsylvania,Folcroft
Pennsylvania,Folsom
Pennsylvania,Forbes Road
Pennsylvania,Ford City
Pennsylvania,Forest City
Pennsylvania,Forestville
Pennsylvania,Forks Township
Pennsylvania,Forkston Township
Pennsylvania,Forksville
Pennsylvania,Fort Hill
Pennsylvania,Fort Loudon
Pennsylvania,Fort Washington
Pennsylvania,Forty Fort
Pennsylvania,Fountain Hill
Pennsylvania,Fountainville
Pennsylvania,Frackville
Pennsylvania,Franklin
Pennsylvania,Franklintown
Pennsylvania,Fredericksburg
Pennsylvania,Fredericktown
Pennsylvania,Freeburg
Pennsylvania,Freedom
Pennsylvania,Freeland
Pennsylvania,Freeport
Pennsylvania,Frenchville
Pennsylvania,Friedens
Pennsylvania,Friedensburg
Pennsylvania,Friendsville
Pennsylvania,Furlong
Pennsylvania,Gaines
Pennsylvania,Galeton
Pennsylvania,Gallitzin
Pennsylvania,Gap
Pennsylvania,Garards Fort
Pennsylvania,Gardners
Pennsylvania,Garnet Valley
Pennsylvania,Garrett
Pennsylvania,Gastonville
Pennsylvania,Geigertown
Pennsylvania,Genesee
Pennsylvania,Germansville
Pennsylvania,Gettysburg
Pennsylvania,Gibsonia
Pennsylvania,Gifford
Pennsylvania,Gilbert
Pennsylvania,Gilberton
Pennsylvania,Gilbertsville
Pennsylvania,Gillett
Pennsylvania,Girard
Pennsylvania,Girardville
Pennsylvania,Gladwyne
Pennsylvania,Glassport
Pennsylvania,Glen Campbell
Pennsylvania,Glen Lyon
Pennsylvania,Glen Mills
Pennsylvania,Glen Riddle
Pennsylvania,Glen Rock
Pennsylvania,Glenburn
Pennsylvania,Glenmoore
Pennsylvania,Glenolden
Pennsylvania,Glenshaw
Pennsylvania,Glenside
Pennsylvania,Glenville
Pennsylvania,Gordonville
Pennsylvania,Gouldsboro
Pennsylvania,Grampian
Pennsylvania,Grantham
Pennsylvania,Grantville
Pennsylvania,Granville Summit
Pennsylvania,Grassflat
Pennsylvania,Great Bend
Pennsylvania,Greeley
Pennsylvania,Green Lane
Pennsylvania,Greencastle
Pennsylvania,Greenfield Township
Pennsylvania,Greenock
Pennsylvania,Greensboro
Pennsylvania,Greensburg
Pennsylvania,Greentown
Pennsylvania,Greenville
Pennsylvania,Grindstone
Pennsylvania,Grove City
Pennsylvania,Gulph Mills
Pennsylvania,Guys Mills
Pennsylvania,Gwynedd Valley
Pennsylvania,Hadley
Pennsylvania,Halifax
Pennsylvania,Hallam
Pennsylvania,Hallstead
Pennsylvania,Hamburg
Pennsylvania,Hamilton
Pennsylvania,Hanover
Pennsylvania,Hanover Township
Pennsylvania,Harborcreek
Pennsylvania,Harding
Pennsylvania,Harleysville
Pennsylvania,Harmonsburg
Pennsylvania,Harmony
Pennsylvania,Harrisburg
Pennsylvania,Harrison City
Pennsylvania,Harrison Valley
Pennsylvania,Harrisville
Pennsylvania,Hartleton
Pennsylvania,Hartstown
Pennsylvania,Harveys Lake
Pennsylvania,Harwick
Pennsylvania,Hastings
Pennsylvania,Hatboro
Pennsylvania,Hatfield
Pennsylvania,Haverford
Pennsylvania,Havertown
Pennsylvania,Hawk Run
Pennsylvania,Hawley
Pennsylvania,Hawthorn
Pennsylvania,Hazelton
Pennsylvania,Hazle Township
Pennsylvania,Hazleton
Pennsylvania,Hegins
Pennsylvania,Heidelberg
Pennsylvania,Hellertown
Pennsylvania,Henryville
Pennsylvania,Hereford
Pennsylvania,Herminie
Pennsylvania,Hermitage
Pennsylvania,Herndon
Pennsylvania,Hershey
Pennsylvania,Hickory
Pennsylvania,Highspire
Pennsylvania,Hiller
Pennsylvania,Hilliards
Pennsylvania,Hillsgrove
Pennsylvania,Hillsville
Pennsylvania,Holland
Pennsylvania,Hollidaysburg
Pennsylvania,Hollsopple
Pennsylvania,Holmes
Pennsylvania,Holtwood
Pennsylvania,Home
Pennsylvania,Homer City
Pennsylvania,Homestead
Pennsylvania,Honesdale
Pennsylvania,Honey Brook
Pennsylvania,Honey Grove
Pennsylvania,Hookstown
Pennsylvania,Hooversville
Pennsylvania,Hop Bottom
Pennsylvania,Hopwood
Pennsylvania,Horsham
Pennsylvania,Houston
Pennsylvania,Houtzdale
Pennsylvania,Howard
Pennsylvania,Hudson
Pennsylvania,Hughestown
Pennsylvania,Hughesville
Pennsylvania,Hulmeville
Pennsylvania,Hummelstown
Pennsylvania,Hunker
Pennsylvania,Hunlock Creek
Pennsylvania,Huntingdon
Pennsylvania,Huntingdon Valley
Pennsylvania,Hustontown
Pennsylvania,Hyde
Pennsylvania,Hyndman
Pennsylvania,Ickesburg
Pennsylvania,Imler
Pennsylvania,Imperial
Pennsylvania,Indiana
Pennsylvania,Indianola
Pennsylvania,Industry
Pennsylvania,Inkerman
Pennsylvania,Irvine
Pennsylvania,Irwin
Pennsylvania,Ivyland
Pennsylvania,Jackson
Pennsylvania,Jackson Township
Pennsylvania,Jacobus
Pennsylvania,James Creek
Pennsylvania,Jamestown
Pennsylvania,Jamison
Pennsylvania,Jeannette
Pennsylvania,Jefferson Township
Pennsylvania,Jeffersonville
Pennsylvania,Jenkins Township
Pennsylvania,Jenkintown
Pennsylvania,Jenners
Pennsylvania,Jennerstown
Pennsylvania,Jermyn
Pennsylvania,Jerome
Pennsylvania,Jersey Shore
Pennsylvania,Jessup
Pennsylvania,Jim Thorpe
Pennsylvania,Joffre
Pennsylvania,Johnsonburg
Pennsylvania,Johnstown
Pennsylvania,Jones Mills
Pennsylvania,Jonestown
Pennsylvania,Julian
Pennsylvania,Kane
Pennsylvania,Karns City
Pennsylvania,Karthaus
Pennsylvania,Kelayres
Pennsylvania,Kempton
Pennsylvania,Kennerdell
Pennsylvania,Kennett Square
Pennsylvania,Kersey
Pennsylvania,Kidder Township South
Pennsylvania,King of Prussia
Pennsylvania,Kingsley
Pennsylvania,Kingston
Pennsylvania,Kintnersville
Pennsylvania,Kinzers
Pennsylvania,Kirkwood
Pennsylvania,Kittanning
Pennsylvania,Klingerstown
Pennsylvania,Knox
Pennsylvania,Knoxville
Pennsylvania,Kresgeville
Pennsylvania,Kulpmont
Pennsylvania,Kunkletown
Pennsylvania,Kutztown
Pennsylvania,Kylertown
Pennsylvania,La Jose
Pennsylvania,Laceyville
Pennsylvania,Lackawanna County
Pennsylvania,Lackawaxen
Pennsylvania,Lafayette Hill
Pennsylvania,Laflin
Pennsylvania,Lake Ariel
Pennsylvania,Lake City
Pennsylvania,Lake Como
Pennsylvania,Lake Harmony
Pennsylvania,Lake Lynn
Pennsylvania,Lake Winola
Pennsylvania,Lakeville
Pennsylvania,Lakewood
Pennsylvania,Lamar
Pennsylvania,Lancaster
Pennsylvania,Landenberg
Pennsylvania,Landisburg
Pennsylvania,Landisville
Pennsylvania,Langeloth
Pennsylvania,Langhorne
Pennsylvania,Lansdale
Pennsylvania,Lansdowne
Pennsylvania,Lanse
Pennsylvania,Lansford
Pennsylvania,Larksville
Pennsylvania,Latrobe
Pennsylvania,Lattimer Mines
Pennsylvania,Laughlintown
Pennsylvania,Laureldale
Pennsylvania,Lawn
Pennsylvania,Lawrence
Pennsylvania,Lawrence Park
Pennsylvania,Lawrenceville
Pennsylvania,Lawton
Pennsylvania,Le Raysville
Pennsylvania,Lebanon
Pennsylvania,Leechburg
Pennsylvania,Leeper
Pennsylvania,Leesport
Pennsylvania,Leetsdale
Pennsylvania,Lehigh Township
Pennsylvania,Lehighton
Pennsylvania,Lehighton borough
Pennsylvania,Lemont
Pennsylvania,Lemont Furnace
Pennsylvania,Lemoyne
Pennsylvania,Lenhartsville
Pennsylvania,Lenox Township
Pennsylvania,Lenoxville
Pennsylvania,Leola
Pennsylvania,Levittown
Pennsylvania,Lewis Run
Pennsylvania,Lewisberry
Pennsylvania,Lewisburg
Pennsylvania,Lewistown
Pennsylvania,Liberty
Pennsylvania,Ligonier
Pennsylvania,Lilly
Pennsylvania,Limerick
Pennsylvania,Lincoln University
Pennsylvania,Line Lexington
Pennsylvania,Linesville
Pennsylvania,Linwood
Pennsylvania,Lititz
Pennsylvania,Little Meadows
Pennsylvania,Littlestown
Pennsylvania,Liverpool
Pennsylvania,Llewellyn
Pennsylvania,Lock Haven
Pennsylvania,Loganton
Pennsylvania,Loganville
Pennsylvania,Long Pond
Pennsylvania,Lopez
Pennsylvania,Lords Valley
Pennsylvania,Loretto
Pennsylvania,Lower Gwynedd
Pennsylvania,Lower Macungie Township
Pennsylvania,Lower Milford Township
Pennsylvania,Lower Mt Bethel Township
Pennsylvania,Lower Nazareth Township
Pennsylvania,Lower Saucon Township
Pennsylvania,Lower Towamensing Tp
Pennsylvania,Loysville
Pennsylvania,Lucernemines
Pennsylvania,Luthersburg
Pennsylvania,Luzerne
Pennsylvania,Luzerne County
Pennsylvania,Lykens
Pennsylvania,Lyndora
Pennsylvania,Lynn
Pennsylvania,Macungie
Pennsylvania,Madera
Pennsylvania,Madison Township
Pennsylvania,Mahanoy City
Pennsylvania,Mahoning
Pennsylvania,Mainesburg
Pennsylvania,Malvern
Pennsylvania,Manchester
Pennsylvania,Manheim
Pennsylvania,Manor
Pennsylvania,Manorville
Pennsylvania,Mansfield
Pennsylvania,Maple Glen
Pennsylvania,Mapleton Depot
Pennsylvania,Marble
Pennsylvania,Marcus Hook
Pennsylvania,Marienville
Pennsylvania,Marietta
Pennsylvania,Marion
Pennsylvania,Marion Center
Pennsylvania,Marion Heights
Pennsylvania,Marlin
Pennsylvania,Mars
Pennsylvania,Martinsburg
Pennsylvania,Marysville
Pennsylvania,Masontown
Pennsylvania,Matamoras
Pennsylvania,Mayfield
Pennsylvania,Mayport
Pennsylvania,McAdoo
Pennsylvania,McAlisterville
Pennsylvania,McClellandtown
Pennsylvania,McClure
Pennsylvania,McConnellsburg
Pennsylvania,McDonald
Pennsylvania,McGees Mills
Pennsylvania,McGrann
Pennsylvania,McIntyre
Pennsylvania,McKean
Pennsylvania,McKees Rocks
Pennsylvania,McKeesport
Pennsylvania,McKnightstown
Pennsylvania,McSherrystown
Pennsylvania,McVeytown
Pennsylvania,Meadowbrook
Pennsylvania,Meadowlands
Pennsylvania,Meadville
Pennsylvania,Mechanicsburg
Pennsylvania,Mechanicsville
Pennsylvania,Media
Pennsylvania,Mehoopany
Pennsylvania,Melcroft
Pennsylvania,Mercer
Pennsylvania,Mercersburg
Pennsylvania,Merion Station
Pennsylvania,Mertztown
Pennsylvania,Meshoppen
Pennsylvania,Meyersdale
Pennsylvania,Middle Smithfield Township
Pennsylvania,Middleburg
Pennsylvania,Middlebury Center
Pennsylvania,Middleport
Pennsylvania,Middletown
Pennsylvania,Midland
Pennsylvania,Midway
Pennsylvania,Mifflin
Pennsylvania,Mifflinburg
Pennsylvania,Mifflintown
Pennsylvania,Mifflinville
Pennsylvania,Milanville
Pennsylvania,Mildred
Pennsylvania,Milesburg
Pennsylvania,Milford
Pennsylvania,Mill Creek
Pennsylvania,Mill Hall
Pennsylvania,Mill Run
Pennsylvania,Mill Village
Pennsylvania,Millersburg
Pennsylvania,Millerstown
Pennsylvania,Millersville
Pennsylvania,Millerton
Pennsylvania,Millheim
Pennsylvania,Mills
Pennsylvania,Millsboro
Pennsylvania,Millville
Pennsylvania,Milmont Park
Pennsylvania,Milroy
Pennsylvania,Milton
Pennsylvania,Mineral Point
Pennsylvania,Mineral Springs
Pennsylvania,Minersville
Pennsylvania,Mocanaqua
Pennsylvania,Mohnton
Pennsylvania,Mohrsville
Pennsylvania,Monaca
Pennsylvania,Monessen
Pennsylvania,Monongahela
Pennsylvania,Monroe Township
Pennsylvania,Monroeton
Pennsylvania,Monroeville
Pennsylvania,Mont Alto
Pennsylvania,Mont Clare
Pennsylvania,Montgomery
Pennsylvania,Montgomeryville
Pennsylvania,Montoursville
Pennsylvania,Montrose
Pennsylvania,Moore Township
Pennsylvania,Moosic
Pennsylvania,Morgan
Pennsylvania,Morgantown
Pennsylvania,Morrisdale
Pennsylvania,Morrisville
Pennsylvania,Morton
Pennsylvania,Moscow
Pennsylvania,Moshannon
Pennsylvania,Mount Bethel
Pennsylvania,Mount Carmel
Pennsylvania,Mount Cobb
Pennsylvania,Mount Gretna
Pennsylvania,Mount Holly Springs
Pennsylvania,Mount Jewett
Pennsylvania,Mount Joy
Pennsylvania,Mount Morris
Pennsylvania,Mount Penn
Pennsylvania,Mount Pleasant
Pennsylvania,Mount Pleasant Mills
Pennsylvania,Mount Pocono
Pennsylvania,Mount Union
Pennsylvania,Mount Wolf
Pennsylvania,Mountain Top
Pennsylvania,Mountville
Pennsylvania,Muir
Pennsylvania,Muncy
Pennsylvania,Muncy Valley
Pennsylvania,Murrysville
Pennsylvania,Muse
Pennsylvania,Myerstown
Pennsylvania,Nanticoke
Pennsylvania,Nanty Glo
Pennsylvania,Narberth
Pennsylvania,Narvon
Pennsylvania,Natrona Heights
Pennsylvania,Nazareth
Pennsylvania,Needmore
Pennsylvania,Neelyton
Pennsylvania,Nescopeck
Pennsylvania,Nesquehoning
Pennsylvania,New Albany
Pennsylvania,New Alexandria
Pennsylvania,New Bedford
Pennsylvania,New Berlin
Pennsylvania,New Bethlehem
Pennsylvania,New Bloomfield
Pennsylvania,New Brighton
Pennsylvania,New Buffalo
Pennsylvania,New Castle
Pennsylvania,New Columbia
Pennsylvania,New Cumberland
Pennsylvania,New Derry
Pennsylvania,New Eagle
Pennsylvania,New Enterprise
Pennsylvania,New Florence
Pennsylvania,New Freedom
Pennsylvania,New Galilee
Pennsylvania,New Holland
Pennsylvania,New Hope
Pennsylvania,New Kensington
Pennsylvania,New Milford
Pennsylvania,New Millport
Pennsylvania,New Oxford
Pennsylvania,New Paris
Pennsylvania,New Park
Pennsylvania,New Philadelphia
Pennsylvania,New Providence
Pennsylvania,New Ringgold
Pennsylvania,New Salem
Pennsylvania,New Stanton
Pennsylvania,New Tripoli
Pennsylvania,New Wilmington
Pennsylvania,Newburg
Pennsylvania,Newfoundland
Pennsylvania,Newmanstown
Pennsylvania,Newport
Pennsylvania,Newportville
Pennsylvania,Newton Township
Pennsylvania,Newtown
Pennsylvania,Newtown Square
Pennsylvania,Newville
Pennsylvania,Nicholson
Pennsylvania,Nicktown
Pennsylvania,Normalville
Pennsylvania,Norristown
Pennsylvania,North Abington Township
Pennsylvania,North Apollo
Pennsylvania,North East
Pennsylvania,North Versailles
Pennsylvania,North Wales
Pennsylvania,North Whitehall Township
Pennsylvania,Northampton
Pennsylvania,Northern Cambria
Pennsylvania,Northumberland
Pennsylvania,Norwood
Pennsylvania,Nottingham
Pennsylvania,Noxen
Pennsylvania,Nu Mine
Pennsylvania,Nuangola
Pennsylvania,Nuremberg
Pennsylvania,Oakdale
Pennsylvania,Oakmont
Pennsylvania,Oberlin
Pennsylvania,Oil City
Pennsylvania,Olanta
Pennsylvania,Old Forge
Pennsylvania,Oley
Pennsylvania,Oliver
Pennsylvania,Olyphant
Pennsylvania,Orangeville
Pennsylvania,Orbisonia
Pennsylvania,Orefield
Pennsylvania,Oreland
Pennsylvania,Orrstown
Pennsylvania,Orrtanna
Pennsylvania,Orwigsburg
Pennsylvania,Osceola
Pennsylvania,Osceola Mills
Pennsylvania,Osterburg
Pennsylvania,Oswayo
Pennsylvania,Ottsville
Pennsylvania,Oxford
Pennsylvania,Pa Furnace
Pennsylvania,Palm
Pennsylvania,Palmer Township
Pennsylvania,Palmerton
Pennsylvania,Palmyra
Pennsylvania,Paoli
Pennsylvania,Paradise
Pennsylvania,Parker
Pennsylvania,Parkesburg
Pennsylvania,Patton
Pennsylvania,Paupack
Pennsylvania,Paxinos
Pennsylvania,Peach Bottom
Pennsylvania,Peckville
Pennsylvania,Pen Argyl
Pennsylvania,Penfield
Pennsylvania,Penllyn
Pennsylvania,Penn
Pennsylvania,Penn Forest Township
Pennsylvania,Penn Valley
Pennsylvania,Penndel
Pennsylvania,Pennsburg
Pennsylvania,Pequea
Pennsylvania,Perkasie
Pennsylvania,Perkiomenville
Pennsylvania,Perryopolis
Pennsylvania,Petersburg
Pennsylvania,Petrolia
Pennsylvania,Philadelphia
Pennsylvania,Philipsburg
Pennsylvania,Phoenixville
Pennsylvania,Pike County
Pennsylvania,Pine Grove
Pennsylvania,Pine Grove Mills
Pennsylvania,Pipersville
Pennsylvania,Pitcairn
Pennsylvania,Pittsburgh
Pennsylvania,Pittston
Pennsylvania,Pittston Township
Pennsylvania,Plainfield
Pennsylvania,Plains
Pennsylvania,Pleasant Gap
Pennsylvania,Pleasant Hall
Pennsylvania,Pleasant Mount
Pennsylvania,Pleasantville
Pennsylvania,Plymouth
Pennsylvania,Plymouth Meeting
Pennsylvania,Pocono Lake
Pennsylvania,Pocono Pines
Pennsylvania,Pocono Summit
Pennsylvania,Point Marion
Pennsylvania,Point Pleasant
Pennsylvania,Polk
Pennsylvania,Pomeroy
Pennsylvania,Port Allegany
Pennsylvania,Port Carbon
Pennsylvania,Port Clinton
Pennsylvania,Port Griffith
Pennsylvania,Port Matilda
Pennsylvania,Port Royal
Pennsylvania,Portage
Pennsylvania,Portersville
Pennsylvania,Portland
Pennsylvania,Pottersdale
Pennsylvania,Pottstown
Pennsylvania,Pottsville
Pennsylvania,Presto
Pennsylvania,Primos
Pennsylvania,Pringle
Pennsylvania,Prompton
Pennsylvania,Prospect
Pennsylvania,Prospect Park
Pennsylvania,Prosperity
Pennsylvania,Pulaski
Pennsylvania,Punxsutawney
Pennsylvania,Quakertown
Pennsylvania,Quarryville
Pennsylvania,Quentin
Pennsylvania,Quincy
Pennsylvania,Radnor
Pennsylvania,Ramey
Pennsylvania,Reading
Pennsylvania,Rebersburg
Pennsylvania,Rebuck
Pennsylvania,Rector
Pennsylvania,Red Hill
Pennsylvania,Red Lion
Pennsylvania,Reedsville
Pennsylvania,Refton
Pennsylvania,Reinholds
Pennsylvania,Renfrew
Pennsylvania,Renovo
Pennsylvania,Republic
Pennsylvania,Reynoldsville
Pennsylvania,Richboro
Pennsylvania,Richeyville
Pennsylvania,Richfield
Pennsylvania,Richland
Pennsylvania,Richlandtown
Pennsylvania,Richmondale
Pennsylvania,Riddlesburg
Pennsylvania,Ridgway
Pennsylvania,Ridley Park
Pennsylvania,Riegelsville
Pennsylvania,Rimersburg
Pennsylvania,Ringtown
Pennsylvania,Roaring Branch
Pennsylvania,Roaring Brook Township
Pennsylvania,Roaring Spring
Pennsylvania,Robertsdale
Pennsylvania,Robesonia
Pennsylvania,Robinson
Pennsylvania,Rochester
Pennsylvania,Rochester Mills
Pennsylvania,Rockledge
Pennsylvania,Rockton
Pennsylvania,Rockwood
Pennsylvania,Romansville
Pennsylvania,Rome
Pennsylvania,Ronco
Pennsylvania,Ronks
Pennsylvania,Roscoe
Pennsylvania,Rose Valley
Pennsylvania,Roseto
Pennsylvania,Roslyn
Pennsylvania,Rossiter
Pennsylvania,Rote
Pennsylvania,Roulette
Pennsylvania,Rouseville
Pennsylvania,Royersford
Pennsylvania,Rural Valley
Pennsylvania,Russell
Pennsylvania,Russellton
Pennsylvania,Rutledge
Pennsylvania,Rydal
Pennsylvania,Sabinsville
Pennsylvania,Sacramento
Pennsylvania,Saegertown
Pennsylvania,Sagamore
Pennsylvania,Saint Clair
Pennsylvania,Saint Marys
Pennsylvania,Saint Michael
Pennsylvania,Saint Thomas
Pennsylvania,Salisbury
Pennsylvania,Salix
Pennsylvania,Saltillo
Pennsylvania,Saltsburg
Pennsylvania,Sanatoga
Pennsylvania,Sandy Lake
Pennsylvania,Sandy Ridge
Pennsylvania,Sarver
Pennsylvania,Saxonburg
Pennsylvania,Saxton
Pennsylvania,Saylorsburg
Pennsylvania,Sayre
Pennsylvania,Scenery Hill
Pennsylvania,Schaefferstown
Pennsylvania,Schellsburg
Pennsylvania,Schnecksville
Pennsylvania,Schuylkill County
Pennsylvania,Schuylkill Haven
Pennsylvania,Schwenksville
Pennsylvania,Sciota
Pennsylvania,Scotland
Pennsylvania,Scotrun
Pennsylvania,Scott Township
Pennsylvania,Scottdale
Pennsylvania,Scranton
Pennsylvania,Seanor
Pennsylvania,Secane
Pennsylvania,Selinsgrove
Pennsylvania,Sellersville
Pennsylvania,Seltzer
Pennsylvania,Seneca
Pennsylvania,Seven Valleys
Pennsylvania,Seward
Pennsylvania,Sewickley
Pennsylvania,Shade Gap
Pennsylvania,Shamokin
Pennsylvania,Shamokin Dam
Pennsylvania,Sharon
Pennsylvania,Sharon Hill
Pennsylvania,Sharpsville
Pennsylvania,Shavertown
Pennsylvania,Sheffield
Pennsylvania,Shelocta
Pennsylvania,Shenandoah
Pennsylvania,Sheppton
Pennsylvania,Shermans Dale
Pennsylvania,Shickshinny
Pennsylvania,Shillington
Pennsylvania,Shinglehouse
Pennsylvania,Shippensburg
Pennsylvania,Shippenville
Pennsylvania,Shiremanstown
Pennsylvania,Shirleysburg
Pennsylvania,Shoemakersville
Pennsylvania,Shohola
Pennsylvania,Shrewsbury
Pennsylvania,Shunk
Pennsylvania,Sidman
Pennsylvania,Sigel
Pennsylvania,Silverdale
Pennsylvania,Simpson
Pennsylvania,Sinking Spring
Pennsylvania,Skippack
Pennsylvania,Slate Run
Pennsylvania,Slatington
Pennsylvania,Slippery Rock
Pennsylvania,Slovan
Pennsylvania,Smethport
Pennsylvania,Smithfield
Pennsylvania,Smithton
Pennsylvania,Smock
Pennsylvania,Snow Shoe
Pennsylvania,Solebury
Pennsylvania,Somerset
Pennsylvania,Souderton
Pennsylvania,South Abington
Pennsylvania,South Abington Township
Pennsylvania,South Fork
Pennsylvania,South Gibson
Pennsylvania,South Heights
Pennsylvania,South Mountain
Pennsylvania,South Park
Pennsylvania,South Sterling
Pennsylvania,South Whitehall Township
Pennsylvania,South Williamsport
Pennsylvania,Southampton
Pennsylvania,Spartansburg
Pennsylvania,Spring Brook Township
Pennsylvania,Spring City
Pennsylvania,Spring Glen
Pennsylvania,Spring Grove
Pennsylvania,Spring Mills
Pennsylvania,Spring Run
Pennsylvania,Springboro
Pennsylvania,Springdale
Pennsylvania,Springfield
Pennsylvania,Springfield Township
Pennsylvania,Springville
Pennsylvania,Spruce Creek
Pennsylvania,Starford
Pennsylvania,Starlight
Pennsylvania,State College
Pennsylvania,State Line
Pennsylvania,Steelton
Pennsylvania,Sterling
Pennsylvania,Stevens
Pennsylvania,Stewartstown
Pennsylvania,Stockdale
Pennsylvania,Stoneboro
Pennsylvania,Stowe
Pennsylvania,Stoystown
Pennsylvania,Strabane
Pennsylvania,Strafford
Pennsylvania,Strasburg
Pennsylvania,Strattanville
Pennsylvania,Strausstown
Pennsylvania,Stroud Township
Pennsylvania,Stroudsburg
Pennsylvania,Sugar Grove
Pennsylvania,Sugar Notch
Pennsylvania,Sugar Run
Pennsylvania,Sugarloaf
Pennsylvania,Summerdale
Pennsylvania,Summerhill
Pennsylvania,Summerville
Pennsylvania,Summit
Pennsylvania,Summit Hill
Pennsylvania,Sunbury
Pennsylvania,Susquehanna
Pennsylvania,Swarthmore
Pennsylvania,Swatara Township
Pennsylvania,Sweet Valley
Pennsylvania,Swiftwater
Pennsylvania,Swoyersville
Pennsylvania,Sykesville
Pennsylvania,Tafton
Pennsylvania,Tamaqua
Pennsylvania,Tamiment
Pennsylvania,Tannersville
Pennsylvania,Tarentum
Pennsylvania,Tarrs
Pennsylvania,Taylor
Pennsylvania,Telford
Pennsylvania,Temple
Pennsylvania,Templeton
Pennsylvania,Terre Hill
Pennsylvania,Thomasville
Pennsylvania,Thompson
Pennsylvania,Thompsontown
Pennsylvania,Thorndale
Pennsylvania,Thornhurst
Pennsylvania,Thornton
Pennsylvania,Three Springs
Pennsylvania,Throop
Pennsylvania,Tioga
Pennsylvania,Tiona
Pennsylvania,Tionesta
Pennsylvania,Titusville
Pennsylvania,Tobyhanna
Pennsylvania,Todd
Pennsylvania,Topton
Pennsylvania,Toughkenamon
Pennsylvania,Towanda
Pennsylvania,Tower City
Pennsylvania,Townville
Pennsylvania,Trafford
Pennsylvania,Transfer
Pennsylvania,Trappe
Pennsylvania,Treasure Lake
Pennsylvania,Tremont
Pennsylvania,Tresckow
Pennsylvania,Trevorton
Pennsylvania,Trevose
Pennsylvania,Trexlertown
Pennsylvania,Trout Run
Pennsylvania,Troutville
Pennsylvania,Troy
Pennsylvania,Trucksville
Pennsylvania,Trumbauersville
Pennsylvania,Tunkhannock
Pennsylvania,Turbotville
Pennsylvania,Turtle Creek
Pennsylvania,Turtlepoint
Pennsylvania,Twin Rocks
Pennsylvania,Tyler Hill
Pennsylvania,Tyrone
Pennsylvania,Ulster
Pennsylvania,Ulysses
Pennsylvania,Union City
Pennsylvania,Union Dale
Pennsylvania,Uniontown
Pennsylvania,Unityville
Pennsylvania,Upper Black Eddy
Pennsylvania,Upper Chichester
Pennsylvania,Upper Darby
Pennsylvania,Upper Macungie Township
Pennsylvania,Upper Milford Township
Pennsylvania,Upper Mt Bethel Township
Pennsylvania,Upper Saucon Township
Pennsylvania,Upperstrasburg
Pennsylvania,Utica
Pennsylvania,Valencia
Pennsylvania,Valley Township
Pennsylvania,Valley View
Pennsylvania,Vanderbilt
Pennsylvania,Vandergrift
Pennsylvania,Vandling
Pennsylvania,Venango
Pennsylvania,Venetia
Pennsylvania,Ventnor Heights
Pennsylvania,Verona
Pennsylvania,Vestaburg
Pennsylvania,Villanova
Pennsylvania,Vintondale
Pennsylvania,Virginville
Pennsylvania,Volant
Pennsylvania,Vowinckel
Pennsylvania,Wallaceton
Pennsylvania,Wallingford
Pennsylvania,Walnut Bottom
Pennsylvania,Walnutport
Pennsylvania,Wampum
Pennsylvania,Wapwallopen
Pennsylvania,Warfordsburg
Pennsylvania,Warminster
Pennsylvania,Warren
Pennsylvania,Warren Center
Pennsylvania,Warrendale
Pennsylvania,Warrington
Pennsylvania,Warrior Run
Pennsylvania,Warriors Mark
Pennsylvania,Warwick
Pennsylvania,Washington
Pennsylvania,Washington Boro
Pennsylvania,Washington Crossing
Pennsylvania,Waterfall
Pennsylvania,Waterford
Pennsylvania,Waterville
Pennsylvania,Watsontown
Pennsylvania,Wattsburg
Pennsylvania,Waverly
Pennsylvania,Waverly Township
Pennsylvania,Waymart
Pennsylvania,Wayne
Pennsylvania,Waynesboro
Pennsylvania,Waynesburg
Pennsylvania,Weatherly
Pennsylvania,Weedville
Pennsylvania,Weikert
Pennsylvania,Weisenberg Township
Pennsylvania,Weissport
Pennsylvania,Wellsboro
Pennsylvania,Wellsville
Pennsylvania,Wernersville
Pennsylvania,Wescosville
Pennsylvania,Wesleyville
Pennsylvania,West Alexander
Pennsylvania,West Brandywine
Pennsylvania,West Chester
Pennsylvania,West Conshohocken
Pennsylvania,West Decatur
Pennsylvania,West Easton
Pennsylvania,West Elizabeth
Pennsylvania,West Grove
Pennsylvania,West Hazleton
Pennsylvania,West Hickory
Pennsylvania,West Lawn
Pennsylvania,West Middlesex
Pennsylvania,West Mifflin
Pennsylvania,West Milton
Pennsylvania,West Nanticoke
Pennsylvania,West Newton
Pennsylvania,West Pittsburg
Pennsylvania,West Pittston
Pennsylvania,West Reading
Pennsylvania,West Springfield
Pennsylvania,West Sunbury
Pennsylvania,West Wyoming
Pennsylvania,Westfield
Pennsylvania,Westmoreland City
Pennsylvania,Weston
Pennsylvania,Westover
Pennsylvania,Westport
Pennsylvania,Wexford
Pennsylvania,White
Pennsylvania,White Haven
Pennsylvania,Whitehall
Pennsylvania,Wiconisco
Pennsylvania,Wilburton
Pennsylvania,Wilcox
Pennsylvania,Wilcox Pa
Pennsylvania,Wilkes Barre
Pennsylvania,Wilkes Barre Township
Pennsylvania,Williams Township
Pennsylvania,Williamsburg
Pennsylvania,Williamsport
Pennsylvania,Williamstown
Pennsylvania,Willow Grove
Pennsylvania,Willow Hill
Pennsylvania,Willow Street
Pennsylvania,Wilmerding
Pennsylvania,Wilmore
Pennsylvania,Wilson
Pennsylvania,Winburne
Pennsylvania,Wind Gap
Pennsylvania,Wind Ridge
Pennsylvania,Windber
Pennsylvania,Windsor
Pennsylvania,Winfield
Pennsylvania,Womelsdorf
Pennsylvania,Woodbury
Pennsylvania,Woodland
Pennsylvania,Woodlyn
Pennsylvania,Woodward
Pennsylvania,Wormleysburg
Pennsylvania,Worthington
Pennsylvania,Wrightsville
Pennsylvania,Wyalusing
Pennsylvania,Wycombe
Pennsylvania,Wyncote
Pennsylvania,Wyndmoor
Pennsylvania,Wynnewood
Pennsylvania,Wyoming
Pennsylvania,Wyomissing
Pennsylvania,Wysox
Pennsylvania,Yardley
Pennsylvania,Yatesville
Pennsylvania,Yeadon
Pennsylvania,Yeagertown
Pennsylvania,Yoe
Pennsylvania,York
Pennsylvania,York Haven
Pennsylvania,York Springs
Pennsylvania,Youngwood
Pennsylvania,Zelienople
Pennsylvania,Zieglerville
Pennsylvania,Zion Grove
Pennsylvania,Zionsville
Puerto Rico,Adjuntas
Puerto Rico,Aguada
Puerto Rico,Aguadilla
Puerto Rico,Aguas Buenas
Puerto Rico,Aibonito
Puerto Rico,Anasco
Puerto Rico,Arecibo
Puerto Rico,Arroyo
Puerto Rico,Barceloneta
Puerto Rico,Barranquitas
Puerto Rico,Bayamon
Puerto Rico,Bayamón
Puerto Rico,Cabo Rojo
Puerto Rico,Caguas
Puerto Rico,Camuy
Puerto Rico,Canovanas
Puerto Rico,Carolina
Puerto Rico,Catano
Puerto Rico,Cayey
Puerto Rico,Ceiba
Puerto Rico,Ciales
Puerto Rico,Cidra
Puerto Rico,Coamo
Puerto Rico,Comerio
Puerto Rico,Condado
Puerto Rico,Corozal
Puerto Rico,Culebra
Puerto Rico,Dorado
Puerto Rico,Fajardo
Puerto Rico,Florida
Puerto Rico,Guanica
Puerto Rico,Guayama
Puerto Rico,Guayanilla
Puerto Rico,Guaynabo
Puerto Rico,Gurabo
Puerto Rico,Hatillo
Puerto Rico,Hormigueros
Puerto Rico,Humacao
Puerto Rico,Isabela
Puerto Rico,Jayuya
Puerto Rico,Juana Diaz
Puerto Rico,Juncos
Puerto Rico,Lajas
Puerto Rico,Lares
Puerto Rico,Las Marias
Puerto Rico,Las Piedras
Puerto Rico,Loiza
Puerto Rico,Luquillo
Puerto Rico,Manati
Puerto Rico,Maricao
Puerto Rico,Maunabo
Puerto Rico,Mayaguez
Puerto Rico,Moca
Puerto Rico,Morovis
Puerto Rico,Naguabo
Puerto Rico,Naranjito
Puerto Rico,Old San Juan
Puerto Rico,Orocovis
Puerto Rico,Patillas
Puerto Rico,Penuelas
Puerto Rico,Ponce
Puerto Rico,Quebradillas
Puerto Rico,Rincon
Puerto Rico,Rio Grande
Puerto Rico,Rio Piedras
Puerto Rico,Sabana Grande
Puerto Rico,Sabana Hoyos
Puerto Rico,Salinas
Puerto Rico,San German
Puerto Rico,San Juan
Puerto Rico,San Lorenzo
Puerto Rico,San Sebastian
Puerto Rico,Santa Isabel
Puerto Rico,Toa Alta
Puerto Rico,Toa Baja
Puerto Rico,Trujillo Alto
Puerto Rico,Utuado
Puerto Rico,Vega Alta
Puerto Rico,Vega Baja
Puerto Rico,Vieques
Puerto Rico,Villalba
Puerto Rico,Yabucoa
Puerto Rico,Yauco
Rhode Island,Barrington
Rhode Island,Block Island
Rhode Island,Bristol
Rhode Island,Burrillville
Rhode Island,Central Falls
Rhode Island,Charlestown
Rhode Island,Coventry
Rhode Island,Cranston
Rhode Island,Cumberland
Rhode Island,East Greenwich
Rhode Island,East Providence
Rhode Island,Exeter
Rhode Island,Foster
Rhode Island,Glocester
Rhode Island,Hopkinton
Rhode Island,Jamestown
Rhode Island,Johnston
Rhode Island,Lincoln
Rhode Island,Little Compton
Rhode Island,Middletown
Rhode Island,Narragansett
Rhode Island,Newport
Rhode Island,North Kingstown
Rhode Island,North Providence
Rhode Island,North Smithfield
Rhode Island,Pawtucket
Rhode Island,Portsmouth
Rhode Island,Providence
Rhode Island,Richmond
Rhode Island,Scituate
Rhode Island,Smithfield
Rhode Island,South Kingstown
Rhode Island,Tiverton
Rhode Island,Warren
Rhode Island,Warwick
Rhode Island,West Greenwich
Rhode Island,West Warwick
Rhode Island,Westerly
Rhode Island,Woonsocket
South Carolina,Abbeville
South Carolina,Adams Run
South Carolina,Aiken
South Carolina,Alcolu
South Carolina,Allendale
South Carolina,Anderson
South Carolina,Andrews
South Carolina,Awendaw
South Carolina,Aynor
South Carolina,Bamberg
South Carolina,Barnwell
South Carolina,Batesburg
South Carolina,Beaufort
South Carolina,Beech Island
South Carolina,Belton
South Carolina,Belvedere
South Carolina,Bennettsville
South Carolina,Bethune
South Carolina,Bishopville
South Carolina,Blacksburg
South Carolina,Blackstock
South Carolina,Blackville
South Carolina,Blair
South Carolina,Bluffton
South Carolina,Blythewood
South Carolina,Boiling Springs
South Carolina,Bonneau
South Carolina,Bowman
South Carolina,Branchville
South Carolina,Brunson
South Carolina,Burton
South Carolina,Cades
South Carolina,Calhoun Falls
South Carolina,Camden
South Carolina,Cameron
South Carolina,Campobello
South Carolina,Carlisle
South Carolina,Carolina Shores
South Carolina,Cassatt
South Carolina,Catawba
South Carolina,Cayce
South Carolina,Central
South Carolina,Chapin
South Carolina,Charleston
South Carolina,Cheraw
South Carolina,Cherry Grove
South Carolina,Chesnee
South Carolina,Chester
South Carolina,Chesterfield
South Carolina,Clarks Hill
South Carolina,Clemson
South Carolina,Clinton
South Carolina,Clio
South Carolina,Clover
South Carolina,Columbia
South Carolina,Conway
South Carolina,Cope
South Carolina,Cordova
South Carolina,Cottageville
South Carolina,Coward
South Carolina,Cowpens
South Carolina,Cross
South Carolina,Cross Hill
South Carolina,Dalzell
South Carolina,Daniel Island
South Carolina,Darlington
South Carolina,Dataw Island
South Carolina,Daufuskie Island
South Carolina,Denmark
South Carolina,Dewees Island
South Carolina,Dillon
South Carolina,Donalds
South Carolina,Dorchester
South Carolina,Due West
South Carolina,Duncan
South Carolina,Early Branch
South Carolina,Easley
South Carolina,Eastover
South Carolina,Edgefield
South Carolina,Edgemoor
South Carolina,Edisto Beach
South Carolina,Edisto Island
South Carolina,Effingham
South Carolina,Elgin
South Carolina,Elloree
South Carolina,Enoree
South Carolina,Estill
South Carolina,Eureka Mill
South Carolina,Eutawville
South Carolina,Fairfax
South Carolina,Fingerville
South Carolina,Florence
South Carolina,Folly Beach
South Carolina,Forest Acres
South Carolina,Fork
South Carolina,Fort Lawn
South Carolina,Fort Mill
South Carolina,Fountain Inn
South Carolina,Fripp Island
South Carolina,Gable
South Carolina,Gadsden
South Carolina,Gaffney
South Carolina,Galivants Ferry
South Carolina,Garden City Beach
South Carolina,Gaston
South Carolina,Georgetown
South Carolina,Gilbert
South Carolina,Gloverville
South Carolina,Goose Creek
South Carolina,Graniteville
South Carolina,Gray Court
South Carolina,Great Falls
South Carolina,Greeleyville
South Carolina,Green Pond
South Carolina,Green Sea
South Carolina,Greenville
South Carolina,Greenwood
South Carolina,Greer
South Carolina,Gresham
South Carolina,Hampton
South Carolina,Hanahan
South Carolina,Hardeeville
South Carolina,Harleyville
South Carolina,Hartsville
South Carolina,Heath Springs
South Carolina,Hemingway
South Carolina,Hickory Grove
South Carolina,Hilton Head Island
South Carolina,Hodges
South Carolina,Holly Hill
South Carolina,Hollywood
South Carolina,Honea Path
South Carolina,Hopkins
South Carolina,Huger
South Carolina,Indian Land
South Carolina,Inman
South Carolina,Irmo
South Carolina,Islandton
South Carolina,Isle of Palms
South Carolina,Iva
South Carolina,Jackson
South Carolina,James Island
South Carolina,Jamestown
South Carolina,Jefferson
South Carolina,Jenkinsville
South Carolina,Johns Island
South Carolina,Johnsonville
South Carolina,Johnston
South Carolina,Kershaw
South Carolina,Kiawah Island
South Carolina,Kingstree
South Carolina,Ladson
South Carolina,Lady's Island
South Carolina,Lake City
South Carolina,Lake View
South Carolina,Lake Wylie
South Carolina,Lamar
South Carolina,Lancaster
South Carolina,Landrum
South Carolina,Lane
South Carolina,Latta
South Carolina,Laurens
South Carolina,Leesville
South Carolina,Lexington
South Carolina,Liberty
South Carolina,Liberty Hill
South Carolina,Litchfield
South Carolina,Little River
South Carolina,Lodge
South Carolina,Longs
South Carolina,Loris
South Carolina,Lowndesville
South Carolina,Lugoff
South Carolina,Lyman
South Carolina,Lynchburg
South Carolina,Manning
South Carolina,Marion
South Carolina,Mayesville
South Carolina,McBee
South Carolina,McClellanville
South Carolina,McColl
South Carolina,McConnells
South Carolina,McCormick
South Carolina,Meggett
South Carolina,Moncks Corner
South Carolina,Moore
South Carolina,Mount Croghan
South Carolina,Mount Pleasant
South Carolina,Mountain Rest
South Carolina,Mullins
South Carolina,Murrells Inlet
South Carolina,Myrtle Beach
South Carolina,Neeses
South Carolina,Nesmith
South Carolina,New Ellenton
South Carolina,New Zion
South Carolina,Newberry
South Carolina,Nichols
South Carolina,Ninety Six
South Carolina,Norris
South Carolina,North
South Carolina,North Augusta
South Carolina,North Charleston
South Carolina,North Myrtle Beach
South Carolina,Norway
South Carolina,Okatie
South Carolina,Olanta
South Carolina,Olar
South Carolina,Orangeburg
South Carolina,Pacolet
South Carolina,Pageland
South Carolina,Pamplico
South Carolina,Patrick
South Carolina,Pauline
South Carolina,Pawleys Island
South Carolina,Pelion
South Carolina,Pelzer
South Carolina,Pendleton
South Carolina,Pickens
South Carolina,Piedmont
South Carolina,Pineland
South Carolina,Pineville
South Carolina,Pinewood
South Carolina,Pinopolis
South Carolina,Plum Branch
South Carolina,Pomaria
South Carolina,Port Royal
South Carolina,Prosperity
South Carolina,Quinby
South Carolina,Ravenel
South Carolina,Reevesville
South Carolina,Reidville
South Carolina,Rembert
South Carolina,Richburg
South Carolina,Ridge Spring
South Carolina,Ridgeland
South Carolina,Ridgeville
South Carolina,Ridgeway
South Carolina,Road
South Carolina,Rock Hill
South Carolina,Roebuck
South Carolina,Round O
South Carolina,Rowesville
South Carolina,Ruby
South Carolina,Ruffin
South Carolina,Saint George
South Carolina,Saint Helena Island
South Carolina,Saint Matthews
South Carolina,Saint Stephen
South Carolina,Salem
South Carolina,Salley
South Carolina,Salters
South Carolina,Saluda
South Carolina,Santee
South Carolina,Scranton
South Carolina,Seabrook
South Carolina,Seabrook Island
South Carolina,Sellers
South Carolina,Seneca
South Carolina,Sharon
South Carolina,Silverstreet
South Carolina,Simpsonville
South Carolina,Smoaks
South Carolina,Smyrna
South Carolina,Society Hill
South Carolina,Spartanburg
South Carolina,Springfield
South Carolina,Starr
South Carolina,Startex
South Carolina,Stateburg
South Carolina,Summerton
South Carolina,Summerville
South Carolina,Sumter
South Carolina,Sunset
South Carolina,Surfside Beach
South Carolina,Swansea
South Carolina,Tamassee
South Carolina,Tatum
South Carolina,Taylors
South Carolina,Tega Cay
South Carolina,Tillman
South Carolina,Timmonsville
South Carolina,Townville
South Carolina,Travelers Rest
South Carolina,Trenton
South Carolina,Union
South Carolina,Vance
South Carolina,Varnville
South Carolina,Wadmalaw Island
South Carolina,Wagener
South Carolina,Walhalla
South Carolina,Wallace
South Carolina,Walterboro
South Carolina,Wando
South Carolina,Ware Shoals
South Carolina,Warrenville
South Carolina,Waterloo
South Carolina,Wedgefield
South Carolina,Wellford
South Carolina,West Columbia
South Carolina,West Union
South Carolina,Westminster
South Carolina,Whitmire
South Carolina,Williamston
South Carolina,Williston
South Carolina,Windsor
South Carolina,Winnsboro
South Carolina,Woodruff
South Carolina,Yemassee
South Carolina,York
South Dakota,Aberdeen
South Dakota,Alcester
South Dakota,Arlington
South Dakota,Astoria
South Dakota,Aurora
South Dakota,Avon
South Dakota,Baltic
South Dakota,Bath
South Dakota,Belle Fourche
South Dakota,Beresford
South Dakota,Big Stone City
South Dakota,Bison
South Dakota,Blackhawk
South Dakota,Blunt
South Dakota,Box Elder
South Dakota,Brandon
South Dakota,Britton
South Dakota,Brookings
South Dakota,Bruce
South Dakota,Buffalo Gap
South Dakota,Burbank
South Dakota,Burke
South Dakota,Camp Crook
South Dakota,Canistota
South Dakota,Canova
South Dakota,Canton
South Dakota,Carthage
South Dakota,Castlewood
South Dakota,Centerville
South Dakota,Chamberlain
South Dakota,Chancellor
South Dakota,Chester
South Dakota,Claire City
South Dakota,Claremont
South Dakota,Clark
South Dakota,Clear Lake
South Dakota,Clearfield
South Dakota,Colman
South Dakota,Colton
South Dakota,Corona
South Dakota,Crooks
South Dakota,Custer
South Dakota,Dakota Dunes
South Dakota,De Smet
South Dakota,Deadwood
South Dakota,Dell Rapids
South Dakota,Dimock
South Dakota,Edgemont
South Dakota,Elk Point
South Dakota,Elkton
South Dakota,Estelline
South Dakota,Fairfax
South Dakota,Faith
South Dakota,Flandreau
South Dakota,Fort Pierre
South Dakota,Freeman
South Dakota,Garretson
South Dakota,Gary
South Dakota,Grenville
South Dakota,Groton
South Dakota,Harrisburg
South Dakota,Hartford
South Dakota,Hayti
South Dakota,Henry
South Dakota,Hermosa
South Dakota,Herreid
South Dakota,Hill City
South Dakota,Hitchcock
South Dakota,Hot Springs
South Dakota,Hoven
South Dakota,Howard
South Dakota,Hudson
South Dakota,Humboldt
South Dakota,Hurley
South Dakota,Huron
South Dakota,Ipswich
South Dakota,Irene
South Dakota,Jefferson
South Dakota,Keystone
South Dakota,Kimball
South Dakota,Lake City
South Dakota,Lake Norden
South Dakota,Lake Poinsett
South Dakota,Lake Preston
South Dakota,Lane
South Dakota,Lead
South Dakota,Lemmon
South Dakota,Lennox
South Dakota,Leola
South Dakota,Lesterville
South Dakota,Lyons
South Dakota,Madison
South Dakota,Mansfield
South Dakota,Martin
South Dakota,McCook Lake
South Dakota,McLaughlin
South Dakota,Meckling
South Dakota,Menno
South Dakota,Milbank
South Dakota,Miller
South Dakota,Mina
South Dakota,Mitchell
South Dakota,Mobridge
South Dakota,Mount Vernon
South Dakota,Murdo
South Dakota,Nemo
South Dakota,New Underwood
South Dakota,Newell
South Dakota,No Sioux City
South Dakota,North Sioux City
South Dakota,Oelrichs
South Dakota,Oldham
South Dakota,Parker
South Dakota,Parkston
South Dakota,Pickstown
South Dakota,Piedmont
South Dakota,Pierre
South Dakota,Pollock
South Dakota,Presho
South Dakota,Rapid City
South Dakota,Rapid Valley
South Dakota,Redfield
South Dakota,Renner
South Dakota,Roscoe
South Dakota,Roslyn
South Dakota,Rutland
South Dakota,Salem
South Dakota,Scotland
South Dakota,Selby
South Dakota,Sioux Falls
South Dakota,Sisseton
South Dakota,Spearfish
South Dakota,Spencer
South Dakota,Springfield
South Dakota,Sturgis
South Dakota,Summerset
South Dakota,Tea
South Dakota,Toronto
South Dakota,Tulare
South Dakota,Tyndall
South Dakota,Utica
South Dakota,Valley Springs
South Dakota,Vermillion
South Dakota,Viborg
South Dakota,Volga
South Dakota,Volin
South Dakota,Wagner
South Dakota,Wasta
South Dakota,Watertown
South Dakota,Waverly
South Dakota,Webster
South Dakota,Wentworth
South Dakota,Wessington Springs
South Dakota,White
South Dakota,White Lake
South Dakota,Willow Lake
South Dakota,Wilmot
South Dakota,Winner
South Dakota,Wolsey
South Dakota,Woonsocket
South Dakota,Worthing
South Dakota,Yankton
Tennessee,Adams
Tennessee,Adamsville
Tennessee,Afton
Tennessee,Alamo
Tennessee,Alcoa
Tennessee,Alexandria
Tennessee,Algood
Tennessee,Allardt
Tennessee,Allons
Tennessee,Alpine
Tennessee,Altamont
Tennessee,Andersonville
Tennessee,Antioch
Tennessee,Apison
Tennessee,Ardmore
Tennessee,Arrington
Tennessee,Ashland City
Tennessee,Athens
Tennessee,Atwood
Tennessee,Auburntown
Tennessee,Bath Springs
Tennessee,Baxter
Tennessee,Bean Station
Tennessee,Beech Bluff
Tennessee,Beechgrove
Tennessee,Beersheba Springs
Tennessee,Belfast
Tennessee,Bell Buckle
Tennessee,Bells
Tennessee,Belvidere
Tennessee,Benton
Tennessee,Bethel Springs
Tennessee,Bethpage
Tennessee,Big Rock
Tennessee,Big Sandy
Tennessee,Birchwood
Tennessee,Blaine
Tennessee,Bloomington Springs
Tennessee,Blountville
Tennessee,Bluff City
Tennessee,Bolivar
Tennessee,Bon Aqua
Tennessee,Bradford
Tennessee,Bradyville
Tennessee,Brentwood
Tennessee,Bristol
Tennessee,Brownsville
Tennessee,Bruceton
Tennessee,Brush Creek
Tennessee,Buchanan
Tennessee,Buena Vista
Tennessee,Buffalo Valley
Tennessee,Bulls Gap
Tennessee,Bulter
Tennessee,Burns
Tennessee,Butler
Tennessee,Bybee
Tennessee,Byrdstown
Tennessee,Calhoun
Tennessee,Camden
Tennessee,Carthage
Tennessee,Caryville
Tennessee,Castalian Springs
Tennessee,Cedar Grove
Tennessee,Cedar Hill
Tennessee,Celina
Tennessee,Centerville
Tennessee,Chapel Hill
Tennessee,Chapmansboro
Tennessee,Charleston
Tennessee,Charlotte
Tennessee,Chattanooga
Tennessee,Chestnut Mound
Tennessee,Christiana
Tennessee,Chuckey
Tennessee,Church Hill
Tennessee,Clarkrange
Tennessee,Clarksville
Tennessee,Cleveland
Tennessee,Clifton
Tennessee,Clinton
Tennessee,Coalmont
Tennessee,College Grove
Tennessee,Collinwood
Tennessee,Columbia
Tennessee,Cookeville
Tennessee,Copperhill
Tennessee,Cornersville
Tennessee,Corryton
Tennessee,Cosby
Tennessee,Cottage Grove
Tennessee,Cottontown
Tennessee,Counce
Tennessee,Cowan
Tennessee,Crab Orchard
Tennessee,Crawford
Tennessee,Cross Plains
Tennessee,Crossville
Tennessee,Culleoka
Tennessee,Cumberland City
Tennessee,Cumberland Furnace
Tennessee,Cumberland Gap
Tennessee,Cunningham
Tennessee,Cypress Inn
Tennessee,Dandridge
Tennessee,Darden
Tennessee,Dayton
Tennessee,Decatur
Tennessee,Decaturville
Tennessee,Decherd
Tennessee,Deer Lodge
Tennessee,Del Rio
Tennessee,Delano
Tennessee,Dellrose
Tennessee,Denmark
Tennessee,Dickson
Tennessee,Dover
Tennessee,Doyle
Tennessee,Dresden
Tennessee,Duck River
Tennessee,Ducktown
Tennessee,Duff
Tennessee,Dukedom
Tennessee,Dunlap
Tennessee,Dyer
Tennessee,Dyersburg
Tennessee,Eagleville
Tennessee,Eidson
Tennessee,Elizabethton
Tennessee,Elmwood
Tennessee,Elora
Tennessee,Englewood
Tennessee,Erin
Tennessee,Erwin
Tennessee,Estill Springs
Tennessee,Ethridge
Tennessee,Etowah
Tennessee,Eva
Tennessee,Evensville
Tennessee,Fairfield Glade
Tennessee,Fairview
Tennessee,Fall Branch
Tennessee,Farner
Tennessee,Farragut
Tennessee,Fayetteville
Tennessee,Finger
Tennessee,Finley
Tennessee,Five Points
Tennessee,Flag Pond
Tennessee,Flintville
Tennessee,Fowlkes
Tennessee,Franklin
Tennessee,Friendship
Tennessee,Friendsville
Tennessee,Gadsden
Tennessee,Gainesboro
Tennessee,Gallatin
Tennessee,Gates
Tennessee,Gatlinburg
Tennessee,Georgetown
Tennessee,Gleason
Tennessee,Goodlettsville
Tennessee,Goodspring
Tennessee,Gordonsville
Tennessee,Grandview
Tennessee,Gray
Tennessee,Graysville
Tennessee,Greenback
Tennessee,Greenbrier
Tennessee,Greeneville
Tennessee,Greenfield
Tennessee,Grimsley
Tennessee,Gruetli Laager
Tennessee,Guys
Tennessee,Halls
Tennessee,Hampshire
Tennessee,Hampton
Tennessee,Harriman
Tennessee,Harrison
Tennessee,Harrogate
Tennessee,Hartford
Tennessee,Hartsville
Tennessee,Heiskell
Tennessee,Helenwood
Tennessee,Henderson
Tennessee,Hendersonville
Tennessee,Henry
Tennessee,Hermitage
Tennessee,Hilham
Tennessee,Hillsboro
Tennessee,Hixson
Tennessee,Hohenwald
Tennessee,Holladay
Tennessee,Hollow Rock
Tennessee,Hornbeak
Tennessee,Humboldt
Tennessee,Huntingdon
Tennessee,Huntland
Tennessee,Huntsville
Tennessee,Huron
Tennessee,Hurricane Mills
Tennessee,Indian Mound
Tennessee,Jacksboro
Tennessee,Jackson
Tennessee,Jamestown
Tennessee,Jasper
Tennessee,Jefferson City
Tennessee,Jellico
Tennessee,Joelton
Tennessee,Johnson City
Tennessee,Jonesborough
Tennessee,Kelso
Tennessee,Kenton
Tennessee,Kimball
Tennessee,Kingsport
Tennessee,Kingston
Tennessee,Kingston Springs
Tennessee,Knoxville
Tennessee,Kodak
Tennessee,Kyles Ford
Tennessee,La Follette
Tennessee,La Vergne
Tennessee,Lafayette
Tennessee,Lakesite
Tennessee,Lancaster
Tennessee,Lancing
Tennessee,Lascassas
Tennessee,Lawrenceburg
Tennessee,Lebanon
Tennessee,Lenoir City
Tennessee,Lenox
Tennessee,Leoma
Tennessee,Lewisburg
Tennessee,Lexington
Tennessee,Liberty
Tennessee,Limestone
Tennessee,Linden
Tennessee,Livingston
Tennessee,Lobelville
Tennessee,Lookout Mountain
Tennessee,Loretto
Tennessee,Loudon
Tennessee,Louisville
Tennessee,Lupton City
Tennessee,Luttrell
Tennessee,Lyles
Tennessee,Lynchburg
Tennessee,Lynnville
Tennessee,Madison
Tennessee,Madisonville
Tennessee,Manchester
Tennessee,Mansfield
Tennessee,Martin
Tennessee,Maryville
Tennessee,Mascot
Tennessee,Maynardville
Tennessee,McDonald
Tennessee,McEwen
Tennessee,McKenzie
Tennessee,McMinnville
Tennessee,Medina
Tennessee,Memphis
Tennessee,Michie
Tennessee,Middleton
Tennessee,Midway
Tennessee,Milan
Tennessee,Milledgeville
Tennessee,Millington
Tennessee,Milton
Tennessee,Minnick
Tennessee,Minor Hill
Tennessee,Mohawk
Tennessee,Monroe
Tennessee,Monteagle
Tennessee,Monterey
Tennessee,Mooresburg
Tennessee,Morris Chapel
Tennessee,Morrison
Tennessee,Morristown
Tennessee,Mosheim
Tennessee,Moss
Tennessee,Mount Carmel
Tennessee,Mount Juliet
Tennessee,Mount Pleasant
Tennessee,Mountain City
Tennessee,Mulberry
Tennessee,Munford
Tennessee,Murfreesboro
Tennessee,Nashville
Tennessee,New Johnsonville
Tennessee,New Market
Tennessee,New Tazewell
Tennessee,Newbern
Tennessee,Newcomb
Tennessee,Newport
Tennessee,Niota
Tennessee,Nolensville
Tennessee,Normandy
Tennessee,Norris
Tennessee,Nunnelly
Tennessee,Oak Ridge
Tennessee,Oakdale
Tennessee,Obion
Tennessee,Ocoee
Tennessee,Old Fort
Tennessee,Old Hickory
Tennessee,Oliver Springs
Tennessee,Oneida
Tennessee,Ooltewah
Tennessee,Orlinda
Tennessee,Pall Mall
Tennessee,Palmer
Tennessee,Palmersville
Tennessee,Palmyra
Tennessee,Paris
Tennessee,Parrottsville
Tennessee,Parsons
Tennessee,Pegram
Tennessee,Petersburg
Tennessee,Philadelphia
Tennessee,Pigeon Forge
Tennessee,Pikeville
Tennessee,Piney Flats
Tennessee,Pinson
Tennessee,Pioneer
Tennessee,Pleasant Shade
Tennessee,Pleasant View
Tennessee,Portland
Tennessee,Powell
Tennessee,Primm Springs
Tennessee,Prospect
Tennessee,Pulaski
Tennessee,Puryear
Tennessee,Quebeck
Tennessee,Reagan
Tennessee,Red Boiling Springs
Tennessee,Reliance
Tennessee,Riceville
Tennessee,Rickman
Tennessee,Riddleton
Tennessee,Ridgely
Tennessee,Ripley
Tennessee,Roan Mountain
Tennessee,Robbins
Tennessee,Rock Island
Tennessee,Rockford
Tennessee,Rockvale
Tennessee,Rockwood
Tennessee,Rocky Top
Tennessee,Rogersville
Tennessee,Rugby
Tennessee,Russellville
Tennessee,Rutherford
Tennessee,Rutledge
Tennessee,Sale Creek
Tennessee,Santa Fe
Tennessee,Savannah
Tennessee,Scotts Hill
Tennessee,Selmer
Tennessee,Sequatchie
Tennessee,Sevierville
Tennessee,Sewanee
Tennessee,Seymour
Tennessee,Shady Valley
Tennessee,Sharon
Tennessee,Sharps Chapel
Tennessee,Shelbyville
Tennessee,Signal Mountain
Tennessee,Silver Point
Tennessee,Smithville
Tennessee,Smyrna
Tennessee,Sneedville
Tennessee,Soddy Daisy
Tennessee,South Fulton
Tennessee,South Pittsburg
Tennessee,Southside
Tennessee,Sparta
Tennessee,Speedwell
Tennessee,Spencer
Tennessee,Spring City
Tennessee,Spring Hill
Tennessee,Springfield
Tennessee,Springville
Tennessee,Stanton
Tennessee,Stantonville
Tennessee,Stewart
Tennessee,Strawberry Plains
Tennessee,Sugar Tree
Tennessee,Summertown
Tennessee,Sunbright
Tennessee,Surgoinsville
Tennessee,Sweetwater
Tennessee,Taft
Tennessee,Talbott
Tennessee,Tallassee
Tennessee,Tazewell
Tennessee,Telford
Tennessee,Tellico Plains
Tennessee,Ten Mile
Tennessee,Tennessee Ridge
Tennessee,Thompsons Station
Tennessee,Thorn Hill
Tennessee,Three Way
Tennessee,Tiptonville
Tennessee,Toone
Tennessee,Townsend
Tennessee,Tracy City
Tennessee,Trade
Tennessee,Treadway
Tennessee,Trenton
Tennessee,Trezevant
Tennessee,Trimble
Tennessee,Troy
Tennessee,Tullahoma
Tennessee,Turtletown
Tennessee,Tusculum
Tennessee,Unicoi
Tennessee,Union City
Tennessee,Unionville
Tennessee,Vanleer
Tennessee,Vonore
Tennessee,Walland
Tennessee,Walling
Tennessee,Wartburg
Tennessee,Wartrace
Tennessee,Washburn
Tennessee,Watauga
Tennessee,Watertown
Tennessee,Waverly
Tennessee,Waynesboro
Tennessee,Westmoreland
Tennessee,White Bluff
Tennessee,White House
Tennessee,White Pine
Tennessee,Whites Creek
Tennessee,Whitesburg
Tennessee,Whitleyville
Tennessee,Whitwell
Tennessee,Wilder
Tennessee,Wildersville
Tennessee,Williamsport
Tennessee,Winchester
Tennessee,Woodbury
Tennessee,Woodlawn
Tennessee,Yuma
Texas,Abernathy
Texas,Abilene
Texas,Adamsville
Texas,Addison
Texas,Adkins
Texas,Agua Dulce
Texas,Alamo
Texas,Alamo Heights
Texas,Alba
Texas,Albany
Texas,Aldine
Texas,Aledo
Texas,Algoa
Texas,Alice
Texas,Allen
Texas,Alleyton
Texas,Alma
Texas,Alpine
Texas,Altair
Texas,Alto
Texas,Alton
Texas,Alvarado
Texas,Alvin
Texas,Alvord
Texas,Amarillo
Texas,Ames
Texas,Amherst
Texas,Anahuac
Texas,Anderson
Texas,Andrews
Texas,Angleton
Texas,Anna
Texas,Annona
Texas,Anson
Texas,Anthony
Texas,Anton
Texas,Apple Springs
Texas,Appleby
Texas,Aquilla
Texas,Aransas Pass
Texas,Archer City
Texas,Arcola
Texas,Argyle
Texas,Arlington
Texas,Arp
Texas,Arroyo City
Texas,Arthur City
Texas,Aspermont
Texas,Atascocita
Texas,Atascosa
Texas,Athens
Texas,Atlanta
Texas,Aubrey
Texas,Aurora
Texas,Austin
Texas,Austwell
Texas,Avalon
Texas,Avery
Texas,Avinger
Texas,Avoca
Texas,Axtell
Texas,Azle
Texas,Bacliff
Texas,Bagwell
Texas,Bailey
Texas,Baird
Texas,Balch Springs
Texas,Ballinger
Texas,Bandera
Texas,Bangs
Texas,Banquete
Texas,Bardwell
Texas,Barnhart
Texas,Barry
Texas,Bartlett
Texas,Bartonville
Texas,Bastrop
Texas,Batson
Texas,Bay City
Texas,Bayou Vista
Texas,Bayside
Texas,Baytown
Texas,Bayview
Texas,Beach City
Texas,Beasley
Texas,Beaumont
Texas,Beckville
Texas,Bedford
Texas,Bedias
Texas,Bee Cave
Texas,Beeville
Texas,Bellaire
Texas,Bellevue
Texas,Bellmead
Texas,Bells
Texas,Bellville
Texas,Belton
Texas,Ben Franklin
Texas,Ben Wheeler
Texas,Benavides
Texas,Benbrook
Texas,Benjamin
Texas,Bergheim
Texas,Bertram
Texas,Bevil Oaks
Texas,Bexar Co
Texas,Big Lake
Texas,Big Sandy
Texas,Big Spring
Texas,Big Wells
Texas,Bigfoot
Texas,Bishop
Texas,Bivins
Texas,Blanco
Texas,Blanket
Texas,Bleiblerville
Texas,Blessing
Texas,Bloomburg
Texas,Blooming Grove
Texas,Bloomington
Texas,Blossom
Texas,Blue Mound
Texas,Blue Ridge
Texas,Bluff Dale
Texas,Blum
Texas,Boerne
Texas,Bogata
Texas,Boling
Texas,Bon Wier
Texas,Bonham
Texas,Booker
Texas,Borger
Texas,Bovina
Texas,Bowie
Texas,Boyd
Texas,Brackettville
Texas,Brady
Texas,Brashear
Texas,Brazoria
Texas,Breckenridge
Texas,Bremond
Texas,Brenham
Texas,Bridge City
Texas,Bridgeport
Texas,Briscoe
Texas,Broaddus
Texas,Brock
Texas,Bronson
Texas,Bronte
Texas,Brookeland
Texas,Brookesmith
Texas,Brookshire
Texas,Brookside Village
Texas,Brookston
Texas,Brownfield
Texas,Brownsboro
Texas,Brownsville
Texas,Brownwood
Texas,Bruceville
Texas,Bruceville Eddy
Texas,Bryan
Texas,Bryson
Texas,Buchanan Dam
Texas,Buckholts
Texas,Buda
Texas,Buffalo
Texas,Buffalo Gap
Texas,Bullard
Texas,Bulverde
Texas,Buna
Texas,Bunker Hill Village
Texas,Burkburnett
Texas,Burkeville
Texas,Burleson
Texas,Burnet
Texas,Burton
Texas,Bushland
Texas,Bynum
Texas,Caddo
Texas,Caddo Mills
Texas,Caldwell
Texas,Calvert
Texas,Cameron
Texas,Camp Wood
Texas,Campbell
Texas,Campbellton
Texas,Canadian
Texas,Canton
Texas,Canutillo
Texas,Canyon
Texas,Canyon Lake
Texas,Carbon
Texas,Carlsbad
Texas,Carmine
Texas,Carrizo Springs
Texas,Carrollton
Texas,Carthage
Texas,Castle Hills
Texas,Castroville
Texas,Cat Spring
Texas,Cayuga
Texas,Cedar Creek
Texas,Cedar Hill
Texas,Cedar Park
Texas,Celeste
Texas,Celina
Texas,Center
Texas,Center Point
Texas,Centerville
Texas,Chandler
Texas,Channelview
Texas,Chappell Hill
Texas,Charlotte
Texas,Chatfield
Texas,Cherokee
Texas,Chester
Texas,Chico
Texas,Childress
Texas,China
Texas,China Spring
Texas,Chireno
Texas,Christine
Texas,Christoval
Texas,Cibolo
Texas,Cisco
Texas,City By The Sea
Texas,Clarendon
Texas,Clarksville
Texas,Claude
Texas,Clear Lake Shores
Texas,Cleburne
Texas,Clemville
Texas,Cleveland
Texas,Clifton
Texas,Clint
Texas,Clute
Texas,Clyde
Texas,Coahoma
Texas,Cockrell Hill
Texas,Coldspring
Texas,Coleman
Texas,College Station
Texas,Colleyville
Texas,Collinsville
Texas,Colmesneil
Texas,Colorado City
Texas,Colorado City Lake
Texas,Columbus
Texas,Comanche
Texas,Combes
Texas,Combine
Texas,Comfort
Texas,Commerce
Texas,Como
Texas,Comstock
Texas,Concan
Texas,Concepcion
Texas,Conroe
Texas,Converse
Texas,Cookville
Texas,Coolidge
Texas,Cooper
Texas,Coppell
Texas,Copperas Cove
Texas,Corinth
Texas,Corpus Christi
Texas,Corrigan
Texas,Corsicana
Texas,Cottonwood Shores
Texas,Cotulla
Texas,Coupland
Texas,Cove
Texas,Covington
Texas,Coyote Flats
Texas,Crandall
Texas,Crane
Texas,Cranfills Gap
Texas,Crawford
Texas,Cresson
Texas,Crockett
Texas,Crosby
Texas,Crosbyton
Texas,Cross Plains
Texas,Crossroads
Texas,Crowell
Texas,Crowley
Texas,Crystal Beach
Texas,Crystal City
Texas,Cuero
Texas,Cumby
Texas,Cushing
Texas,Cypress
Texas,DISH
Texas,Daingerfield
Texas,Daisetta
Texas,Dale
Texas,Dallas
Texas,Dalworthington Gardens
Texas,Damon
Texas,Danbury
Texas,Darrouzett
Texas,Dawson
Texas,Dayton
Texas,De Berry
Texas,De Leon
Texas,DeKalb
Texas,Decatur
Texas,Decordova
Texas,Deer Park
Texas,Del Rio
Texas,Del Valle
Texas,Denison
Texas,Denton
Texas,Denver City
Texas,Deport
Texas,Desdemona
Texas,Desoto
Texas,Detroit
Texas,Devers
Texas,Devine
Texas,Diana
Texas,Diboll
Texas,Dickinson
Texas,Dike
Texas,Dilley
Texas,Dime Box
Texas,Dimmitt
Texas,Dodd City
Texas,Domino
Texas,Donie
Texas,Donna
Texas,Dorchester
Texas,Double Oak
Texas,Doucette
Texas,Douglass
Texas,Douglassville
Texas,Driftwood
Texas,Dripping Springs
Texas,Driscoll
Texas,Dublin
Texas,Dumas
Texas,Duncanville
Texas,Eagle Lake
Texas,Eagle Pass
Texas,Early
Texas,Earth
Texas,East Bernard
Texas,East Tawakoni
Texas,Eastland
Texas,Ector
Texas,Edcouch
Texas,Eddy
Texas,Eden
Texas,Edgecliff Village
Texas,Edgewood
Texas,Edinburg
Texas,Edna
Texas,Edom
Texas,El Campo
Texas,El Cenizo
Texas,El Indio
Texas,El Lago
Texas,El Paso
Texas,Eldorado
Texas,Elgin
Texas,Elkhart
Texas,Ellinger
Texas,Elm Mott
Texas,Elmendorf
Texas,Elsa
Texas,Emory
Texas,Enchanted Oaks
Texas,Encinal
Texas,Encino
Texas,Ennis
Texas,Era
Texas,Etoile
Texas,Euless
Texas,Eustace
Texas,Evadale
Texas,Evant
Texas,Everman
Texas,FORT WORTH
Texas,Fabens
Texas,Fair Oaks Ranch
Texas,Fairchilds
Texas,Fairfield
Texas,Fairview
Texas,Falcon Heights
Texas,Falfurrias
Texas,Falls City
Texas,Farmers Branch
Texas,Farmersville
Texas,Farwell
Texas,Fate
Texas,Fayetteville
Texas,Fentress
Texas,Ferris
Texas,Fischer
Texas,Flatonia
Texas,Flint
Texas,Florence
Texas,Floresville
Texas,Flower Mound
Texas,Floydada
Texas,Follett
Texas,Forest Hill
Texas,Forestburg
Texas,Forney
Texas,Forreston
Texas,Forsan
Texas,Fort Davis
Texas,Fort Hancock
Texas,Fort Stockton
Texas,Fort Worth
Texas,Franklin
Texas,Frankston
Texas,Fred
Texas,Fredericksburg
Texas,Fredonia
Texas,Freeport
Texas,Freer
Texas,Fresno
Texas,Friendswood
Texas,Friona
Texas,Frisco
Texas,Fritch
Texas,Frost
Texas,Fruitvale
Texas,Fulshear
Texas,Fulton
Texas,Gainesville
Texas,Galena Park
Texas,Gallatin
Texas,Galveston
Texas,Ganado
Texas,Garciasville
Texas,Garden Ridge
Texas,Gardendale
Texas,Garland
Texas,Garrett
Texas,Garrison
Texas,Garwood
Texas,Gary
Texas,Gatesville
Texas,George West
Texas,Georgetown
Texas,Ghosttown Terlingua
Texas,Giddings
Texas,Gilchrist
Texas,Gilmer
Texas,Gladewater
Texas,Glen Flora
Texas,Glen Rose
Texas,Glenn Heights
Texas,Godley
Texas,Goldsboro
Texas,Goldsmith
Texas,Goldthwaite
Texas,Goliad
Texas,Gonzales
Texas,Goodrich
Texas,Gordon
Texas,Gordonville
Texas,Goree
Texas,Gorman
Texas,Graford
Texas,Graham
Texas,Granbury
Texas,Grand Prairie
Texas,Grand Saline
Texas,Grandview
Texas,Granger
Texas,Granite Shoals
Texas,Grapeland
Texas,Grapevine
Texas,Greenville
Texas,Greenwood
Texas,Gregory
Texas,Groesbeck
Texas,Groom
Texas,Groves
Texas,Groveton
Texas,Gruver
Texas,Gun Barrel City
Texas,Gunter
Texas,Gustine
Texas,Guy
Texas,Hackberry
Texas,Hale Center
Texas,Hallettsville
Texas,Hallsville
Texas,Haltom City
Texas,Hamilton
Texas,Hamlin
Texas,Hamshire
Texas,Hankamer
Texas,Hardin
Texas,Hargill
Texas,Harker Heights
Texas,Harleton
Texas,Harlingen
Texas,Harper
Texas,Harwood
Texas,Haskell
Texas,Haslet
Texas,Hawk Cove
Texas,Hawkins
Texas,Hawley
Texas,Hearne
Texas,Heartland
Texas,Heath
Texas,Hebbronville
Texas,Hedwig Village
Texas,Helotes
Texas,Hemphill
Texas,Hempstead
Texas,Henderson
Texas,Henrietta
Texas,Hereford
Texas,Hermleigh
Texas,Hewitt
Texas,Hickory Creek
Texas,Hico
Texas,Hidalgo
Texas,Hideaway
Texas,Highland Haven
Texas,Highland Park
Texas,Highland Village
Texas,Highlands
Texas,Hill Country Village
Texas,Hillister
Texas,Hillsboro
Texas,Hilltop Lakes
Texas,Hitchcock
Texas,Hobson
Texas,Hockley
Texas,Holiday Lakes
Texas,Holland
Texas,Holly Lake Ranch
Texas,Hollywood Pa
Texas,Hondo
Texas,Honey Grove
Texas,Hooks
Texas,Horizon City
Texas,Horseshoe Bay
Texas,Houston
Texas,Howardwick
Texas,Howe
Texas,Hubbard
Texas,Hudson
Texas,Hudson Bend
Texas,Hudson Oaks
Texas,Huffman
Texas,Hughes Springs
Texas,Hull
Texas,Humble
Texas,Hungerford
Texas,Hunt
Texas,Hunters Creek Village
Texas,Huntington
Texas,Huntsville
Texas,Hurst
Texas,Hutchins
Texas,Hutto
Texas,Idalou
Texas,Imperial
Texas,Indian Lake
Texas,Industry
Texas,Inez
Texas,Ingleside
Texas,Ingram
Texas,Iola
Texas,Iowa Colony
Texas,Iowa Park
Texas,Ira
Texas,Iraan
Texas,Irving
Texas,Italy
Texas,Itasca
Texas,Ivanhoe
Texas,Jacinto City
Texas,Jacksboro
Texas,Jacksonville
Texas,Jamaica Beach
Texas,Jarrell
Texas,Jasper
Texas,Jayton
Texas,Jefferson
Texas,Jersey Village
Texas,Jewett
Texas,Joaquin
Texas,Johnson City
Texas,Jones Creek
Texas,Jonesboro
Texas,Jonestown
Texas,Josephine
Texas,Joshua
Texas,Jourdanton
Texas,Junction
Texas,Justiceburg
Texas,Justin
Texas,Karnack
Texas,Karnes City
Texas,Katy
Texas,Kaufman
Texas,Keene
Texas,Keller
Texas,Kemah
Texas,Kemp
Texas,Kempner
Texas,Kendalia
Texas,Kendleton
Texas,Kenedy
Texas,Kenefick
Texas,Kennard
Texas,Kennedale
Texas,Kerens
Texas,Kermit
Texas,Kerrville
Texas,Kilgore
Texas,Killeen
Texas,Kingsbury
Texas,Kingsland
Texas,Kingsville
Texas,Kingwood
Texas,Kirby
Texas,Kirbyville
Texas,Klondike
Texas,Knippa
Texas,Knox City
Texas,Kopperl
Texas,Kosse
Texas,Kountze
Texas,Kress
Texas,Krugerville
Texas,Krum
Texas,Kyle
Texas,La Blanca
Texas,La Feria
Texas,La Grange
Texas,La Joya
Texas,La Marque
Texas,La Porte
Texas,La Pryor
Texas,La Vernia
Texas,LaCoste
Texas,Lacy Lakeview
Texas,Ladonia
Texas,Lago Vista
Texas,Laguna Park
Texas,Laguna Vista
Texas,Lake Alan Henry
Texas,Lake Bridgeport
Texas,Lake Brownwood
Texas,Lake City
Texas,Lake Creek
Texas,Lake Dallas
Texas,Lake Jackson
Texas,Lake Kiowa
Texas,Lake McQueeney
Texas,Lake Murvaul
Texas,Lake Worth
Texas,Lakehills
Texas,Lakeside
Texas,Lakeway
Texas,Lakewood Village
Texas,Lamesa
Texas,Lampasas
Texas,Lancaster
Texas,Lane City
Texas,Laneville
Texas,Lantana
Texas,Laredo
Texas,Larue
Texas,Lasara
Texas,Lavon
Texas,Lawn
Texas,League City
Texas,Leakey
Texas,Leander
Texas,Ledbetter
Texas,Leesburg
Texas,Leesville
Texas,Leggett
Texas,Lenorah
Texas,Leon Valley
Texas,Leona
Texas,Leonard
Texas,Leroy
Texas,Levelland
Texas,Lewisville
Texas,Lexington
Texas,Liberty
Texas,Liberty Eylau
Texas,Liberty Hill
Texas,Lincoln
Texas,Lindale
Texas,Linden
Texas,Lindsay
Texas,Lipan
Texas,Lissie
Texas,Little Elm
Texas,Little River Academy
Texas,Littlefield
Texas,Live Oak
Texas,Liverpool
Texas,Livingston
Texas,Llano
Texas,Lockhart
Texas,Lockney
Texas,Log Cabin
Texas,Lolita
Texas,Lometa
Texas,Lone Oak
Texas,Lone Star
Texas,Long Branch
Texas,Longview
Texas,Loraine
Texas,Lorena
Texas,Lorenzo
Texas,Los Ebanos
Texas,Los Fresnos
Texas,Lott
Texas,Louise
Texas,Lovelady
Texas,Lowry Crossing
Texas,Lubbock
Texas,Lucas
Texas,Lueders
Texas,Lufkin
Texas,Luling
Texas,Lumberton
Texas,Lyford
Texas,Lytle
Texas,Mabank
Texas,Madisonville
Texas,Magnolia
Texas,Malakoff
Texas,Malone
Texas,Manchaca
Texas,Manor
Texas,Mansfield
Texas,Manvel
Texas,Marathon
Texas,Marble Falls
Texas,Marfa
Texas,Marietta
Texas,Marion
Texas,Markham
Texas,Marlin
Texas,Marquez
Texas,Marshall
Texas,Mart
Texas,Martindale
Texas,Mason
Texas,Matador
Texas,Matagorda
Texas,Mathis
Texas,Maud
Texas,Mauriceville
Texas,Maxwell
Texas,May
Texas,Maypearl
Texas,McAllen
Texas,McCamey
Texas,McCaulley
Texas,McDade
Texas,McGregor
Texas,McKinney
Texas,McLendon Chisholm
Texas,McLeod
Texas,McQueeney
Texas,Meadow
Texas,Meadowlakes
Texas,Meadows Place
Texas,Medina
Texas,Melissa
Texas,Memphis
Texas,Menard
Texas,Mercedes
Texas,Meridian
Texas,Merkel
Texas,Mertens
Texas,Mertzon
Texas,Mesquite
Texas,Mexia
Texas,Meyersville
Texas,Miami
Texas,Mico
Texas,Midkiff
Texas,Midland
Texas,Midlothian
Texas,Midway
Texas,Milam
Texas,Milano
Texas,Milford
Texas,Millersview
Texas,Millsap
Texas,Mineola
Texas,Mineral Wells
Texas,Mingus
Texas,Mirando City
Texas,Mission
Texas,Missouri City
Texas,Monahans
Texas,Mont Belvieu
Texas,Montague
Texas,Monte Alto
Texas,Montgomery
Texas,Moody
Texas,Moore
Texas,Moran
Texas,Morgan
Texas,Morgan's Point
Texas,Morgan's Point Resort
Texas,Morgans Point
Texas,Morgans Point Resort
Texas,Morton
Texas,Moscow
Texas,Moulton
Texas,Mount Calm
Texas,Mount Enterprise
Texas,Mount Pleasant
Texas,Mount Vernon
Texas,Mountain Home
Texas,Muenster
Texas,Muleshoe
Texas,Mullin
Texas,Munday
Texas,Murchison
Texas,Murphy
Texas,Nacogdoches
Texas,Naples
Texas,Nash
Texas,Nassau Bay
Texas,Natalia
Texas,Navarro
Texas,Navasota
Texas,Nederland
Texas,Needville
Texas,Nemo
Texas,Nevada
Texas,New Boston
Texas,New Braunfels
Texas,New Caney
Texas,New Deal
Texas,New Diana
Texas,New Fairview
Texas,New Home
Texas,New Hope
Texas,New London
Texas,New Ulm
Texas,New Waverly
Texas,Newark
Texas,Newcastle
Texas,Newton
Texas,Niederwald
Texas,Nixon
Texas,No City
Texas,Nocona
Texas,Nolanville
Texas,Nordheim
Texas,Normangee
Texas,North Houston
Texas,North Richland Hills
Texas,North Zulch
Texas,Northlake
Texas,Not Applicab
Texas,Oak Leaf
Texas,Oak Point
Texas,Oak Ridge
Texas,Oak Ridge North
Texas,Oakhurst
Texas,Oakwood
Texas,Odem
Texas,Odessa
Texas,Odonnell
Texas,Oglesby
Texas,Old River Winfree
Texas,Olmito
Texas,Olney
Texas,Olton
Texas,Omaha
Texas,Onalaska
Texas,Orange
Texas,Orange Grove
Texas,Orchard
Texas,Ore City
Texas,Ovalo
Texas,Overton
Texas,Ovilla
Texas,Oyster Creek
Texas,Ozona
Texas,Paducah
Texas,Paige
Texas,Paint Rock
Texas,Palacios
Texas,Palestine
Texas,Palmer
Texas,Palmhurst
Texas,Palmview
Texas,Palo Pinto
Texas,Pampa
Texas,Panhandle
Texas,Panorama Village
Texas,Pantego
Texas,Paradise
Texas,Paris
Texas,Parker
Texas,Pasadena
Texas,Pattison
Texas,Pattonville
Texas,Payne Springs
Texas,Pearland
Texas,Pearsall
Texas,Peaster
Texas,Pecos
Texas,Pelican Bay
Texas,Penitas
Texas,Pennington
Texas,Perrin
Texas,Perryton
Texas,Petersburg
Texas,Pettus
Texas,Petty
Texas,Pflugerville
Texas,Pharr
Texas,Pickton
Texas,Pilot Point
Texas,Pinehurst
Texas,Pineland
Texas,Pipe Creek
Texas,Pittsburg
Texas,Plains
Texas,Plainview
Texas,Plano
Texas,Plantersville
Texas,Pleak
Texas,Pleasanton
Texas,Pledger
Texas,Poetry
Texas,Point
Texas,Point Comfort
Texas,Point Venture
Texas,Pointblank
Texas,Pollok
Texas,Ponder
Texas,Pontotoc
Texas,Poolville
Texas,Port Acres
Texas,Port Alto
Texas,Port Aransas
Texas,Port Arthur
Texas,Port Bolivar
Texas,Port Isabel
Texas,Port Lavaca
Texas,Port Mansfield
Texas,Port Neches
Texas,Port O Connor
Texas,Port O'Connor
Texas,Porter
Texas,Portland
Texas,Possum Kingdom Lake
Texas,Post
Texas,Post Oak Bend
Texas,Poteet
Texas,Poth
Texas,Pottsboro
Texas,Powderly
Texas,Powell
Texas,Poynor
Texas,Prairie Lea
Texas,Prairie View
Texas,Premont
Texas,Presidio
Texas,Primera
Texas,Princeton
Texas,Progreso
Texas,Progreso Lakes
Texas,Prosper
Texas,Providence Village
Texas,Purdon
Texas,Pyote
Texas,Quanah
Texas,Queen City
Texas,Quemado
Texas,Quinlan
Texas,Quitaque
Texas,Quitman
Texas,Rainbow
Texas,Ralls
Texas,Rancho Viejo
Texas,Randolph
Texas,Ranger
Texas,Rankin
Texas,Ransom Canyon
Texas,Ratcliff
Texas,Ravenna
Texas,Raymondville
Texas,Raywood
Texas,Red Oak
Texas,Red Rock
Texas,Redwater
Texas,Refugio
Texas,Reklaw
Texas,Reno
Texas,Rhome
Texas,Rice
Texas,Richards
Texas,Richardson
Texas,Richland
Texas,Richland Hills
Texas,Richland Springs
Texas,Richmond
Texas,Richwood
Texas,Riesel
Texas,Rio Bravo
Texas,Rio Frio
Texas,Rio Grande City
Texas,Rio Hondo
Texas,Rio Medina
Texas,Rio Vista
Texas,Rising Star
Texas,River Oaks
Texas,Riverside
Texas,Riviera
Texas,Roanoke
Texas,Robert Lee
Texas,Robinson
Texas,Robstown
Texas,Roby
Texas,Rochelle
Texas,Rochester
Texas,Rockdale
Texas,Rockport
Texas,Rocksprings
Texas,Rockwall
Texas,Rogers
Texas,Roma
Texas,Roman Forest
Texas,Ropesville
Texas,Rosanky
Texas,Roscoe
Texas,Rosebud
Texas,Rosenberg
Texas,Rosharon
Texas,Rotan
Texas,Round Mountain
Texas,Round Rock
Texas,Round Top
Texas,Rowena
Texas,Rowlett
Texas,Roxton
Texas,Royse City
Texas,Rule
Texas,Runaway Bay
Texas,Runge
Texas,Rusk
Texas,Rye
Texas,Sabinal
Texas,Sachse
Texas,Sadler
Texas,Saginaw
Texas,Saint Hedwig
Texas,Saint Jo
Texas,Saint Paul
Texas,Salado
Texas,Saltillo
Texas,San Angelo
Texas,San Antonio
Texas,San Augustine
Texas,San Benito
Texas,San Diego
Texas,San Elizario
Texas,San Felipe
Texas,San Juan
Texas,San Leon
Texas,San Marcos
Texas,San Saba
Texas,San Ygnacio
Texas,Sanderson
Texas,Sandia
Texas,Sanger
Texas,Sansom Park
Texas,Santa Anna
Texas,Santa Fe
Texas,Santa Rosa
Texas,Santo
Texas,Saratoga
Texas,Sargent
Texas,Savannah
Texas,Savoy
Texas,Schertz
Texas,Schulenburg
Texas,Scotland
Texas,Scroggins
Texas,Scurry
Texas,Seabrook
Texas,Seadrift
Texas,Seagoville
Texas,Seagraves
Texas,Sealy
Texas,Seguin
Texas,Selkirk
Texas,Selma
Texas,Seminole
Texas,Seven Points
Texas,Seymour
Texas,Shady Shores
Texas,Shafter
Texas,Shallowater
Texas,Shamrock
Texas,Shavano Park
Texas,Sheffield
Texas,Shelbyville
Texas,Shenandoah
Texas,Shepherd
Texas,Sheridan
Texas,Sherman
Texas,Shiner
Texas,Shiro
Texas,Shoreacres
Texas,Sidney
Texas,Sienna Plantation
Texas,Sierra Blanca
Texas,Silsbee
Texas,Silverton
Texas,Simms
Texas,Simonton
Texas,Sinton
Texas,Skellytown
Texas,Skidmore
Texas,Slaton
Texas,Slocum
Texas,Smiley
Texas,Smith Point
Texas,Smithville
Texas,Smyer
Texas,Snook
Texas,Snyder
Texas,Socorro
Texas,Somerset
Texas,Somerville
Texas,Sonora
Texas,Sour Lake
Texas,South Houston
Texas,South Padre Island
Texas,Southlake
Texas,Southmayd
Texas,Spearman
Texas,Spicewood
Texas,Splendora
Texas,Spring
Texas,Spring Branch
Texas,Spring Valley Village
Texas,Springtown
Texas,Spur
Texas,Spurger
Texas,Stafford
Texas,Stagecoach
Texas,Stamford
Texas,Stanton
Texas,Star Harbor
Texas,Stephenville
Texas,Sterling City
Texas,Stinnett
Texas,Stockdale
Texas,Stonewall
Texas,Stowell
Texas,Stratford
Texas,Strawn
Texas,Streetman
Texas,Sudan
Texas,Sugar Land
Texas,Sullivan City
Texas,Sulphur Bluff
Texas,Sulphur Springs
Texas,Sumner
Texas,Sundown
Texas,Sunnyvale
Texas,Sunray
Texas,Sunrise Beach
Texas,Sunset
Texas,Surfside Beach
Texas,Sutherland Springs
Texas,Sweeny
Texas,Sweetwater
Texas,Taft
Texas,Tahoka
Texas,Talco
Texas,Talpa
Texas,Talty
Texas,Tarpley
Texas,Tatum
Texas,Taylor
Texas,Taylor Lake Village
Texas,Teague
Texas,Telephone
Texas,Telferner
Texas,Temple
Texas,Tenaha
Texas,Tennessee Colony
Texas,Terlingua
Texas,Terrell
Texas,Terrell Hills
Texas,Texarkana
Texas,Texas City
Texas,The Colony
Texas,The Hills
Texas,The Woodlands
Texas,Thompsons
Texas,Thorndale
Texas,Thornton
Texas,Thrall
Texas,Three Rivers
Texas,Throckmorton
Texas,Tiki Island
Texas,Tilden
Texas,Timpson
Texas,Tioga
Texas,Tivoli
Texas,Tolar
Texas,Tom Bean
Texas,Tomball
Texas,Tool
Texas,Tornillo
Texas,Tow
Texas,Trent
Texas,Trenton
Texas,Trinidad
Texas,Trinity
Texas,Trophy Club
Texas,Troup
Texas,Troy
Texas,Tuleta
Texas,Tulia
Texas,Tuscola
Texas,Tx 76371 Knox County
Texas,Tye
Texas,Tyler
Texas,Uhland
Texas,Union Valley
Texas,Universal City
Texas,University Park
Texas,Utopia
Texas,Uvalde
Texas,Valley Mills
Texas,Valley Spring
Texas,Valley View
Texas,Van
Texas,Van Alstyne
Texas,Van Horn
Texas,Van Vleck
Texas,Vanderbilt
Texas,Vega
Texas,Venus
Texas,Veribest
Texas,Vernon
Texas,Victoria
Texas,Vidor
Texas,Village Mills
Texas,Vinton
Texas,Volente
Texas,Von Ormy
Texas,Waco
Texas,Wadsworth
Texas,Waelder
Texas,Wake Village
Texas,Waller
Texas,Wallis
Texas,Wallisville
Texas,Walnut Springs
Texas,Warda
Texas,Warren
Texas,Washington
Texas,Waskom
Texas,Watauga
Texas,Water Valley
Texas,Waxahachie
Texas,Weatherford
Texas,Webster
Texas,Weimar
Texas,Weinert
Texas,Wells
Texas,Weslaco
Texas,West
Texas,West Columbia
Texas,West Lake Hills
Texas,West Orange
Texas,West Point
Texas,West Tawakoni
Texas,West University Place
Texas,Westhoff
Texas,Westlake
Texas,Weston Lakes
Texas,Westworth Village
Texas,Wharton
Texas,Wheeler
Texas,White Deer
Texas,White Oak
Texas,White Settlement
Texas,Whiteface
Texas,Whitehouse
Texas,Whitesboro
Texas,Whitewright
Texas,Whitney
Texas,Wichita Falls
Texas,Wickett
Texas,Wiergate
Texas,Willis
Texas,Willow Park
Texas,Wills Point
Texas,Wilmer
Texas,Wilson
Texas,Wimberley
Texas,Windcrest
Texas,Windom
Texas,Wink
Texas,Winnie
Texas,Winnsboro
Texas,Winona
Texas,Winters
Texas,Wolfe City
Texas,Wolfforth
Texas,Woodbranch
Texas,Woodloch
Texas,Woodsboro
Texas,Woodson
Texas,Woodville
Texas,Woodway
Texas,Wortham
Texas,Wylie
Texas,Yancey
Texas,Yantis
Texas,Yoakum
Texas,Yorktown
Texas,Zapata
Texas,Zavalla
Texas,Zephyr
Utah,Alpine
Utah,Altamont
Utah,Alton
Utah,Altonah
Utah,American Fork
Utah,Annabella
Utah,Apple Valley
Utah,Aurora
Utah,Axtell
Utah,Ballard
Utah,Bear River City
Utah,Beaver
Utah,Benjamin
Utah,Beryl
Utah,Bicknell
Utah,Big Water
Utah,Blanding
Utah,Bluebell
Utah,Bluffdale
Utah,Bothwell
Utah,Bountiful
Utah,Brian Head
Utah,Brigham City
Utah,Brookside
Utah,Cannonville
Utah,Castle Dale
Utah,Castle Valley
Utah,Cedar City
Utah,Cedar Hills
Utah,Cedar Valley
Utah,Centerfield
Utah,Centerville
Utah,Central
Utah,Central Valley
Utah,Charleston
Utah,Church Wells
Utah,Circleville
Utah,Clarkston
Utah,Clawson
Utah,Clearfield
Utah,Clinton
Utah,Coalville
Utah,Collinston
Utah,Copperton
Utah,Corinne
Utah,Cottonwood Heights
Utah,Dammeron Valley
Utah,Delta
Utah,Deweyville
Utah,Draper
Utah,Dry Fork
Utah,Duchesne
Utah,Duck Creek
Utah,Duck Creek Village
Utah,Eagle Mountain
Utah,East Carbon
Utah,Eden
Utah,Elk Ridge
Utah,Elmo
Utah,Elsinore
Utah,Elwood
Utah,Emery
Utah,Enoch
Utah,Enterprise
Utah,Ephraim
Utah,Erda
Utah,Escalante
Utah,Eureka
Utah,Fairfield
Utah,Fairview
Utah,Farmington
Utah,Farr West
Utah,Fayette
Utah,Ferron
Utah,Fielding
Utah,Fillmore
Utah,Fort Duchesne
Utah,Fountain Green
Utah,Francis
Utah,Fruit Heights
Utah,Fruitland
Utah,Garden City
Utah,Garland
Utah,Glendale
Utah,Goshen
Utah,Grantsville
Utah,Green River
Utah,Gunnison
Utah,Gusher
Utah,Hanna
Utah,Harrisburg
Utah,Harrisville
Utah,Hatch
Utah,Heber City
Utah,Helper
Utah,Henefer
Utah,Herriman
Utah,Hideout
Utah,Highland
Utah,Hildale
Utah,Hinckley
Utah,Holladay
Utah,Honeyville
Utah,Hooper
Utah,Hoytsville
Utah,Huntington
Utah,Huntsville
Utah,Hurricane
Utah,Hyde Park
Utah,Hyrum
Utah,Indianola
Utah,Ivins
Utah,Jensen
Utah,Joseph
Utah,Junction
Utah,Kamas
Utah,Kanab
Utah,Kanosh
Utah,Kaysville
Utah,Kearns
Utah,Kenilworth
Utah,La Sal
Utah,La Verkin
Utah,Lake Point
Utah,Lake Shore
Utah,Laketown
Utah,Lapoint
Utah,Layton
Utah,Leamington
Utah,Leeds
Utah,Lehi
Utah,Levan
Utah,Lewiston
Utah,Liberty
Utah,Lindon
Utah,Loa
Utah,Logan
Utah,Maeser
Utah,Magna
Utah,Manila
Utah,Manti
Utah,Mantua
Utah,Mapleton
Utah,Marion
Utah,Marriott Slaterville
Utah,Mayfield
Utah,Meadow
Utah,Mendon
Utah,Midvale
Utah,Midway
Utah,Milford
Utah,Millcreek
Utah,Millville
Utah,Milton
Utah,Minersville
Utah,Moab
Utah,Mona
Utah,Monroe
Utah,Monticello
Utah,Morgan
Utah,Moroni
Utah,Mount Pleasant
Utah,Mountain Green
Utah,Mountain Home
Utah,Murray
Utah,Myton
Utah,Naples
Utah,Nephi
Utah,New Harmony
Utah,Newcastle
Utah,Nibley
Utah,North Logan
Utah,North Ogden
Utah,North Salt Lake
Utah,Oakley
Utah,Ogden
Utah,Orangeville
Utah,Orem
Utah,Palmyra
Utah,Panguitch
Utah,Panguitch Lake
Utah,Paradise
Utah,Paragonah
Utah,Park City
Utah,Parowan
Utah,Payson
Utah,Peoa
Utah,Perry
Utah,Pine Canyon
Utah,Pine Valley
Utah,Plain City
Utah,Pleasant Grove
Utah,Pleasant View
Utah,Plymouth
Utah,Price
Utah,Promontory
Utah,Providence
Utah,Provo
Utah,Randolph
Utah,Richfield
Utah,Richmond
Utah,River Heights
Utah,Riverdale
Utah,Riverton
Utah,Roosevelt
Utah,Roy
Utah,Rush Valley
Utah,Saint George
Utah,Salem
Utah,Salina
Utah,Salt Lake City
Utah,Sandy
Utah,Santa Clara
Utah,Santaquin
Utah,Saratoga Springs
Utah,Scipio
Utah,Scofield
Utah,Sigurd
Utah,Smithfield
Utah,South Jordan
Utah,South Ogden
Utah,South Salt Lake
Utah,South Weber
Utah,Spanish Fork
Utah,Spring City
Utah,Spring Glen
Utah,Springville
Utah,Stansbury Park
Utah,Sterling
Utah,Stockton
Utah,Summit Park
Utah,Sundance
Utah,Sunset
Utah,Syracuse
Utah,Tabiona
Utah,Taylor
Utah,Taylorsville
Utah,Teasdale
Utah,Terra
Utah,Ticaboo
Utah,Tooele
Utah,Toquerville
Utah,Torrey
Utah,Tremonton
Utah,Uintah
Utah,Vernal
Utah,Veyo
Utah,Vineyard
Utah,Virgin
Utah,Wales
Utah,Wanship
Utah,Warren
Utah,Washington
Utah,Washington Terrace
Utah,Wellington
Utah,Wellsville
Utah,Wendover
Utah,West Bountiful
Utah,West Haven
Utah,West Jordan
Utah,West Point
Utah,West Valley City
Utah,Willard
Utah,Woodland
Utah,Woodland Hills
Utah,Woods Cross
Vermont,Addison
Vermont,Albany
Vermont,Alburgh
Vermont,Andover
Vermont,Arlington
Vermont,Barnard
Vermont,Barnet
Vermont,Barre
Vermont,Barton
Vermont,Belvidere
Vermont,Bennington
Vermont,Benson
Vermont,Berkshire
Vermont,Berlin
Vermont,Bethel
Vermont,Bradford
Vermont,Brandon
Vermont,Brattleboro
Vermont,Bridgewater
Vermont,Bridport
Vermont,Brighton
Vermont,Bristol
Vermont,Brookfield
Vermont,Brookline
Vermont,Brownington
Vermont,Burke
Vermont,Burlington
Vermont,Cabot
Vermont,Calais
Vermont,Cambridge
Vermont,Canaan
Vermont,Castleton
Vermont,Cavendish
Vermont,Charleston
Vermont,Charlotte
Vermont,Chester
Vermont,Chittenden
Vermont,Clarendon
Vermont,Colchester
Vermont,Concord
Vermont,Corinth
Vermont,Coventry
Vermont,Danby
Vermont,Danville
Vermont,Derby
Vermont,Dorset
Vermont,Dover
Vermont,East Haven
Vermont,Eden
Vermont,Elmore
Vermont,Enosburg Falls
Vermont,Essex
Vermont,Fair Haven
Vermont,Fairfax
Vermont,Ferrisburgh
Vermont,Fletcher
Vermont,Franklin
Vermont,Georgia
Vermont,Glover
Vermont,Goshen
Vermont,Grand Isle
Vermont,Granville
Vermont,Greensboro
Vermont,Groton
Vermont,Guilford
Vermont,Halifax
Vermont,Hancock
Vermont,Hardwick
Vermont,Hartford
Vermont,Hartland
Vermont,Highgate
Vermont,Holland
Vermont,Hyde Park
Vermont,Irasburg
Vermont,Isle La Motte
Vermont,Jay
Vermont,Jericho
Vermont,Johnson
Vermont,Killington
Vermont,Kirby
Vermont,Leicester
Vermont,Lemington
Vermont,Lincoln
Vermont,Londonderry
Vermont,Lowell
Vermont,Ludlow
Vermont,Lunenburg
Vermont,Lyndon
Vermont,Manchester
Vermont,Marlboro
Vermont,Marshfield
Vermont,Mendon
Vermont,Middlebury
Vermont,Middlesex
Vermont,Middletown Springs
Vermont,Milton
Vermont,Monkton
Vermont,Montgomery
Vermont,Montpelier
Vermont,Moretown
Vermont,Morgan
Vermont,Morristown
Vermont,Mount Holly
Vermont,Mount Tabor
Vermont,New Haven
Vermont,Newbury
Vermont,Newfane
Vermont,Newport
Vermont,Newport City
Vermont,North Hero
Vermont,Northfield
Vermont,Norton
Vermont,Norwich
Vermont,Orleans
Vermont,Orwell
Vermont,Panton
Vermont,Pawlet
Vermont,Peacham
Vermont,Peru
Vermont,Pittsfield
Vermont,Pittsford
Vermont,Plainfield
Vermont,Plymouth
Vermont,Poultney
Vermont,Pownal
Vermont,Proctor
Vermont,Putney
Vermont,Randolph
Vermont,Reading
Vermont,Readsboro
Vermont,Richford
Vermont,Ripton
Vermont,Rochester
Vermont,Rockingham
Vermont,Rupert
Vermont,Rutland
Vermont,Rutland Town
Vermont,Ryegate
Vermont,Saint Albans City
Vermont,Saint Albans Town
Vermont,Saint George
Vermont,Saint Johnsbury
Vermont,Searsburg
Vermont,Shaftsbury
Vermont,Sharon
Vermont,Shelburne
Vermont,Sheldon
Vermont,Shoreham
Vermont,Shrewsbury
Vermont,South Burlington
Vermont,South Hero
Vermont,Springfield
Vermont,Stamford
Vermont,Stannard
Vermont,Stowe
Vermont,Stratton
Vermont,Sudbury
Vermont,Sunderland
Vermont,Sutton
Vermont,Swanton
Vermont,Thetford
Vermont,Townshend
Vermont,Troy
Vermont,Vergennes
Vermont,Vernon
Vermont,Waitsfield
Vermont,Walden
Vermont,Wallingford
Vermont,Wardsboro
Vermont,Warren
Vermont,Waterbury
Vermont,Waterford
Vermont,Waterville
Vermont,Weathersfield
Vermont,Wells
Vermont,Wells River
Vermont,West Fairlee
Vermont,West Rutland
Vermont,West Windsor
Vermont,Westfield
Vermont,Westminster
Vermont,Westmore
Vermont,Weston
Vermont,Weybridge
Vermont,Whiting
Vermont,Whitingham
Vermont,Williamstown
Vermont,Williston
Vermont,Wilmington
Vermont,Windsor
Vermont,Winhall
Vermont,Winooski
Vermont,Wolcott
Vermont,Woodbury
Vermont,Woodford
Vermont,Woodstock
Vermont,Worcester
Virgin Islands,Christiansted
Virgin Islands,Frederiksted
Virgin Islands,Kingshill
Virgin Islands,Saint John
Virgin Islands,Saint Thomas
Virginia,Abingdon
Virginia,Accomac
Virginia,Afton
Virginia,Alberta
Virginia,Aldie
Virginia,Alexandria
Virginia,Allisonia
Virginia,Altavista
Virginia,Alton
Virginia,Amelia Court House
Virginia,Amherst
Virginia,Amissville
Virginia,Annandale
Virginia,Appalachia
Virginia,Appomattox
Virginia,Ararat
Virginia,Ark
Virginia,Arlington
Virginia,Aroda
Virginia,Arrington
Virginia,Arvonia
Virginia,Ashburn
Virginia,Ashland
Virginia,Atkins
Virginia,Atlantic
Virginia,Austinville
Virginia,Axton
Virginia,Aylett
Virginia,Bacova
Virginia,Bandy
Virginia,Barboursville
Virginia,Barhamsville
Virginia,Barren Springs
Virginia,Baskerville
Virginia,Bassett
Virginia,Bastian
Virginia,Basye
Virginia,Battery Park
Virginia,Bealeton
Virginia,Beaverdam
Virginia,Bedford
Virginia,Belle Haven
Virginia,Belspring
Virginia,Bena
Virginia,Bent Mountain
Virginia,Bentonville
Virginia,Bergton
Virginia,Berryville
Virginia,Big Island
Virginia,Big Rock
Virginia,Big Stone Gap
Virginia,Birdsnest
Virginia,Blacksburg
Virginia,Blackstone
Virginia,Blairs
Virginia,Bland
Virginia,Bloxom
Virginia,Blue Ridge
Virginia,Bluefield
Virginia,Bluemont
Virginia,Boones Mill
Virginia,Boston
Virginia,Bowling Green
Virginia,Boyce
Virginia,Boydton
Virginia,Boykins
Virginia,Bracey
Virginia,Brambleton
Virginia,Brandy Station
Virginia,Bremo Bluff
Virginia,Bridgewater
Virginia,Brightwood
Virginia,Bristol
Virginia,Bristow
Virginia,Broad Run
Virginia,Broadlands
Virginia,Broadway
Virginia,Brodnax
Virginia,Brookneal
Virginia,Brownsburg
Virginia,Bruington
Virginia,Buchanan
Virginia,Buckingham
Virginia,Buena Vista
Virginia,Buffalo Junction
Virginia,Bumpass
Virginia,Burgess
Virginia,Burke
Virginia,Burkeville
Virginia,Callands
Virginia,Callao
Virginia,Callaway
Virginia,Cana
Virginia,Cape Charles
Virginia,Cardinal
Virginia,Caret
Virginia,Carrollton
Virginia,Carrsville
Virginia,Carson
Virginia,Cartersville
Virginia,Casanova
Virginia,Cascade
Virginia,Castleton
Virginia,Castlewood
Virginia,Catawba
Virginia,Catharpin
Virginia,Catlett
Virginia,Cedar Bluff
Virginia,Center Cross
Virginia,Centreville
Virginia,Champlain
Virginia,Chance
Virginia,Chantilly
Virginia,Charles City
Virginia,Charlotte Court House
Virginia,Charlottesville
Virginia,Chase City
Virginia,Chatham
Virginia,Check
Virginia,Cheriton
Virginia,Chesapeake
Virginia,Chester
Virginia,Chester Gap
Virginia,Chesterfield
Virginia,Chilhowie
Virginia,Chincoteague
Virginia,Christiansburg
Virginia,Church Road
Virginia,Church View
Virginia,Churchville
Virginia,Claremont
Virginia,Clarksville
Virginia,Clear Brook
Virginia,Cleveland
Virginia,Clifton
Virginia,Clifton Forge
Virginia,Clinchco
Virginia,Clintwood
Virginia,Clover
Virginia,Cloverdale
Virginia,Cobbs Creek
Virginia,Coeburn
Virginia,Collinsville
Virginia,Colonial Beach
Virginia,Colonial Heights
Virginia,Columbia
Virginia,Concord
Virginia,Copper Hill
Virginia,Courtland
Virginia,Covesville
Virginia,Covington
Virginia,Craigsville
Virginia,Crewe
Virginia,Criders
Virginia,Crimora
Virginia,Crockett
Virginia,Cross Junction
Virginia,Crozet
Virginia,Crozier
Virginia,Crystal Hill
Virginia,Culpeper
Virginia,Cumberland
Virginia,Daleville
Virginia,Damascus
Virginia,Dante
Virginia,Danville
Virginia,Dayton
Virginia,Deerfield
Virginia,Delaplane
Virginia,Deltaville
Virginia,Dendron
Virginia,Dewitt
Virginia,Diggs
Virginia,Dillwyn
Virginia,Dinwiddie
Virginia,Disputanta
Virginia,Doe Hill
Virginia,Doswell
Virginia,Drakes Branch
Virginia,Draper
Virginia,Dry Fork
Virginia,Dryden
Virginia,Dublin
Virginia,Duffield
Virginia,Dugspur
Virginia,Dumfries
Virginia,Dundas
Virginia,Dungannon
Virginia,Dunn Loring
Virginia,Dunnsville
Virginia,Dutton
Virginia,Dyke
Virginia,Eagle Rock
Virginia,Earlysville
Virginia,Eastville
Virginia,Edinburg
Virginia,Eggleston
Virginia,Elberon
Virginia,Elk Creek
Virginia,Elkton
Virginia,Elkwood
Virginia,Elliston
Virginia,Emporia
Virginia,Esmont
Virginia,Evington
Virginia,Ewing
Virginia,Exmore
Virginia,Faber
Virginia,Fairfax
Virginia,Fairfax Station
Virginia,Fairfield
Virginia,Fairlawn
Virginia,Falls Church
Virginia,Falls Mills
Virginia,Falmouth
Virginia,Fancy Gap
Virginia,Farmville
Virginia,Farnham
Virginia,Ferrum
Virginia,Fieldale
Virginia,Fincastle
Virginia,Fishersville
Virginia,Flint Hill
Virginia,Floyd
Virginia,Ford
Virginia,Forest
Virginia,Fork Union
Virginia,Fort Belvoir
Virginia,Fort Blackmore
Virginia,Fort Defiance
Virginia,Fort Valley
Virginia,Foster
Virginia,Franklin
Virginia,Fredericksburg
Virginia,Free Union
Virginia,Freeman
Virginia,Fries
Virginia,Front Royal
Virginia,Fulks Run
Virginia,Gainesville
Virginia,Galax
Virginia,Gasburg
Virginia,Gate City
Virginia,Glade Hill
Virginia,Glade Spring
Virginia,Gladstone
Virginia,Gladys
Virginia,Glasgow
Virginia,Glen Allen
Virginia,Gloucester
Virginia,Gloucester Point
Virginia,Goldbond
Virginia,Goldvein
Virginia,Goochland
Virginia,Goode
Virginia,Goodview
Virginia,Gordonsville
Virginia,Gore
Virginia,Goshen
Virginia,Great Falls
Virginia,Green Bay
Virginia,Greenbackville
Virginia,Greenbush
Virginia,Greenville
Virginia,Greenwood
Virginia,Gretna
Virginia,Grimstead
Virginia,Grottoes
Virginia,Grundy
Virginia,Gum Spring
Virginia,Gwynn
Virginia,Hacksneck
Virginia,Hague
Virginia,Halifax
Virginia,Hallieford
Virginia,Hallwood
Virginia,Hamilton
Virginia,Hampton
Virginia,Hanover
Virginia,Hardy
Virginia,Hardyville
Virginia,Harrisonburg
Virginia,Hartfield
Virginia,Hayes
Virginia,Haymarket
Virginia,Haysi
Virginia,Haywood
Virginia,Heathsville
Virginia,Henrico
Virginia,Henry
Virginia,Herndon
Virginia,Hightown
Virginia,Hillsboro
Virginia,Hillsville
Virginia,Hiltons
Virginia,Hinton
Virginia,Hiwassee
Virginia,Honaker
Virginia,Hopewell
Virginia,Horntown
Virginia,Hot Springs
Virginia,Howardsville
Virginia,Huddleston
Virginia,Hudgins
Virginia,Hume
Virginia,Huntly
Virginia,Hurt
Virginia,Hustle
Virginia,Independence
Virginia,Indian Valley
Virginia,Iron Gate
Virginia,Irvington
Virginia,Ivanhoe
Virginia,Ivor
Virginia,Jamaica
Virginia,Jamestown
Virginia,Jarratt
Virginia,Jeffersonton
Virginia,Jetersville
Virginia,Jewell Ridge
Virginia,Jonesville
Virginia,Keeling
Virginia,Keene
Virginia,Keezletown
Virginia,Keller
Virginia,Kenbridge
Virginia,Kents Store
Virginia,Keokee
Virginia,Keswick
Virginia,Keysville
Virginia,Kilmarnock
Virginia,King
Virginia,King George
Virginia,King William
Virginia,Kinsale
Virginia,La Crosse
Virginia,Lake Frederick
Virginia,Lancaster
Virginia,Laneview
Virginia,Lanexa
Virginia,Laurel Fork
Virginia,Lawrenceville
Virginia,Lebanon
Virginia,Leesburg
Virginia,Lexington
Virginia,Lignum
Virginia,Linden
Virginia,Linville
Virginia,Little Plymouth
Virginia,Lively
Virginia,Locust Grove
Virginia,Locust Hill
Virginia,Locustville
Virginia,Long Island
Virginia,Lorton
Virginia,Lottsburg
Virginia,Louisa
Virginia,Lovettsville
Virginia,Lovingston
Virginia,Lunenburg
Virginia,Luray
Virginia,Lynch Station
Virginia,Lynchburg
Virginia,Lyndhurst
Virginia,Machipongo
Virginia,Madison
Virginia,Madison Heights
Virginia,Maidens
Virginia,Manakin Sabot
Virginia,Manassas
Virginia,Manassas Park
Virginia,Manquin
Virginia,Marion
Virginia,Marshall
Virginia,Martinsville
Virginia,Mason Neck
Virginia,Massies Mill
Virginia,Mathews
Virginia,Mattaponi
Virginia,Maurertown
Virginia,Max Meadows
Virginia,McDowell
Virginia,McGaheysville
Virginia,McKenney
Virginia,McLean
Virginia,Meadows Of Dan
Virginia,Meadowview
Virginia,Mechanicsville
Virginia,Meherrin
Virginia,Melfa
Virginia,Mendota
Virginia,Merry Point
Virginia,Middlebrook
Virginia,Middleburg
Virginia,Middlesex
Virginia,Middletown
Virginia,Midland
Virginia,Midlothian
Virginia,Milford
Virginia,Millboro
Virginia,Millwood
Virginia,Mineral
Virginia,Mollusk
Virginia,Moneta
Virginia,Monroe
Virginia,Monterey
Virginia,Montpelier
Virginia,Montross
Virginia,Montvale
Virginia,Moon
Virginia,Morattico
Virginia,Moseley
Virginia,Mount Crawford
Virginia,Mount Holly
Virginia,Mount Jackson
Virginia,Mount Sidney
Virginia,Mount Solon
Virginia,Mouth Of Wilson
Virginia,Narrows
Virginia,Nassawadox
Virginia,Nathalie
Virginia,Natural Bridge
Virginia,Natural Bridge Station
Virginia,Nellysford
Virginia,Nelson
Virginia,New Canton
Virginia,New Castle
Virginia,New Church
Virginia,New Kent
Virginia,New Market
Virginia,New Point
Virginia,Newport
Virginia,Newport News
Virginia,Newtown
Virginia,Nickelsville
Virginia,Nokesville
Virginia,Norfolk
Virginia,North
Virginia,North Chesterfield
Virginia,North Garden
Virginia,North Prince George
Virginia,North Tazewell
Virginia,Norton
Virginia,Oak Grove
Virginia,Oak Hill
Virginia,Oakpark
Virginia,Oakton
Virginia,Oakwood
Virginia,Occoquan
Virginia,Oilville
Virginia,Onancock
Virginia,Onemo
Virginia,Onley
Virginia,Orange
Virginia,Ordinary
Virginia,Paeonian Springs
Virginia,Painter
Virginia,Palmyra
Virginia,Pamplin
Virginia,Paris
Virginia,Parksley
Virginia,Partlow
Virginia,Patrick Springs
Virginia,Pearisburg
Virginia,Pembroke
Virginia,Penhook
Virginia,Penn Laird
Virginia,Pennington Gap
Virginia,Petersburg
Virginia,Phenix
Virginia,Pilgrims Knob
Virginia,Pilot
Virginia,Piney River
Virginia,Pittsville
Virginia,Pocahontas
Virginia,Poquoson
Virginia,Port Haywood
Virginia,Port Republic
Virginia,Port Royal
Virginia,Portsmouth
Virginia,Potomac Falls
Virginia,Pound
Virginia,Pounding Mill
Virginia,Powhatan
Virginia,Pratts
Virginia,Prince George
Virginia,Prospect
Virginia,Providence Forge
Virginia,Pulaski
Virginia,Pungoteague
Virginia,Purcellville
Virginia,Quicksburg
Virginia,Quinby
Virginia,Quinton
Virginia,Radford
Virginia,Radiant
Virginia,Randolph
Virginia,Raphine
Virginia,Rapidan
Virginia,Raven
Virginia,Red Oak
Virginia,Reedville
Virginia,Remington
Virginia,Reston
Virginia,Reva
Virginia,Rhoadesville
Virginia,Rice
Virginia,Rich Creek
Virginia,Richardsville
Virginia,Richlands
Virginia,Richmond
Virginia,Ridgeway
Virginia,Rileyville
Virginia,Riner
Virginia,Ringgold
Virginia,Ripplemead
Virginia,Rixeyville
Virginia,Roanoke
Virginia,Rochelle
Virginia,Rockbridge Baths
Virginia,Rockingham
Virginia,Rockville
Virginia,Rocky Gap
Virginia,Rocky Mount
Virginia,Rose Hill
Virginia,Rosedale
Virginia,Roseland
Virginia,Round Hill
Virginia,Ruckersville
Virginia,Rural Retreat
Virginia,Rustburg
Virginia,Ruther Glen
Virginia,Saint Paul
Virginia,Saint Stephens Church
Virginia,Salem
Virginia,Saltville
Virginia,Saluda
Virginia,Sandston
Virginia,Sandy Hook
Virginia,Sandy Level
Virginia,Sandy Point
Virginia,Sanford
Virginia,Saxe
Virginia,Saxis
Virginia,Schuyler
Virginia,Scottsburg
Virginia,Scottsville
Virginia,Seaford
Virginia,Selma
Virginia,Shacklefords
Virginia,Shawsville
Virginia,Shenandoah
Virginia,Shipman
Virginia,Singers Glen
Virginia,Skippers
Virginia,Skipwith
Virginia,Smithfield
Virginia,Somerset
Virginia,South Boston
Virginia,South Hill
Virginia,Speedwell
Virginia,Spencer
Virginia,Sperryville
Virginia,Spotsylvania
Virginia,Spout Spring
Virginia,Spring Grove
Virginia,Springfield
Virginia,Stafford
Virginia,Staffordsville
Virginia,Stanardsville
Virginia,Stanley
Virginia,Stanleytown
Virginia,Star Tannery
Virginia,Staunton
Virginia,Staunton Park
Virginia,Stephens City
Virginia,Stephenson
Virginia,Sterling
Virginia,Stevensburg
Virginia,Stony Creek
Virginia,Strasburg
Virginia,Stuart
Virginia,Stuarts Draft
Virginia,Suffolk
Virginia,Sumerduck
Virginia,Surry
Virginia,Susan
Virginia,Sutherland
Virginia,Swoope
Virginia,Swords Creek
Virginia,Syria
Virginia,Tannersville
Virginia,Tappahannock
Virginia,Tazewell
Virginia,Temperanceville
Virginia,Thaxton
Virginia,The Plains
Virginia,Timberville
Virginia,Toano
Virginia,Toms Brook
Virginia,Topping
Virginia,Triangle
Virginia,Troutdale
Virginia,Troutville
Virginia,Troy
Virginia,Union Hall
Virginia,Unionville
Virginia,Upperville
Virginia,Urbanna
Virginia,Valentines
Virginia,Vansant
Virginia,Vernon Hill
Virginia,Verona
Virginia,Vesta
Virginia,Vesuvius
Virginia,Victoria
Virginia,Vienna
Virginia,Vinton
Virginia,Virgilina
Virginia,Virginia Beach
Virginia,Wachapreague
Virginia,Wake
Virginia,Wakefield
Virginia,Walkerton
Virginia,Wallops Island
Virginia,Warfield
Virginia,Warm Springs
Virginia,Warrenton
Virginia,Warsaw
Virginia,Washington
Virginia,Water View
Virginia,Waterford
Virginia,Waverly
Virginia,Waynesboro
Virginia,Weber City
Virginia,Weems
Virginia,West Augusta
Virginia,West Point
Virginia,Weyers Cave
Virginia,White Plains
Virginia,White Post
Virginia,White Stone
Virginia,Whitetop
Virginia,Wicomico
Virginia,Wicomico Church
Virginia,Williamsburg
Virginia,Willis
Virginia,Wilsons
Virginia,Winchester
Virginia,Windsor
Virginia,Wingina
Virginia,Wintergreen
Virginia,Wintergreen Resort
Virginia,Wirtz
Virginia,Wise
Virginia,Woodbridge
Virginia,Woodford
Virginia,Woodlawn
Virginia,Woodstock
Virginia,Woodville
Virginia,Woolwine
Virginia,Wytheville
Virginia,Yale
Virginia,Yorktown
Virginia,Zion Crossroads
Virginia,Zuni
Washington,Aberdeen
Washington,Acme
Washington,Addy
Washington,Adna
Washington,Airway Heights
Washington,Albion
Washington,Algona
Washington,Allyn
Washington,Almira
Washington,Amanda Park
Washington,Amboy
Washington,Anacortes
Washington,Anatone
Washington,Anderson Island
Washington,Appleton
Washington,Ariel
Washington,Arlington
Washington,Ashford
Washington,Asotin
Washington,Auburn
Washington,Bainbridge Island
Washington,Battle Ground
Washington,Bay Center
Washington,Beaux Arts
Washington,Beaver
Washington,Belfair
Washington,Bellevue
Washington,Bellingham
Washington,Benton City
Washington,Beverly
Washington,Big Lake
Washington,Bingen
Washington,Birch Bay
Washington,Black Diamond
Washington,Blaine
Washington,Blakely Island
Washington,Bonney Lake
Washington,Bothell
Washington,Bow
Washington,Bremerton
Washington,Brewster
Washington,Bridgeport
Washington,Brier
Washington,Brinnon
Washington,Brownstown
Washington,Brush Prairie
Washington,Buckley
Washington,Bucoda
Washington,Burbank
Washington,Burien
Washington,Burlington
Washington,Camano Island
Washington,Camas
Washington,Carbonado
Washington,Carlton
Washington,Carnation
Washington,Carrolls
Washington,Carson
Washington,Cashmere
Washington,Castle Rock
Washington,Cathlamet
Washington,Center Island
Washington,Centerville
Washington,Centralia
Washington,Chattaroy
Washington,Chehalis
Washington,Chelan
Washington,Chelan Falls
Washington,Cheney
Washington,Chewelah
Washington,Chimacum
Washington,Chinook
Washington,Cinebar
Washington,Clallam Bay
Washington,Clarkston
Washington,Clayton
Washington,Cle Elum
Washington,Clear Lake
Washington,Clinton
Washington,Colbert
Washington,Colfax
Washington,College Place
Washington,Colville
Washington,Conconully
Washington,Concrete
Washington,Connell
Washington,Cook
Washington,Copalis Beach
Washington,Copalis Crossing
Washington,Cosmopolis
Washington,Cougar
Washington,Coulee City
Washington,Coulee Dam
Washington,Coupeville
Washington,Covington
Washington,Creston
Washington,Curlew
Washington,Curtis
Washington,Cusick
Washington,Custer
Washington,Dallesport
Washington,Danville
Washington,Darrington
Washington,Davenport
Washington,Dayton
Washington,Decatur Island
Washington,Deer Meadows
Washington,Deer Park
Washington,Deming
Washington,Des Moines
Washington,Dixie
Washington,Doty
Washington,Dryden
Washington,DuPont
Washington,Dupont
Washington,Duvall
Washington,East Wenatchee
Washington,Easton
Washington,Eatonville
Washington,Edgewood
Washington,Edmonds
Washington,Edwall
Washington,Elbe
Washington,Electric City
Washington,Elk
Washington,Ellensburg
Washington,Elma
Washington,Elmer City
Washington,Eltopia
Washington,Endicott
Washington,Entiat
Washington,Enumclaw
Washington,Ephrata
Washington,Ethel
Washington,Evans
Washington,Everett
Washington,Everson
Washington,Fairfield
Washington,Fall City
Washington,Federal Way
Washington,Ferndale
Washington,Fife
Washington,Fircrest
Washington,Ford
Washington,Forks
Washington,Four Lakes
Washington,Fox Island
Washington,Freeland
Washington,Friday Harbor
Washington,Fruitland
Washington,Garfield
Washington,George
Washington,Gig Harbor
Washington,Glacier
Washington,Glenoma
Washington,Glenwood
Washington,Gold Bar
Washington,Goldendale
Washington,Graham
Washington,Grand Coulee
Washington,Grandview
Washington,Granger
Washington,Granite Falls
Washington,Grapeview
Washington,Grayland
Washington,Grays River
Washington,Greenacres
Washington,Greenbank
Washington,Greenwater
Washington,Hamilton
Washington,Hansville
Washington,Harrah
Washington,Harrington
Washington,Hat Island
Washington,Henry Island
Washington,Home Valley
Washington,Hoodsport
Washington,Hoquiam
Washington,Humptulips
Washington,Hunters
Washington,Ilwaco
Washington,Inchelium
Washington,Indianola
Washington,Ione
Washington,Issaquah
Washington,Kahlotus
Washington,Kalama
Washington,Kelso
Washington,Kenmore
Washington,Kennewick
Washington,Kent
Washington,Kettle Falls
Washington,Kingston
Washington,Kirkland
Washington,Kittitas
Washington,Klickitat
Washington,La Center
Washington,La Conner
Washington,Lacey
Washington,Lacrosse
Washington,Lake Forest Park
Washington,Lake Stevens
Washington,Lake Tapps
Washington,Lakebay
Washington,Lakewood
Washington,Lamont
Washington,Langley
Washington,Latah
Washington,Laurier
Washington,Leavenworth
Washington,Liberty Lake
Washington,Lilliwaup
Washington,Lincoln
Washington,Lind
Washington,Long Beach
Washington,Longbranch
Washington,Longview
Washington,Loon Lake
Washington,Lopez Island
Washington,Lummi Island
Washington,Lyle
Washington,Lyman
Washington,Lynden
Washington,Lynnwood
Washington,Mabton
Washington,Malaga
Washington,Manchester
Washington,Mansfield
Washington,Manson
Washington,Maple Falls
Washington,Maple Valley
Washington,Marblemount
Washington,Marcus
Washington,Marysville
Washington,Mattawa
Washington,Mazama
Washington,McCleary
Washington,McKenna
Washington,Mead
Washington,Medical Lake
Washington,Mercer Island
Washington,Mesa
Washington,Metaline
Washington,Metaline Falls
Washington,Methow
Washington,Mica
Washington,Mill Creek
Washington,Millwood
Washington,Milton
Washington,Mineral
Washington,Moclips
Washington,Monroe
Washington,Montesano
Washington,Morton
Washington,Moses Lake
Washington,Mossyrock
Washington,Mount Vernon
Washington,Mountlake Terrace
Washington,Moxee
Washington,Mukilteo
Washington,Murdock
Washington,Naches
Washington,Napavine
Washington,Naselle
Washington,Neilton
Washington,Newcastle
Washington,Newman Lake
Washington,Newport
Washington,Nine Mile Falls
Washington,Nooksack
Washington,Nordland
Washington,Normandy Park
Washington,North Bend
Washington,North Bonneville
Washington,North Cove
Washington,Northport
Washington,Oak Harbor
Washington,Oakesdale
Washington,Oakville
Washington,Obstruction Island
Washington,Ocean City
Washington,Ocean Park
Washington,Ocean Shores
Washington,Ocosta
Washington,Odessa
Washington,Okanogan
Washington,Olalla
Washington,Olympia
Washington,Omak
Washington,Onalaska
Washington,Orcas Island
Washington,Orondo
Washington,Oroville
Washington,Orting
Washington,Othello
Washington,Otis Orchards
Washington,Outlook
Washington,Oysterville
Washington,Pacific
Washington,Pacific Beach
Washington,Packwood
Washington,Palisades
Washington,Palouse
Washington,Parker
Washington,Parkland
Washington,Pasco
Washington,Pateros
Washington,Paterson
Washington,Pe Ell
Washington,Peshastin
Washington,Plymouth
Washington,Point Roberts
Washington,Pomeroy
Washington,Port Angeles
Washington,Port Hadlock
Washington,Port Ludlow
Washington,Port Orchard
Washington,Port Townsend
Washington,Poulsbo
Washington,Prescott
Washington,Preston
Washington,Prosser
Washington,Pullman
Washington,Puyallup
Washington,Quilcene
Washington,Quincy
Washington,Rainier
Washington,Randle
Washington,Ravensdale
Washington,Raymond
Washington,Reardan
Washington,Redmond
Washington,Renton
Washington,Republic
Washington,Rice
Washington,Richland
Washington,Ridgefield
Washington,Ritzville
Washington,Riverside
Washington,Rochester
Washington,Rock Island
Washington,Rockford
Washington,Ronald
Washington,Roosevelt
Washington,Rosalia
Washington,Rosburg
Washington,Roslyn
Washington,Roy
Washington,Royal City
Washington,Ruston
Washington,Ryderwood
Washington,Saint John
Washington,Salkum
Washington,Sammamish
Washington,San Juan Island
Washington,Satsop
Washington,Seabeck
Washington,Seatac
Washington,Seattle
Washington,Seaview
Washington,Sedro Woolley
Washington,Sekiu
Washington,Selah
Washington,Sequim
Washington,Seven Bays
Washington,Shelton
Washington,Shoreline
Washington,Silver Creek
Washington,Silverdale
Washington,Silverlake
Washington,Skykomish
Washington,Snohomish
Washington,Snoqualmie
Washington,Snoqualmie Pass
Washington,Snowden
Washington,Soap Lake
Washington,South Bend
Washington,South Cle Elum
Washington,South Prairie
Washington,Spanaway
Washington,Spangle
Washington,Spokane
Washington,Spokane Valley
Washington,Sprague
Washington,Springdale
Washington,Stanwood
Washington,Starbuck
Washington,Steilacoom
Washington,Steptoe
Washington,Stevenson
Washington,Stuart Island
Washington,Sultan
Washington,Sumas
Washington,Sumner
Washington,Sunnyside
Washington,Suquamish
Washington,Tacoma
Washington,Taholah
Washington,Tahuya
Washington,Tekoa
Washington,Tenino
Washington,Thorp
Washington,Tieton
Washington,Tokeland
Washington,Toledo
Washington,Tonasket
Washington,Toppenish
Washington,Touchet
Washington,Toutle
Washington,Trout Lake
Washington,Tukwila
Washington,Tulalip
Washington,Tumtum
Washington,Tumwater
Washington,Twisp
Washington,Underwood
Washington,Union
Washington,Union Gap
Washington,Uniontown
Washington,University Place
Washington,Usk
Washington,Vader
Washington,Valley
Washington,Valleyford
Washington,Vancouver
Washington,Vashon
Washington,Vaughn
Washington,Veradale
Washington,Wahkiacus
Washington,Waitsburg
Washington,Waldron Island
Washington,Walla Walla
Washington,Wapato
Washington,Warden
Washington,Washougal
Washington,Washtucna
Washington,Waterville
Washington,Waverly
Washington,Wenatchee
Washington,West Richland
Washington,Westport
Washington,White Pass
Washington,White Salmon
Washington,Wickersham
Washington,Wilbur
Washington,Wilkeson
Washington,Wilson Creek
Washington,Winlock
Washington,Winthrop
Washington,Wishram
Washington,Woodinville
Washington,Woodland
Washington,Yacolt
Washington,Yakima
Washington,Yelm
Washington,Zillah
West Virginia,Adrian
West Virginia,Albright
West Virginia,Alderson
West Virginia,Alkol
West Virginia,Alum Bridge
West Virginia,Alum Creek
West Virginia,Amherstdale
West Virginia,Amma
West Virginia,Anmoore
West Virginia,Arthurdale
West Virginia,Ashford
West Virginia,Athens
West Virginia,Augusta
West Virginia,Baker
West Virginia,Ballard
West Virginia,Barboursville
West Virginia,Barrackville
West Virginia,Beaver
West Virginia,Beckley
West Virginia,Beech Bottom
West Virginia,Beeson
West Virginia,Belington
West Virginia,Belle
West Virginia,Belleville
West Virginia,Belmont
West Virginia,Benwood
West Virginia,Berkeley Springs
West Virginia,Bethany
West Virginia,Beverly
West Virginia,Bickmore
West Virginia,Big Bend
West Virginia,Bim
West Virginia,Bluefield
West Virginia,Bluewell
West Virginia,Bolt
West Virginia,Bradley
West Virginia,Branchland
West Virginia,Brandywine
West Virginia,Brenton
West Virginia,Bridgeport
West Virginia,Bristol
West Virginia,Brohard
West Virginia,Bruceton Mills
West Virginia,Buckhannon
West Virginia,Buffalo
West Virginia,Bunker Hill
West Virginia,Burlington
West Virginia,Burnsville
West Virginia,Cabin Creek
West Virginia,Cabins
West Virginia,Cairo
West Virginia,Camden
West Virginia,Camden On Gauley
West Virginia,Cameron
West Virginia,Canvas
West Virginia,Capon Bridge
West Virginia,Carolina
West Virginia,Cedar Grove
West Virginia,Center Point
West Virginia,Ceredo
West Virginia,Chapmanville
West Virginia,Charles Town
West Virginia,Charleston
West Virginia,Charlton Heights
West Virginia,CharmcO
West Virginia,Chelyan
West Virginia,Chesapeake
West Virginia,Chester
West Virginia,Clarksburg
West Virginia,Clay
West Virginia,Clendenin
West Virginia,Coal City
West Virginia,Coalton
West Virginia,Colliers
West Virginia,Core
West Virginia,Cottageville
West Virginia,Cowen
West Virginia,Crab Orchard
West Virginia,Craigsville
West Virginia,Crawley
West Virginia,Creston
West Virginia,Cross Lanes
West Virginia,Culloden
West Virginia,Dailey
West Virginia,Dallas
West Virginia,Danese
West Virginia,Daniels
West Virginia,Danville
West Virginia,Davis
West Virginia,Davisville
West Virginia,Delbarton
West Virginia,Delray
West Virginia,Diana
West Virginia,Doddridge
West Virginia,Dry Creek
West Virginia,Dryfork
West Virginia,Dunbar
West Virginia,Dunlow
West Virginia,East Bank
West Virginia,East Lynn
West Virginia,Eleanor
West Virginia,Elizabeth
West Virginia,Elk Garden
West Virginia,Elkins
West Virginia,Elkview
West Virginia,Ellamore
West Virginia,Ellenboro
West Virginia,Enterprise
West Virginia,Evans
West Virginia,Fairdale
West Virginia,Fairmont
West Virginia,Fairview
West Virginia,Falling Waters
West Virginia,Farmington
West Virginia,Fayetteville
West Virginia,Flatwoods
West Virginia,Flemington
West Virginia,Follansbee
West Virginia,Fort Ashby
West Virginia,Fort Gay
West Virginia,Foster
West Virginia,Four States
West Virginia,Frametown
West Virginia,Frankford
West Virginia,Franklin
West Virginia,Fraziers Bottom
West Virginia,French Creek
West Virginia,Friendly
West Virginia,Gallipolis Ferry
West Virginia,Gandeeville
West Virginia,Gap Mills
West Virginia,Gassaway
West Virginia,Gauley Bridge
West Virginia,Genoa
West Virginia,Gerrardstown
West Virginia,Ghent
West Virginia,Gilbert
West Virginia,Glasgow
West Virginia,Glen Dale
West Virginia,Glen Daniel
West Virginia,Glen Easton
West Virginia,Glen Ferris
West Virginia,Glen Jean
West Virginia,Glenville
West Virginia,Grafton
West Virginia,Grant Town
West Virginia,Grantsville
West Virginia,Great Cacapon
West Virginia,Green Spring
West Virginia,Griffithsville
West Virginia,Gypsy
West Virginia,Hamlin
West Virginia,Hanover
West Virginia,Harman
West Virginia,Harpers Ferry
West Virginia,Harrisville
West Virginia,Harts
West Virginia,Haywood
West Virginia,Heaters
West Virginia,Hedgesville
West Virginia,Hendricks
West Virginia,High View
West Virginia,Hilltop
West Virginia,Hinton
West Virginia,Holden
West Virginia,Hometown
West Virginia,Horner
West Virginia,Hundred
West Virginia,Huntington
West Virginia,Hurricane
West Virginia,Huttonsville
West Virginia,Idamay
West Virginia,Independence
West Virginia,Inwood
West Virginia,Ivydale
West Virginia,Jane Lew
West Virginia,Jeffrey
West Virginia,Jumping Branch
West Virginia,Junior
West Virginia,Kearneysville
West Virginia,Kenna
West Virginia,Kenova
West Virginia,Kerens
West Virginia,Kermit
West Virginia,Keyser
West Virginia,Kimberly
West Virginia,Kingwood
West Virginia,Lake
West Virginia,Lansing
West Virginia,Lashmeet
West Virginia,Lavalette
West Virginia,Leivasy
West Virginia,Leon
West Virginia,Lerona
West Virginia,Lesage
West Virginia,Lester
West Virginia,Letart
West Virginia,Levels
West Virginia,Lewisburg
West Virginia,Liberty
West Virginia,Lindside
West Virginia,Linn
West Virginia,Little Birch
West Virginia,Lizemores
West Virginia,Logan
West Virginia,Lookout
West Virginia,Lost City
West Virginia,Lost Creek
West Virginia,Lost River
West Virginia,Lumberport
West Virginia,Maben
West Virginia,Mabie
West Virginia,Mabscott
West Virginia,MacArthur
West Virginia,Madison
West Virginia,Maidsville
West Virginia,Man
West Virginia,Mannington
West Virginia,Martinsburg
West Virginia,Mason
West Virginia,Masontown
West Virginia,Matewan
West Virginia,Mathias
West Virginia,Maysville
West Virginia,McMechen
West Virginia,Meadow Creek
West Virginia,Middlebourne
West Virginia,Midway
West Virginia,Mill Creek
West Virginia,Millstone
West Virginia,Millville
West Virginia,Millwood
West Virginia,Milton
West Virginia,Minden
West Virginia,Mineralwells
West Virginia,Moatsville
West Virginia,Mohawk
West Virginia,Monongah
West Virginia,Monterville
West Virginia,Montgomery
West Virginia,Montrose
West Virginia,Moorefield
West Virginia,Morgantown
West Virginia,Moundsville
West Virginia,Mount Alto
West Virginia,Mount Clare
West Virginia,Mount Gay
West Virginia,Mount Hope
West Virginia,Mount Lookout
West Virginia,Mount Nebo
West Virginia,Mount Storm
West Virginia,Mount Zion
West Virginia,Mullens
West Virginia,Napier
West Virginia,Nettie
West Virginia,New Creek
West Virginia,New Cumberland
West Virginia,New Haven
West Virginia,New Martinsville
West Virginia,New Milton
West Virginia,Newell
West Virginia,Newton
West Virginia,Nitro
West Virginia,Normantown
West Virginia,Northfork
West Virginia,Nutter Fort
West Virginia,Oak Hill
West Virginia,Oceana
West Virginia,Odd
West Virginia,Old Fields
West Virginia,Ona
West Virginia,Ottawa
West Virginia,Ovapa
West Virginia,Paden City
West Virginia,Palestine
West Virginia,Parkersburg
West Virginia,Parsons
West Virginia,Paw Paw
West Virginia,Pax
West Virginia,Pence Springs
West Virginia,Pennsboro
West Virginia,Petersburg
West Virginia,Peterstown
West Virginia,Petroleum
West Virginia,Philippi
West Virginia,Pickens
West Virginia,Piedmont
West Virginia,Pine Grove
West Virginia,Pipestem
West Virginia,Poca
West Virginia,Point Pleasant
West Virginia,Points
West Virginia,Powellton
West Virginia,Prichard
West Virginia,Princeton
West Virginia,Princewick
West Virginia,Procious
West Virginia,Proctor
West Virginia,Pullman
West Virginia,Purgitsville
West Virginia,Rainelle
West Virginia,Ranson
West Virginia,Ravenswood
West Virginia,Red House
West Virginia,Reedsville
West Virginia,Reedy
West Virginia,Richwood
West Virginia,Ridgeley
West Virginia,Rio
West Virginia,Ripley
West Virginia,Riverton
West Virginia,Rivesville
West Virginia,Rock
West Virginia,Rock Cave
West Virginia,Rock Creek
West Virginia,Romney
West Virginia,Ronceverte
West Virginia,Rosemont
West Virginia,Rowlesburg
West Virginia,Rupert
West Virginia,Saint Albans
West Virginia,Saint Marys
West Virginia,Salem
West Virginia,Salt Rock
West Virginia,Sandyville
West Virginia,Scherr
West Virginia,Scott Depot
West Virginia,Seneca Rocks
West Virginia,Seth
West Virginia,Shady Spring
West Virginia,Shanks
West Virginia,Shenandoah Junction
West Virginia,Shepherdstown
West Virginia,Shinnston
West Virginia,Short Gap
West Virginia,Sissonville
West Virginia,Sistersville
West Virginia,Slanesville
West Virginia,Smithers
West Virginia,Sophia
West Virginia,South Charleston
West Virginia,Spanishburg
West Virginia,Spencer
West Virginia,Springfield
West Virginia,Star City
West Virginia,Stollings
West Virginia,Stonewood
West Virginia,Sumerco
West Virginia,Summersville
West Virginia,Summit Point
West Virginia,Surveyor
West Virginia,Sutton
West Virginia,Sylvester
West Virginia,Tallmansville
West Virginia,Tanner
West Virginia,Teays
West Virginia,Terra Alta
West Virginia,Thomas
West Virginia,Thornton
West Virginia,Tornado
West Virginia,Triadelphia
West Virginia,Tunnelton
West Virginia,Uneeda
West Virginia,Union
West Virginia,Upper Tract
West Virginia,Valley Bend
West Virginia,Valley Grove
West Virginia,Valley Head
West Virginia,Varney
West Virginia,Verdunville
West Virginia,Vienna
West Virginia,Volga
West Virginia,Walker
West Virginia,Wallback
West Virginia,Walton
West Virginia,Wardensville
West Virginia,Washington
West Virginia,Waverly
West Virginia,Wayne
West Virginia,Webster Springs
West Virginia,Weirton
West Virginia,Welch
West Virginia,Wellsburg
West Virginia,West Columbia
West Virginia,West Hamlin
West Virginia,West Liberty
West Virginia,West Milford
West Virginia,West Union
West Virginia,Weston
West Virginia,Westover
West Virginia,Wharton
West Virginia,Wheeling
West Virginia,White Hall
West Virginia,White Sulphur Springs
West Virginia,Whitman
West Virginia,Wiley Ford
West Virginia,Wilkinson
West Virginia,Williamson
West Virginia,Williamstown
West Virginia,Windsor Heights
West Virginia,Winfield
West Virginia,Winifrede
West Virginia,Worthington
West Virginia,Wv 25261
West Virginia,Wyoming
West Virginia,Yellow Spring
Wisconsin,Abbotsford
Wisconsin,Abrams
Wisconsin,Adams
Wisconsin,Adell
Wisconsin,Albany
Wisconsin,Alden
Wisconsin,Algoma
Wisconsin,Allenton
Wisconsin,Allouez
Wisconsin,Alma
Wisconsin,Alma Center
Wisconsin,Almena
Wisconsin,Almond
Wisconsin,Altoona
Wisconsin,Alvin T Wi
Wisconsin,Amberg
Wisconsin,Amberg T Wi
Wisconsin,Amery
Wisconsin,Amherst
Wisconsin,Amherst Junction
Wisconsin,Aniwa
Wisconsin,Antigo
Wisconsin,Antigo54409
Wisconsin,Apple River Township
Wisconsin,Appleton
Wisconsin,Arbor Vitae
Wisconsin,Arcadia
Wisconsin,Arena
Wisconsin,Argonne
Wisconsin,Argyle
Wisconsin,Arkansaw
Wisconsin,Arkdale
Wisconsin,Arlington
Wisconsin,Arpin
Wisconsin,Ashland
Wisconsin,Ashwaubenon
Wisconsin,Athelstane
Wisconsin,Athens
Wisconsin,Atlanta Township
Wisconsin,Auburndale
Wisconsin,Augusta
Wisconsin,Aurora T Wi
Wisconsin,Avoca
Wisconsin,Bagley
Wisconsin,Baileys Harbor
Wisconsin,Baldwin
Wisconsin,Balsam Lake
Wisconsin,Bangor
Wisconsin,Baraboo
Wisconsin,Barnes
Wisconsin,Barneveld
Wisconsin,Barron
Wisconsin,Bass Lake Township
Wisconsin,Bay City
Wisconsin,Bayfield
Wisconsin,Bayside
Wisconsin,Bear Creek
Wisconsin,Beaver Dam
Wisconsin,Belgium
Wisconsin,Belleville
Wisconsin,Belmont
Wisconsin,Beloit
Wisconsin,Benton
Wisconsin,Berlin
Wisconsin,Big Bend
Wisconsin,Birchwood
Wisconsin,Birnamwood
Wisconsin,Biron
Wisconsin,Black Brook
Wisconsin,Black Creek
Wisconsin,Black Earth
Wisconsin,Black River Falls
Wisconsin,Blair
Wisconsin,Blanchardville
Wisconsin,Bloomer
Wisconsin,Bloomington
Wisconsin,Blue Mounds
Wisconsin,Bonduel
Wisconsin,Boscobel
Wisconsin,Boulder Junction
Wisconsin,Bowler
Wisconsin,Boyceville
Wisconsin,Boyd
Wisconsin,Bradley
Wisconsin,Brandon
Wisconsin,Brantwood
Wisconsin,Briggsville
Wisconsin,Brillion
Wisconsin,Bristol
Wisconsin,Brodhead
Wisconsin,Brookfield
Wisconsin,Brooklyn
Wisconsin,Brown Deer
Wisconsin,Brownsville
Wisconsin,Browntown
Wisconsin,Bruce
Wisconsin,Brule
Wisconsin,Bryant
Wisconsin,Buffalo City
Wisconsin,Burlington
Wisconsin,Burnett
Wisconsin,Butte des Morts
Wisconsin,Butternut
Wisconsin,Cable
Wisconsin,Cadott
Wisconsin,Caledonia
Wisconsin,Cambria
Wisconsin,Cambridge
Wisconsin,Cameron
Wisconsin,Camp Douglas
Wisconsin,Campbellsport
Wisconsin,Caroline
Wisconsin,Cascade
Wisconsin,Casco
Wisconsin,Cassville
Wisconsin,Catawba
Wisconsin,Cato
Wisconsin,Cavour
Wisconsin,Cazenovia
Wisconsin,Cecil
Wisconsin,Cedar Grove
Wisconsin,Cedar Lake Township
Wisconsin,Cedarburg
Wisconsin,Centuria
Wisconsin,Chetek
Wisconsin,Chili
Wisconsin,Chilton
Wisconsin,Chippewa Falls
Wisconsin,Clam Lake
Wisconsin,Clayton
Wisconsin,Clear Lake
Wisconsin,Cleveland
Wisconsin,Clifton
Wisconsin,Clinton
Wisconsin,Clintonville
Wisconsin,Clyman
Wisconsin,Cobb
Wisconsin,Colby
Wisconsin,Coleman
Wisconsin,Colfax
Wisconsin,Colgate
Wisconsin,Collins
Wisconsin,Coloma
Wisconsin,Columbus
Wisconsin,Combined Locks
Wisconsin,Comstock
Wisconsin,Conover
Wisconsin,Cornell
Wisconsin,Corning
Wisconsin,Cornucopia
Wisconsin,Cottage Grove
Wisconsin,Crandon
Wisconsin,Crivitz
Wisconsin,Cross Plains
Wisconsin,Crystal Lake Township
Wisconsin,Cuba City
Wisconsin,Cudahy
Wisconsin,Cumberland
Wisconsin,Custer
Wisconsin,Cylon
Wisconsin,Dairyland
Wisconsin,Dale
Wisconsin,Dallas
Wisconsin,Dalton
Wisconsin,Danbury
Wisconsin,Dane
Wisconsin,Darien
Wisconsin,Darlington
Wisconsin,De Pere
Wisconsin,De Soto
Wisconsin,DeForest
Wisconsin,Deer Park
Wisconsin,Deerbrook
Wisconsin,Deerfield
Wisconsin,Delafield
Wisconsin,Delavan
Wisconsin,Delta
Wisconsin,Denmark
Wisconsin,Dewhurst Township
Wisconsin,Diamond Bluff
Wisconsin,Dickeyville
Wisconsin,Dodgeville
Wisconsin,Dorchester
Wisconsin,Dousman
Wisconsin,Doylestown
Wisconsin,Draper Township
Wisconsin,Dresser
Wisconsin,Drummond
Wisconsin,Dunbar
Wisconsin,Dunbar T Wi
Wisconsin,Durand
Wisconsin,Eagle
Wisconsin,Eagle Point
Wisconsin,Eagle River
Wisconsin,East Troy
Wisconsin,Eastman
Wisconsin,Eau Claire
Wisconsin,Eden
Wisconsin,Edgar
Wisconsin,Edgerton
Wisconsin,Edgewater
Wisconsin,Edgewater Township
Wisconsin,Egg Harbor
Wisconsin,Eland
Wisconsin,Elcho
Wisconsin,Eleva
Wisconsin,Elk Mound
Wisconsin,Elkhart Lake
Wisconsin,Elkhorn
Wisconsin,Ellison Bay
Wisconsin,Ellsworth
Wisconsin,Elm Grove
Wisconsin,Elmwood
Wisconsin,Elroy
Wisconsin,Embarrass
Wisconsin,Emerald
Wisconsin,Endeavor
Wisconsin,Ephraim
Wisconsin,Ettrick
Wisconsin,Eureka
Wisconsin,Evansville
Wisconsin,Exeland
Wisconsin,Fairchild
Wisconsin,Fairwater
Wisconsin,Fall Creek
Wisconsin,Fall River
Wisconsin,Farmington Township
Wisconsin,Fence
Wisconsin,Fennimore
Wisconsin,Ferryville
Wisconsin,Fifield
Wisconsin,Fish Creek
Wisconsin,Fitchburg
Wisconsin,Florence
Wisconsin,Florence T Wi
Wisconsin,Fond du Lac
Wisconsin,Fontana
Wisconsin,Footville
Wisconsin,Fort Atkinson
Wisconsin,Foster Township
Wisconsin,Fountain City
Wisconsin,Fox Lake
Wisconsin,Fox Point
Wisconsin,Foxboro
Wisconsin,Francis Creek
Wisconsin,Franklin
Wisconsin,Franksville
Wisconsin,Frederic
Wisconsin,Fredonia
Wisconsin,Fremont
Wisconsin,Friendship
Wisconsin,Galesville
Wisconsin,Gays Mills
Wisconsin,Genoa
Wisconsin,Genoa City
Wisconsin,Georgetown Township
Wisconsin,Germantown
Wisconsin,Gillett
Wisconsin,Gilman
Wisconsin,Gleason
Wisconsin,Glen Flora
Wisconsin,Glenbeulah
Wisconsin,Glendale
Wisconsin,Glenwood City
Wisconsin,Glidden
Wisconsin,Goodman
Wisconsin,Goodman T Wi
Wisconsin,Gordon
Wisconsin,Gotham
Wisconsin,Grafton
Wisconsin,Grand Chute
Wisconsin,Grand Marsh
Wisconsin,Grand View
Wisconsin,Granton
Wisconsin,Grantsburg
Wisconsin,Gratiot
Wisconsin,Green Bay
Wisconsin,Green Lake
Wisconsin,Greendale
Wisconsin,Greenfield
Wisconsin,Greenleaf
Wisconsin,Greenville
Wisconsin,Greenwood
Wisconsin,Gresham
Wisconsin,Hager City
Wisconsin,Hales Corners
Wisconsin,Hammond
Wisconsin,Hancock
Wisconsin,Harshaw
Wisconsin,Hartford
Wisconsin,Hartland
Wisconsin,Hatley
Wisconsin,Haugen
Wisconsin,Hawkins
Wisconsin,Hayward
Wisconsin,Hazel Green
Wisconsin,Hazelhurst
Wisconsin,Helenville
Wisconsin,Hewitt
Wisconsin,Highland
Wisconsin,Hilbert
Wisconsin,Hiles
Wisconsin,Hillpoint
Wisconsin,Hillsboro
Wisconsin,Hobart
Wisconsin,Holcombe
Wisconsin,Hollandale
Wisconsin,Holmen
Wisconsin,Horicon
Wisconsin,Hortonville
Wisconsin,Houlton
Wisconsin,Howard
Wisconsin,Howards Grove
Wisconsin,Hubertus
Wisconsin,Hudson
Wisconsin,Hurley
Wisconsin,Hurley C Wi
Wisconsin,Hustisford
Wisconsin,Independence
Wisconsin,Iola
Wisconsin,Irma
Wisconsin,Iron Ridge
Wisconsin,Iron River
Wisconsin,Ixonia
Wisconsin,Jackson
Wisconsin,Jacobs
Wisconsin,Janesville
Wisconsin,Jefferson
Wisconsin,Jim Falls
Wisconsin,Johnson Creek
Wisconsin,Johnstown Township
Wisconsin,Juda
Wisconsin,Junction City
Wisconsin,Juneau
Wisconsin,Kansasville
Wisconsin,Kaukauna
Wisconsin,Kendall
Wisconsin,Kennan
Wisconsin,Kenosha
Wisconsin,Keshena
Wisconsin,Kewaskum
Wisconsin,Kewaunee
Wisconsin,Kiel
Wisconsin,Kieler
Wisconsin,Kimberly
Wisconsin,Kingston
Wisconsin,Kinnickinnic
Wisconsin,Knapp
Wisconsin,Kohler
Wisconsin,Krakow
Wisconsin,Kronenwetter
Wisconsin,La Crosse
Wisconsin,La Farge
Wisconsin,La Pointe
Wisconsin,La Valle
Wisconsin,Lac du Flambeau
Wisconsin,Ladysmith
Wisconsin,Lake Geneva
Wisconsin,Lake Hallie
Wisconsin,Lake Mills
Wisconsin,Lake Nebagamon
Wisconsin,Lake Tomahawk
Wisconsin,Lakeland Township
Wisconsin,Lakewood
Wisconsin,Lancaster
Wisconsin,Land O Lakes
Wisconsin,Lannon
Wisconsin,Laona
Wisconsin,Larsen
Wisconsin,Lena
Wisconsin,Leopolis
Wisconsin,Lily
Wisconsin,Lincoln
Wisconsin,Lincoln Township
Wisconsin,Linden
Wisconsin,Lisbon
Wisconsin,Little Chute
Wisconsin,Little Suamico
Wisconsin,Livingston
Wisconsin,Lodi
Wisconsin,Loganville
Wisconsin,Lomira
Wisconsin,Lone Rock
Wisconsin,Lowell
Wisconsin,Loyal
Wisconsin,Lublin
Wisconsin,Luck
Wisconsin,Luxemburg
Wisconsin,Lyndon Station
Wisconsin,Lynxville
Wisconsin,Madison
Wisconsin,Maiden Rock
Wisconsin,Malone
Wisconsin,Manawa
Wisconsin,Manitowish Waters
Wisconsin,Manitowoc
Wisconsin,Maple Plain Township
Wisconsin,Marathon
Wisconsin,Marengo
Wisconsin,Maribel
Wisconsin,Marinette
Wisconsin,Marinette C Wi
Wisconsin,Marion
Wisconsin,Markesan
Wisconsin,Marquette
Wisconsin,Marshall
Wisconsin,Marshfield
Wisconsin,Martell
Wisconsin,Mason
Wisconsin,Mattoon
Wisconsin,Mauston
Wisconsin,Mayville
Wisconsin,Mazomanie
Wisconsin,McFarland
Wisconsin,Meadowbrook Township
Wisconsin,Medford
Wisconsin,Meenon Township
Wisconsin,Mellen
Wisconsin,Melrose
Wisconsin,Menasha
Wisconsin,Menomonee Falls
Wisconsin,Menomonie
Wisconsin,Mequon
Wisconsin,Mercer
Wisconsin,Merrill
Wisconsin,Merrillan
Wisconsin,Merrimac
Wisconsin,Middleton
Wisconsin,Milladore
Wisconsin,Milltown
Wisconsin,Milton
Wisconsin,Milwaukee
Wisconsin,Mindoro
Wisconsin,Mineral Point
Wisconsin,Minocqua
Wisconsin,Minong
Wisconsin,Mishicot
Wisconsin,Mondovi
Wisconsin,Monico
Wisconsin,Monona
Wisconsin,Monroe
Wisconsin,Montello
Wisconsin,Montfort
Wisconsin,Monticello
Wisconsin,Morrisonville
Wisconsin,Mosinee
Wisconsin,Mount Calvary
Wisconsin,Mount Horeb
Wisconsin,Mount Pleasant
Wisconsin,Mountain
Wisconsin,Mukwonago
Wisconsin,Muscoda
Wisconsin,Muskego
Wisconsin,N10948 Circle Dr
Wisconsin,N11360 Antigo Saint
Wisconsin,N2429 Highway 17
Wisconsin,N4579 Highway 55
Wisconsin,N4914 Cth
Wisconsin,N9824 White Birch Rd
Wisconsin,N9968 Hemlock Rd
Wisconsin,Nashotah
Wisconsin,Necedah
Wisconsin,Neenah
Wisconsin,Neillsville
Wisconsin,Nekoosa
Wisconsin,Neosho
Wisconsin,Neshkoro
Wisconsin,New Auburn
Wisconsin,New Berlin
Wisconsin,New Franken
Wisconsin,New Glarus
Wisconsin,New Holstein
Wisconsin,New Lisbon
Wisconsin,New London
Wisconsin,New Richmond
Wisconsin,Newald
Wisconsin,Newbold
Wisconsin,Newton
Wisconsin,Niagara
Wisconsin,Niagara C Wi
Wisconsin,Nichols
Wisconsin,North Fond du Lac
Wisconsin,North Freedom
Wisconsin,North Hudson
Wisconsin,North Prairie
Wisconsin,Northfield
Wisconsin,Norwalk
Wisconsin,Oak Creek
Wisconsin,Oak Grove
Wisconsin,Oakfield
Wisconsin,Oakland Township
Wisconsin,Oconomowoc
Wisconsin,Oconto
Wisconsin,Oconto Falls
Wisconsin,Ogdensburg
Wisconsin,Ogema
Wisconsin,Ojibwa
Wisconsin,Okauchee
Wisconsin,Omro
Wisconsin,Onalaska
Wisconsin,Oneida
Wisconsin,Oostburg
Wisconsin,Oregon
Wisconsin,Orfordville
Wisconsin,Osceola
Wisconsin,Oshkosh
Wisconsin,Osseo
Wisconsin,Owen
Wisconsin,Oxford
Wisconsin,Packwaukee
Wisconsin,Paddock Lake
Wisconsin,Palmyra
Wisconsin,Pardeeville
Wisconsin,Park Falls
Wisconsin,Patch Grove
Wisconsin,Pearson
Wisconsin,Peeksville
Wisconsin,Pelican Lake
Wisconsin,Pell Lake
Wisconsin,Pembine
Wisconsin,Pembine T Wi
Wisconsin,Pepin
Wisconsin,Peshtigo
Wisconsin,Peshtigo T Wi
Wisconsin,Pewaukee
Wisconsin,Phelps
Wisconsin,Phillips
Wisconsin,Pickerel
Wisconsin,Pickett
Wisconsin,Pine River
Wisconsin,Pittsville
Wisconsin,Plain
Wisconsin,Plainfield
Wisconsin,Platteville
Wisconsin,Pleasant Prairie
Wisconsin,Pleasant Valley
Wisconsin,Plover
Wisconsin,Plum City
Wisconsin,Plymouth
Wisconsin,Poplar
Wisconsin,Port Edwards
Wisconsin,Port Washington
Wisconsin,Portage
Wisconsin,Porterfield
Wisconsin,Porterfield T Wi
Wisconsin,Potosi
Wisconsin,Pound
Wisconsin,Poy Sippi
Wisconsin,Poynette
Wisconsin,Prairie du Chien
Wisconsin,Prairie du Sac
Wisconsin,Prentice
Wisconsin,Prescott
Wisconsin,Presque Isle
Wisconsin,Princeton
Wisconsin,Pulaski
Wisconsin,Racine
Wisconsin,Randolph
Wisconsin,Random Lake
Wisconsin,Readstown
Wisconsin,Redgranite
Wisconsin,Reedsburg
Wisconsin,Reedsville
Wisconsin,Reeseville
Wisconsin,Rhinelander
Wisconsin,Rib Lake
Wisconsin,Rice Lake
Wisconsin,Richfield
Wisconsin,Richland Center
Wisconsin,Richmond Township
Wisconsin,Ridgeway
Wisconsin,Ringle
Wisconsin,Rio
Wisconsin,Ripon
Wisconsin,River Falls
Wisconsin,River Hills
Wisconsin,Roberts
Wisconsin,Rock Springs
Wisconsin,Rockland
Wisconsin,Rosendale
Wisconsin,Rosholt
Wisconsin,Rothschild
Wisconsin,Rubicon
Wisconsin,Rudolph
Wisconsin,Rusk Township
Wisconsin,Saint Cloud
Wisconsin,Saint Croix Falls
Wisconsin,Saint Francis
Wisconsin,Saint Germain
Wisconsin,Saint Joseph
Wisconsin,Salem
Wisconsin,Salem Lakes
Wisconsin,Sampson Township
Wisconsin,Sand Lake Township
Wisconsin,Sarona
Wisconsin,Sauk City
Wisconsin,Saukville
Wisconsin,Scandinavia
Wisconsin,Schofield
Wisconsin,Seneca
Wisconsin,Seymour
Wisconsin,Sharon
Wisconsin,Shawano
Wisconsin,Sheboygan
Wisconsin,Sheboygan Falls
Wisconsin,Sheldon
Wisconsin,Shell Lake
Wisconsin,Sherwood
Wisconsin,Shiocton
Wisconsin,Shorewood
Wisconsin,Shullsburg
Wisconsin,Silver Cliff
Wisconsin,Silver Lake
Wisconsin,Siren
Wisconsin,Sister Bay
Wisconsin,Slinger
Wisconsin,Sobieski
Wisconsin,Soldiers Grove
Wisconsin,Solon Springs
Wisconsin,Somerset
Wisconsin,South Milwaukee
Wisconsin,South Range
Wisconsin,South Wayne
Wisconsin,Sparta
Wisconsin,Spencer
Wisconsin,Spooner
Wisconsin,Spring Green
Wisconsin,Spring Valley
Wisconsin,Springbrook
Wisconsin,Springfield
Wisconsin,Stanley
Wisconsin,Star Lake
Wisconsin,Star Prairie
Wisconsin,Sterling
Wisconsin,Stetsonville
Wisconsin,Stevens Point
Wisconsin,Stitzer
Wisconsin,Stockbridge
Wisconsin,Stockholm
Wisconsin,Stoddard
Wisconsin,Stone Lake
Wisconsin,Stoughton
Wisconsin,Stratford
Wisconsin,Strum
Wisconsin,Sturgeon Bay
Wisconsin,Sturtevant
Wisconsin,Suamico
Wisconsin,Sugar Camp
Wisconsin,Sullivan
Wisconsin,Summit
Wisconsin,Summit Lake
Wisconsin,Sun Prairie
Wisconsin,Superior
Wisconsin,Suring
Wisconsin,Sussex
Wisconsin,Taycheedah
Wisconsin,Theresa
Wisconsin,Thiensville
Wisconsin,Thorp
Wisconsin,Three Lakes
Wisconsin,Tigerton
Wisconsin,Tilleda
Wisconsin,Tipler
Wisconsin,Tomah
Wisconsin,Tomahawk
Wisconsin,Town of Liberty Grov
Wisconsin,Townsend
Wisconsin,Trego
Wisconsin,Trempealeau
Wisconsin,Trevor
Wisconsin,Trimbelle
Wisconsin,Tripoli
Wisconsin,Troy
Wisconsin,Turtle Lake
Wisconsin,Twin Lakes
Wisconsin,Two Rivers
Wisconsin,Union Grove
Wisconsin,Unity
Wisconsin,Upson
Wisconsin,Valders
Wisconsin,Van Dyne
Wisconsin,Vance Creek Township
Wisconsin,Verona
Wisconsin,Vesper
Wisconsin,Viola
Wisconsin,Viroqua
Wisconsin,W12561 Cth West
Wisconsin,W6941 Cth
Wisconsin,W8670 Silver Birch Rd
Wisconsin,Wabeno
Wisconsin,Waldo
Wisconsin,Wales
Wisconsin,Walworth
Wisconsin,Warren
Wisconsin,Warrens
Wisconsin,Washburn
Wisconsin,Washington
Wisconsin,Washington Island
Wisconsin,Waterford
Wisconsin,Waterloo
Wisconsin,Watertown
Wisconsin,Waubeck Township
Wisconsin,Waukesha
Wisconsin,Waunakee
Wisconsin,Waupaca
Wisconsin,Waupun
Wisconsin,Wausau
Wisconsin,Wausaukee
Wisconsin,Wausaukee T Wi
Wisconsin,Wautoma
Wisconsin,Wauwatosa
Wisconsin,Wauzeka
Wisconsin,Webb Lake
Wisconsin,Webster
Wisconsin,Weirgor Township
Wisconsin,West Allis
Wisconsin,West Bend
Wisconsin,West Milwaukee
Wisconsin,West Salem
Wisconsin,Westboro
Wisconsin,Westfield
Wisconsin,Westford
Wisconsin,Weston
Wisconsin,Weyauwega
Wisconsin,Weyerhaeuser
Wisconsin,Wheeler
Wisconsin,White Lake
Wisconsin,White River
Wisconsin,Whitefish Bay
Wisconsin,Whitehall
Wisconsin,Whitewater
Wisconsin,Wild Rose
Wisconsin,Williams Bay
Wisconsin,Wilmot
Wisconsin,Wilson
Wisconsin,Wilton
Wisconsin,Winchester
Wisconsin,Wind Lake
Wisconsin,Wind Point
Wisconsin,Windsor
Wisconsin,Winneconne
Wisconsin,Winter
Wisconsin,Wisconsin Dells
Wisconsin,Wisconsin Rapids
Wisconsin,Withee
Wisconsin,Wittenberg
Wisconsin,Wonewoc
Wisconsin,Woodland
Wisconsin,Woodruff
Wisconsin,Woodville
Wisconsin,Wrightstown
Wyoming,Afton
Wyoming,Alpine
Wyoming,Alta
Wyoming,Arminto
Wyoming,Arvada
Wyoming,Auburn
Wyoming,Baggs
Wyoming,Bairoil
Wyoming,Basin
Wyoming,Big Piney
Wyoming,Boulder
Wyoming,Buffalo
Wyoming,Burlington
Wyoming,Burns
Wyoming,Byron
Wyoming,Carlile
Wyoming,Carpenter
Wyoming,Casper
Wyoming,Centennial
Wyoming,Cheyenne
Wyoming,Chugwater
Wyoming,Clark
Wyoming,Cody
Wyoming,Cokeville
Wyoming,Crowheart
Wyoming,Daniel
Wyoming,Dayton
Wyoming,Douglas
Wyoming,Dubois
Wyoming,Egbert
Wyoming,Emblem
Wyoming,Encampment
Wyoming,Etna
Wyoming,Evanston
Wyoming,Evansville
Wyoming,Fairview
Wyoming,Fort Bridger
Wyoming,Fort Laramie
Wyoming,Frannie
Wyoming,Freedom
Wyoming,Gillette
Wyoming,Glendo
Wyoming,Glenrock
Wyoming,Granite Canon
Wyoming,Green River
Wyoming,Greybull
Wyoming,Grover
Wyoming,Guernsey
Wyoming,Hanna
Wyoming,Hulett
Wyoming,Jackson
Wyoming,Kaycee
Wyoming,Kemmerer
Wyoming,Kinnear
Wyoming,La Barge
Wyoming,Lander
Wyoming,Laramie
Wyoming,Lovell
Wyoming,Lusk
Wyoming,Lyman
Wyoming,Lysite
Wyoming,Marbleton
Wyoming,Medicine Bow
Wyoming,Meeteetse
Wyoming,Merna
Wyoming,Mills
Wyoming,Moorcroft
Wyoming,Mountain View
Wyoming,Newcastle
Wyoming,Otto
Wyoming,Parkman
Wyoming,Pavillion
Wyoming,Pine Bluffs
Wyoming,Pine Haven
Wyoming,Pinedale
Wyoming,Powell
Wyoming,Ranchester
Wyoming,Rawlins
Wyoming,Riverside
Wyoming,Riverton
Wyoming,Rock Springs
Wyoming,Rolling Hills
Wyoming,Rozet
Wyoming,Saratoga
Wyoming,Sheridan
Wyoming,Shoshoni
Wyoming,Sinclair
Wyoming,Star Valley Ranch
Wyoming,Story
Wyoming,Sundance
Wyoming,Ten Sleep
Wyoming,Thayne
Wyoming,Thermopolis
Wyoming,Torrington
Wyoming,Upton
Wyoming,Wheatland
Wyoming,Wilson
Wyoming,Worland
Wyoming,Wright
Wyoming,Yoder
